shipment_id,supplier,product,distance_km,order_quantity,supplier_reliability,historical_delay_rate,lead_time_days,inventory_level,supplier_capacity,shipping_cost,weather_risk,demand_forecast,delay
SHP00001,Supplier_C,Batteries,805,972,0.77,0.33,14,1208,5552,3109.13,0.27,660,1
SHP00002,Supplier_D,Sensors,1120,601,0.93,0.05,5,287,4501,10443.46,0.56,2301,0
SHP00003,Supplier_A,Processors,2163,242,0.87,0.13,16,1545,3077,5077.64,0.39,1638,1
SHP00004,Supplier_C,Batteries,1546,1712,0.77,0.18,7,1099,9526,17613.17,0.17,2967,1
SHP00005,Supplier_C,Microchips,3764,338,0.84,0.24,2,236,5755,3879.2,0.07,2531,1
SHP00006,Supplier_D,Sensors,3087,632,0.82,0.18,10,1955,3615,892.39,0.56,903,1
SHP00007,Supplier_A,Processors,3702,1722,0.95,0.32,13,679,6356,9227.49,0.1,780,0
SHP00008,Supplier_A,Microchips,3785,1217,0.71,0.22,26,1782,5172,19730.18,0.72,278,1
SHP00009,Supplier_C,Microchips,3468,1462,0.96,0.03,24,864,1932,12860.51,0.92,714,1
SHP00010,Supplier_B,Microchips,3681,1939,0.89,0.06,12,663,1635,7403.58,0.16,1854,0
SHP00011,Supplier_C,Microchips,2862,1965,0.91,0.27,14,2989,7683,828.93,0.47,146,1
SHP00012,Supplier_C,Batteries,4137,1480,0.7,0.26,2,1236,6773,9956.49,0.74,2705,1
SHP00013,Supplier_C,Batteries,672,1884,0.88,0.07,20,2275,4229,4526.09,0.29,2330,0
SHP00014,Supplier_C,Batteries,4188,1443,0.87,0.04,29,1034,2190,13131.2,0.92,2501,1
SHP00015,Supplier_D,Processors,714,906,0.86,0.21,22,2377,6508,11868.67,0.89,2634,0
SHP00016,Supplier_A,Processors,4150,1514,0.93,0.23,5,847,1011,5671.67,0.1,315,1
SHP00017,Supplier_D,Processors,425,830,0.86,0.06,6,1127,9060,1843.21,0.03,1546,0
SHP00018,Supplier_D,Displays,3840,945,0.95,0.18,24,116,1448,15222.87,0.98,1769,1
SHP00019,Supplier_D,Processors,458,969,0.77,0.12,26,593,8661,11916.55,0.96,2999,1
SHP00020,Supplier_C,Batteries,3877,1724,0.93,0.33,18,1836,3496,16921.46,0.42,2976,1
SHP00021,Supplier_B,Batteries,2471,613,0.75,0.09,6,569,6885,5566.1,0.05,1108,1
SHP00022,Supplier_A,Displays,1821,1602,0.94,0.26,20,2596,1426,13230.81,0.62,1336,0
SHP00023,Supplier_B,Displays,1449,1750,0.97,0.19,4,995,8099,2814.27,0.29,1107,0
SHP00024,Supplier_D,Processors,3796,62,0.8,0.02,12,1504,4169,6190.29,0.94,833,0
SHP00025,Supplier_D,Sensors,3996,1775,0.85,0.19,3,2824,1446,13302.51,0.79,2468,1
SHP00026,Supplier_B,Displays,4360,1036,0.89,0.05,23,1108,3250,16598.84,0.65,2238,0
SHP00027,Supplier_B,Microchips,1696,389,0.72,0.24,15,2286,8111,6758.05,0.28,414,1
SHP00028,Supplier_B,Batteries,1727,914,0.84,0.21,7,1162,3681,16077.64,0.7,2259,1
SHP00029,Supplier_D,Microchips,2602,1947,0.8,0.02,20,996,2401,13716.17,0.29,473,1
SHP00030,Supplier_D,Batteries,3908,1937,0.95,0.09,2,185,4407,7299.16,0.04,1386,0
SHP00031,Supplier_A,Batteries,292,1849,0.95,0.28,8,2643,7761,17589.74,0.51,467,0
SHP00032,Supplier_A,Displays,2774,361,0.9,0.11,3,842,2043,10429.97,0.49,477,0
SHP00033,Supplier_D,Displays,3945,782,0.89,0.18,25,1186,6363,13140.81,0.76,928,0
SHP00034,Supplier_B,Microchips,2677,1177,0.91,0.12,20,1412,1391,10164.81,0.87,924,1
SHP00035,Supplier_B,Batteries,191,388,0.81,0.32,2,604,5819,9328.04,0.35,773,0
SHP00036,Supplier_A,Microchips,4334,1271,0.82,0.2,27,2991,7879,17035.57,0.45,1719,1
SHP00037,Supplier_D,Sensors,580,349,0.86,0.25,10,995,6984,6246.74,0.47,2704,1
SHP00038,Supplier_A,Microchips,3016,1517,0.97,0.05,22,2622,2285,1214.27,0.32,1394,0
SHP00039,Supplier_A,Processors,4535,408,0.91,0.03,18,2271,7363,17655.76,0.74,2642,1
SHP00040,Supplier_C,Microchips,1175,1441,0.86,0.11,11,2734,6127,16587.97,0.52,2869,0
SHP00041,Supplier_C,Processors,2613,218,0.92,0.12,28,2304,7589,7647.93,0.91,2833,1
SHP00042,Supplier_C,Processors,898,1222,0.81,0.25,7,1416,9833,4116.3,0.65,2394,0
SHP00043,Supplier_B,Processors,4670,810,0.91,0.21,27,998,5037,13672.91,0.21,273,0
SHP00044,Supplier_D,Sensors,4049,817,0.82,0.14,4,153,7854,2035.84,0.16,135,1
SHP00045,Supplier_D,Microchips,704,1031,0.78,0.24,28,1096,4249,8763.22,0.37,401,1
SHP00046,Supplier_D,Microchips,3079,91,0.88,0.07,21,1910,2543,2174.32,0.35,985,1
SHP00047,Supplier_D,Sensors,697,251,0.9,0.04,25,2387,1791,12159.24,0.41,2180,1
SHP00048,Supplier_C,Batteries,1632,1019,0.83,0.3,16,2664,9628,1030.56,0.18,2529,1
SHP00049,Supplier_B,Displays,613,1317,0.86,0.21,22,1013,6170,12770.15,0.98,2001,1
SHP00050,Supplier_B,Microchips,1977,1742,0.9,0.23,29,887,7043,13627.51,0.15,2571,1
SHP00051,Supplier_C,Displays,4072,513,0.92,0.12,23,2508,7098,9999.32,0.65,1806,1
SHP00052,Supplier_B,Sensors,3943,498,0.96,0.14,27,1632,8448,3912.64,0.01,1802,1
SHP00053,Supplier_C,Batteries,1799,962,0.8,0.05,21,931,8211,2477.18,0.41,2873,0
SHP00054,Supplier_D,Batteries,1129,847,0.98,0.3,7,2983,5782,6609.2,0.31,792,1
SHP00055,Supplier_C,Batteries,4695,843,0.88,0.22,4,473,8798,9571.53,0.38,694,0
SHP00056,Supplier_D,Sensors,816,486,0.93,0.05,11,2252,4959,13023.06,0.5,2562,0
SHP00057,Supplier_D,Processors,4186,1966,0.9,0.29,13,2248,5364,524.38,0.6,973,1
SHP00058,Supplier_A,Processors,765,1823,0.76,0.17,2,261,2716,14365.75,0.58,418,1
SHP00059,Supplier_C,Displays,2308,580,0.72,0.27,23,1265,4636,14397.88,0.63,857,0
SHP00060,Supplier_A,Processors,1179,614,0.91,0.02,17,930,8870,9168.49,0.84,1557,1
SHP00061,Supplier_C,Processors,327,1670,0.85,0.03,18,804,8361,7196.43,0.89,2206,0
SHP00062,Supplier_C,Batteries,248,1346,0.9,0.08,11,1171,6671,16925.02,0.74,276,0
SHP00063,Supplier_A,Batteries,1169,1503,0.84,0.09,13,2638,9380,15799.46,0.08,1665,0
SHP00064,Supplier_A,Displays,4827,921,0.79,0.27,20,750,6726,19673.88,0.96,408,0
SHP00065,Supplier_C,Microchips,1463,262,0.78,0.25,29,2269,8557,7752.65,0.95,253,0
SHP00066,Supplier_B,Displays,4608,998,0.91,0.22,9,420,8782,18183.24,0.71,1066,0
SHP00067,Supplier_D,Displays,1855,1946,0.78,0.31,24,1782,3718,2204.34,0.52,2131,1
SHP00068,Supplier_A,Sensors,619,1177,0.91,0.1,9,1213,3405,8523.59,0.25,1263,1
SHP00069,Supplier_D,Sensors,3644,241,0.81,0.32,11,962,8887,9574.8,0.76,2916,1
SHP00070,Supplier_B,Displays,2422,1762,0.92,0.32,11,1878,9003,9097.05,0.88,484,1
SHP00071,Supplier_B,Displays,1202,1732,0.74,0.16,19,851,8718,12689.41,0.67,2895,1
SHP00072,Supplier_B,Displays,697,1453,0.76,0.05,11,2353,9532,3819.05,0.63,723,0
SHP00073,Supplier_A,Processors,3373,1154,0.9,0.26,8,1039,3881,17395.82,0.19,1156,1
SHP00074,Supplier_B,Sensors,4149,754,0.86,0.13,5,725,7710,11259.4,0.36,1831,1
SHP00075,Supplier_A,Displays,2705,598,0.76,0.28,2,2961,1643,18132.09,0.72,1769,0
SHP00076,Supplier_B,Batteries,2288,1450,0.96,0.07,12,465,1020,551.32,0.02,1559,0
SHP00077,Supplier_D,Batteries,4925,1911,0.78,0.2,20,2426,1677,12784.77,0.64,2022,1
SHP00078,Supplier_D,Processors,688,203,0.82,0.19,6,1212,3650,8542.93,0.77,1970,1
SHP00079,Supplier_C,Processors,4572,1715,0.76,0.05,27,1011,4469,10349.43,0.33,105,1
SHP00080,Supplier_D,Microchips,1507,620,0.81,0.14,9,2921,8886,15004.19,0.08,1928,0
SHP00081,Supplier_C,Microchips,4946,1809,0.84,0.05,3,1670,5183,4929.46,0.82,790,0
SHP00082,Supplier_D,Microchips,4822,1834,0.79,0.17,3,1585,8086,4495.54,0.14,2942,0
SHP00083,Supplier_A,Processors,3490,289,0.92,0.3,25,298,8377,14208.65,0.37,1741,1
SHP00084,Supplier_D,Processors,3540,423,0.81,0.11,15,1936,6684,10666.63,0.71,1960,1
SHP00085,Supplier_C,Processors,1729,1974,0.91,0.27,10,2842,3687,5055.96,0.82,1354,0
SHP00086,Supplier_C,Batteries,1094,854,0.76,0.08,11,2405,7596,9938.36,0.86,1524,0
SHP00087,Supplier_B,Processors,4898,848,0.81,0.24,14,622,2416,9461.39,0.53,2874,0
SHP00088,Supplier_A,Batteries,2159,1277,0.7,0.32,2,1858,5405,13983.17,0.48,884,0
SHP00089,Supplier_D,Microchips,4672,660,0.92,0.13,15,847,8074,551.89,0.85,716,0
SHP00090,Supplier_B,Microchips,3086,1423,0.88,0.32,3,1050,1491,11941.83,0.56,985,1
SHP00091,Supplier_D,Microchips,500,737,0.94,0.19,5,810,1759,12310.72,0.58,2170,0
SHP00092,Supplier_D,Displays,2955,823,0.83,0.12,29,342,4501,15037.45,0.43,2954,0
SHP00093,Supplier_B,Displays,2324,1856,0.93,0.32,20,2507,9192,17839.99,0.37,260,1
SHP00094,Supplier_B,Sensors,3512,192,0.89,0.03,2,247,3088,9083.7,0.48,1317,0
SHP00095,Supplier_B,Sensors,156,1262,0.7,0.03,5,129,4656,7179.14,0.36,2413,0
SHP00096,Supplier_B,Sensors,1975,321,0.77,0.22,12,1458,5767,2495.25,0.34,182,1
SHP00097,Supplier_B,Displays,4643,1605,0.84,0.28,14,186,1211,7068.3,0.99,267,1
SHP00098,Supplier_D,Displays,4398,1918,0.88,0.27,28,262,8975,1835.45,0.34,2802,1
SHP00099,Supplier_B,Sensors,3868,1373,0.72,0.05,19,1912,4722,16154.99,0.26,2702,1
SHP00100,Supplier_A,Sensors,4933,475,0.9,0.33,11,668,1303,16236.62,0.35,443,1
SHP00101,Supplier_C,Processors,4397,95,0.86,0.25,6,1009,5786,8636.13,0.59,111,0
SHP00102,Supplier_B,Sensors,1453,144,0.85,0.33,2,2263,4772,5563.0,0.91,1653,1
SHP00103,Supplier_B,Processors,2510,113,0.78,0.13,15,2527,2781,2801.39,0.79,549,1
SHP00104,Supplier_D,Batteries,4411,462,0.87,0.25,17,2218,4225,17099.12,0.84,673,1
SHP00105,Supplier_B,Displays,2702,1716,0.71,0.3,25,2428,9999,17611.16,0.86,1824,1
SHP00106,Supplier_B,Sensors,3034,1082,0.72,0.15,27,1772,7739,5692.65,0.92,2738,1
SHP00107,Supplier_B,Displays,122,508,0.91,0.34,19,1211,8273,12624.33,0.24,2637,1
SHP00108,Supplier_D,Displays,2302,1788,0.79,0.11,28,1939,5203,5543.75,0.46,1290,0
SHP00109,Supplier_B,Displays,1309,1482,0.8,0.12,4,2090,2353,4889.97,0.39,2809,1
SHP00110,Supplier_C,Batteries,2396,519,0.76,0.32,4,1603,9371,913.56,0.38,564,0
SHP00111,Supplier_D,Microchips,848,859,0.83,0.34,5,1149,7274,11754.61,0.65,1858,1
SHP00112,Supplier_C,Sensors,904,555,0.72,0.11,8,2717,2830,3423.86,0.4,2764,0
SHP00113,Supplier_D,Microchips,233,1759,0.79,0.07,14,1738,5698,741.24,0.62,1889,1
SHP00114,Supplier_B,Microchips,4516,1146,0.85,0.27,10,86,5002,2544.6,0.38,106,1
SHP00115,Supplier_C,Microchips,2537,133,0.84,0.33,4,894,3800,6618.5,0.31,2949,0
SHP00116,Supplier_D,Displays,533,108,0.99,0.22,18,1731,7902,13548.68,0.35,1318,1
SHP00117,Supplier_A,Processors,3771,1094,0.81,0.23,16,2894,5263,4451.15,0.8,418,0
SHP00118,Supplier_B,Displays,3836,1531,0.81,0.27,28,1693,1222,17808.02,0.6,2277,1
SHP00119,Supplier_D,Displays,4139,967,0.85,0.07,11,2383,3237,6125.52,0.97,2256,1
SHP00120,Supplier_A,Microchips,2198,206,0.76,0.34,16,1313,3578,6958.91,0.83,2366,0
SHP00121,Supplier_D,Displays,3017,1904,0.95,0.14,2,2984,2778,4750.56,0.49,2653,1
SHP00122,Supplier_A,Microchips,352,1402,0.87,0.23,29,2317,1620,5449.2,0.24,528,1
SHP00123,Supplier_B,Processors,4934,1646,0.76,0.17,28,2093,5054,1945.63,0.67,1954,1
SHP00124,Supplier_C,Sensors,1229,625,0.93,0.17,23,265,8466,6248.03,0.73,2789,1
SHP00125,Supplier_A,Microchips,3364,886,0.71,0.25,22,730,6430,17262.54,0.46,343,0
SHP00126,Supplier_D,Processors,401,729,0.98,0.35,11,2390,7379,13924.28,0.23,2585,0
SHP00127,Supplier_B,Sensors,2077,252,0.95,0.24,8,1862,5263,17567.73,0.56,406,0
SHP00128,Supplier_A,Batteries,2863,1714,0.87,0.28,8,1557,3240,2544.75,0.25,1932,1
SHP00129,Supplier_D,Microchips,4105,1830,0.73,0.03,4,2140,9043,9384.52,0.94,1000,1
SHP00130,Supplier_D,Microchips,3341,1179,0.76,0.29,8,1166,2362,4970.47,0.63,1720,1
SHP00131,Supplier_D,Batteries,3157,1906,0.78,0.12,10,1342,3240,14563.7,0.29,2556,1
SHP00132,Supplier_A,Batteries,650,1195,0.77,0.06,9,1694,6521,19419.64,0.22,848,0
SHP00133,Supplier_A,Microchips,1687,367,0.84,0.06,4,2790,7535,16399.51,0.72,2148,0
SHP00134,Supplier_A,Batteries,1922,1255,0.97,0.24,27,1288,7744,1187.92,0.71,876,1
SHP00135,Supplier_C,Displays,3317,1688,0.83,0.35,6,1008,9284,6674.86,0.6,293,0
SHP00136,Supplier_A,Sensors,3596,1389,0.89,0.24,14,2211,2238,1057.3,0.61,1992,1
SHP00137,Supplier_A,Sensors,4509,1887,0.9,0.11,14,1198,7492,1283.26,0.6,2269,1
SHP00138,Supplier_A,Sensors,4379,1846,0.95,0.09,9,2334,5608,2050.55,0.36,2511,0
SHP00139,Supplier_C,Displays,812,1698,0.71,0.19,19,2750,8502,5888.38,0.94,1127,1
SHP00140,Supplier_A,Batteries,2275,455,0.82,0.04,8,1878,4470,6431.95,0.48,248,0
SHP00141,Supplier_D,Processors,4172,1035,0.93,0.15,28,207,5201,8308.84,0.02,2941,0
SHP00142,Supplier_A,Batteries,3949,998,0.94,0.24,11,957,6351,8396.16,0.35,1240,1
SHP00143,Supplier_D,Microchips,2533,1143,0.97,0.34,11,1578,6413,15542.48,0.13,2993,0
SHP00144,Supplier_D,Sensors,3401,1233,0.9,0.16,24,2950,8432,3257.36,0.36,337,1
SHP00145,Supplier_D,Batteries,370,1313,0.77,0.09,12,1190,6971,3575.94,0.61,1261,0
SHP00146,Supplier_C,Processors,1894,1596,0.85,0.29,13,2983,8437,12718.49,0.02,829,0
SHP00147,Supplier_C,Microchips,2562,1211,0.71,0.27,14,1609,4901,11648.97,0.87,557,1
SHP00148,Supplier_C,Displays,4393,544,0.89,0.3,9,2157,4628,3503.09,0.61,2632,1
SHP00149,Supplier_A,Displays,3494,728,0.86,0.09,18,2498,2768,17119.16,0.3,2142,1
SHP00150,Supplier_D,Processors,1179,1320,0.89,0.15,25,1947,6352,6916.66,0.31,1854,1
SHP00151,Supplier_C,Microchips,2978,1939,0.97,0.34,15,877,3901,7655.86,0.47,2996,0
SHP00152,Supplier_C,Sensors,4823,1616,0.9,0.07,18,1850,2541,8698.97,0.25,813,1
SHP00153,Supplier_A,Batteries,703,1597,0.79,0.24,20,1253,3091,6792.69,0.0,1710,1
SHP00154,Supplier_C,Microchips,1685,1316,0.76,0.1,17,2573,8742,11370.37,0.03,443,0
SHP00155,Supplier_A,Displays,3157,1693,0.95,0.19,10,2752,9283,8078.63,0.36,1462,0
SHP00156,Supplier_B,Processors,4085,1409,0.76,0.28,21,894,5854,5558.98,0.12,2383,1
SHP00157,Supplier_C,Processors,4789,1495,0.75,0.18,11,1318,9922,18137.26,0.02,1587,1
SHP00158,Supplier_B,Batteries,1495,884,0.76,0.29,10,687,6049,6512.84,0.86,762,0
SHP00159,Supplier_A,Processors,3788,243,0.85,0.16,2,698,6557,14120.53,0.27,2523,0
SHP00160,Supplier_D,Processors,699,357,0.74,0.35,25,2310,5432,7270.92,0.5,345,1
SHP00161,Supplier_C,Microchips,613,1718,0.97,0.16,4,1679,9891,8986.79,0.18,1377,1
SHP00162,Supplier_A,Sensors,1166,1980,0.98,0.07,12,1039,8987,5100.9,0.05,2713,0
SHP00163,Supplier_D,Batteries,2986,555,0.98,0.15,8,853,6020,15170.43,0.74,2846,0
SHP00164,Supplier_D,Microchips,2753,330,0.71,0.27,19,177,4014,14875.46,0.12,2428,1
SHP00165,Supplier_B,Sensors,1188,1876,0.97,0.3,14,1001,7248,933.68,0.03,2214,0
SHP00166,Supplier_A,Microchips,4485,724,0.99,0.17,24,2314,3016,1673.78,0.59,1656,1
SHP00167,Supplier_D,Microchips,4964,1863,0.97,0.22,24,2808,1977,18486.34,0.01,1657,1
SHP00168,Supplier_C,Processors,2614,982,0.89,0.3,26,69,5210,17832.12,0.44,2322,0
SHP00169,Supplier_C,Sensors,4069,1512,0.9,0.29,19,1831,8034,10368.7,0.29,1314,0
SHP00170,Supplier_B,Batteries,3384,764,0.74,0.24,17,724,2258,10120.47,0.32,2432,0
SHP00171,Supplier_D,Batteries,4666,657,0.95,0.29,25,2811,2297,16342.27,0.0,404,1
SHP00172,Supplier_A,Sensors,2296,532,0.72,0.21,17,788,8397,3199.78,0.96,892,1
SHP00173,Supplier_C,Processors,4283,1296,0.79,0.02,22,606,7872,13247.13,0.52,506,0
SHP00174,Supplier_D,Displays,889,1822,0.99,0.03,11,2294,5129,9781.67,0.57,431,0
SHP00175,Supplier_D,Microchips,3575,166,0.82,0.34,10,2775,2732,14994.96,0.67,2452,0
SHP00176,Supplier_B,Processors,3253,1017,0.74,0.07,9,553,3942,1087.0,0.8,2137,0
SHP00177,Supplier_C,Sensors,1764,241,0.98,0.15,20,1320,1448,12058.15,0.61,1896,0
SHP00178,Supplier_C,Microchips,1409,837,0.99,0.33,4,787,5500,11356.2,0.76,2816,0
SHP00179,Supplier_A,Batteries,964,667,0.75,0.08,28,841,9524,16896.54,0.45,2920,1
SHP00180,Supplier_C,Displays,3963,565,0.95,0.3,29,1420,7133,13698.31,0.37,650,0
SHP00181,Supplier_A,Batteries,3463,1603,0.81,0.29,27,246,1165,17663.13,0.82,1460,1
SHP00182,Supplier_C,Sensors,3624,356,0.81,0.35,25,1180,5832,17801.83,0.87,1153,1
SHP00183,Supplier_B,Microchips,3886,581,0.78,0.11,10,2878,3774,8459.2,0.14,539,1
SHP00184,Supplier_C,Sensors,123,171,0.71,0.12,3,793,6020,3179.97,0.54,357,0
SHP00185,Supplier_A,Microchips,3103,698,0.78,0.32,20,1686,8748,12790.53,0.68,882,1
SHP00186,Supplier_A,Processors,410,641,0.72,0.1,9,1233,5744,17538.05,0.08,2710,0
SHP00187,Supplier_B,Displays,1331,1227,0.97,0.2,19,2519,1446,1961.59,0.93,1914,0
SHP00188,Supplier_C,Processors,3888,919,0.89,0.25,9,1680,1096,11379.5,0.52,333,0
SHP00189,Supplier_C,Processors,2811,1610,0.96,0.11,6,2001,3426,2742.49,0.65,2173,0
SHP00190,Supplier_B,Sensors,4901,1525,0.91,0.33,7,2088,4257,1026.42,0.18,2670,1
SHP00191,Supplier_C,Displays,521,1242,0.74,0.24,11,1386,5726,13752.89,0.26,2531,0
SHP00192,Supplier_C,Microchips,1873,108,0.97,0.04,16,2529,7851,13796.07,0.12,492,0
SHP00193,Supplier_A,Microchips,3668,350,0.96,0.06,29,975,9694,12212.83,0.26,561,0
SHP00194,Supplier_C,Batteries,1046,602,0.8,0.08,5,284,9189,17254.84,0.49,1851,0
SHP00195,Supplier_C,Microchips,1286,1623,0.73,0.1,4,2424,9256,2077.09,0.83,938,0
SHP00196,Supplier_B,Sensors,1934,1190,0.9,0.26,25,528,7740,2552.58,0.53,2884,1
SHP00197,Supplier_B,Processors,1664,1860,0.91,0.05,10,2525,7714,17358.44,0.24,209,0
SHP00198,Supplier_D,Processors,2047,1855,0.96,0.14,17,715,1661,10313.9,0.04,1598,1
SHP00199,Supplier_A,Processors,1408,1200,0.72,0.32,17,1173,9672,5824.53,0.62,1451,1
SHP00200,Supplier_C,Displays,3086,1478,0.74,0.2,16,2955,7879,14894.06,0.42,305,1
SHP00201,Supplier_C,Microchips,486,448,0.87,0.11,25,1437,5662,17940.87,0.98,1194,1
SHP00202,Supplier_D,Sensors,1261,564,0.88,0.34,10,691,8815,13947.26,0.78,309,1
SHP00203,Supplier_C,Displays,3358,854,0.71,0.1,18,2908,4261,15942.69,0.81,284,1
SHP00204,Supplier_A,Batteries,4911,1958,0.82,0.32,22,1566,1405,6008.7,0.01,2749,1
SHP00205,Supplier_D,Sensors,4033,547,0.87,0.26,13,624,5860,6131.12,0.78,2906,1
SHP00206,Supplier_A,Sensors,2947,991,0.91,0.26,24,1771,4560,17350.42,0.19,1506,1
SHP00207,Supplier_D,Sensors,4621,577,0.79,0.27,9,1068,8856,12489.83,0.59,2892,1
SHP00208,Supplier_D,Processors,1539,447,0.84,0.19,15,1377,7690,5066.17,0.45,990,0
SHP00209,Supplier_B,Sensors,3542,1338,0.94,0.29,28,2900,6331,10721.16,0.57,498,0
SHP00210,Supplier_A,Microchips,4580,1824,0.98,0.3,19,449,4440,13874.28,0.13,2692,1
SHP00211,Supplier_C,Sensors,155,1336,0.77,0.14,13,644,1741,4761.71,0.46,1782,1
SHP00212,Supplier_C,Processors,3424,1471,0.77,0.15,28,1506,8181,13270.67,0.04,2829,1
SHP00213,Supplier_A,Sensors,205,1719,0.97,0.31,15,1645,8731,1321.82,0.04,1077,0
SHP00214,Supplier_C,Batteries,3301,1798,0.81,0.19,21,166,3921,6421.99,0.66,413,1
SHP00215,Supplier_C,Batteries,769,1600,0.91,0.31,24,432,8374,13642.45,0.95,327,0
SHP00216,Supplier_A,Processors,4571,485,0.88,0.23,6,908,8023,3412.31,0.78,2805,1
SHP00217,Supplier_D,Microchips,842,889,0.78,0.22,2,2179,6561,4832.88,0.47,1269,0
SHP00218,Supplier_A,Microchips,1066,409,0.89,0.03,14,1900,6634,17642.32,0.06,2839,0
SHP00219,Supplier_D,Displays,407,1202,0.89,0.11,15,881,1910,13649.26,0.05,2447,0
SHP00220,Supplier_C,Processors,2238,913,0.87,0.19,3,922,5702,10228.91,0.16,1026,0
SHP00221,Supplier_C,Sensors,3564,683,0.73,0.21,17,2750,2418,4612.42,0.98,2889,1
SHP00222,Supplier_C,Processors,4997,1314,0.99,0.23,6,2831,6798,7157.49,0.4,2208,0
SHP00223,Supplier_B,Displays,209,1700,0.82,0.26,23,2167,8698,11699.44,0.84,2455,0
SHP00224,Supplier_D,Processors,3732,1782,0.89,0.24,2,436,5038,3528.6,0.71,1946,1
SHP00225,Supplier_B,Processors,4535,1295,0.96,0.3,13,2056,4445,9894.01,0.61,636,1
SHP00226,Supplier_B,Displays,2015,263,0.82,0.12,20,2621,1131,8475.0,0.95,174,1
SHP00227,Supplier_A,Microchips,4363,965,0.92,0.23,23,346,6862,9795.4,0.23,1776,0
SHP00228,Supplier_B,Sensors,656,641,0.98,0.04,23,2714,1152,2558.44,0.45,1541,1
SHP00229,Supplier_A,Displays,204,1848,0.8,0.18,24,768,3478,2576.69,0.86,1726,1
SHP00230,Supplier_A,Batteries,2147,184,0.82,0.11,11,1648,9674,19300.16,0.55,1699,0
SHP00231,Supplier_B,Microchips,245,1891,0.96,0.15,13,2275,7116,19597.67,0.25,2741,0
SHP00232,Supplier_D,Batteries,2863,803,0.75,0.14,20,2016,1304,8810.21,0.21,708,0
SHP00233,Supplier_D,Microchips,973,435,0.71,0.04,17,1232,3519,15885.41,0.75,711,0
SHP00234,Supplier_D,Sensors,398,1376,0.96,0.17,18,60,7112,13287.93,0.01,1120,0
SHP00235,Supplier_D,Sensors,3338,1855,0.94,0.35,14,834,1992,2779.88,0.91,884,0
SHP00236,Supplier_D,Processors,745,1360,0.98,0.12,8,460,6647,6285.23,0.02,340,0
SHP00237,Supplier_B,Batteries,4833,1635,0.72,0.26,29,2989,8597,6616.2,0.63,2152,1
SHP00238,Supplier_B,Microchips,3178,1262,0.75,0.2,28,2704,9906,12117.6,0.6,1338,1
SHP00239,Supplier_C,Sensors,2611,1370,0.73,0.13,4,2252,2709,11809.55,0.58,1702,0
SHP00240,Supplier_D,Displays,883,1599,0.9,0.05,6,1279,9018,18508.42,0.47,2634,0
SHP00241,Supplier_B,Sensors,470,438,0.88,0.09,5,648,1470,15905.71,0.85,2504,0
SHP00242,Supplier_C,Displays,586,1532,0.8,0.28,29,873,4465,17208.53,0.66,493,1
SHP00243,Supplier_D,Microchips,2137,793,0.72,0.11,16,2447,9932,17878.96,0.78,1514,0
SHP00244,Supplier_A,Sensors,3296,1334,0.89,0.07,18,1171,4566,16124.9,0.12,468,1
SHP00245,Supplier_C,Sensors,1460,753,0.87,0.13,13,68,9704,6991.18,0.05,2176,1
SHP00246,Supplier_B,Microchips,4387,974,0.73,0.21,24,362,6234,4692.75,0.03,1940,1
SHP00247,Supplier_A,Sensors,4925,1788,0.96,0.25,15,2625,4285,11649.46,0.15,1546,1
SHP00248,Supplier_A,Displays,2361,822,0.76,0.15,5,2654,9551,13946.58,0.67,108,1
SHP00249,Supplier_A,Sensors,2721,1186,0.92,0.18,18,2542,1284,8038.08,0.49,433,1
SHP00250,Supplier_C,Batteries,1056,1959,0.96,0.17,12,1995,4277,17042.6,0.75,1049,1
SHP00251,Supplier_B,Processors,480,913,0.87,0.02,7,280,3631,19231.05,0.19,2377,0
SHP00252,Supplier_A,Displays,3749,1109,0.77,0.15,5,2722,2757,11603.22,0.37,492,1
SHP00253,Supplier_D,Batteries,4993,128,0.79,0.21,14,2986,6479,9403.55,0.89,1951,1
SHP00254,Supplier_A,Microchips,338,1348,0.96,0.21,21,2456,6787,16936.3,0.94,1431,0
SHP00255,Supplier_A,Displays,1205,1351,0.79,0.27,16,93,6449,973.26,0.92,878,1
SHP00256,Supplier_C,Processors,1486,723,0.92,0.24,19,2974,5838,3015.75,0.82,1798,0
SHP00257,Supplier_C,Processors,2652,361,0.99,0.11,18,2320,9549,16990.32,0.69,486,1
SHP00258,Supplier_B,Microchips,2349,1602,0.99,0.1,20,2999,4465,14774.56,0.91,2256,0
SHP00259,Supplier_D,Microchips,1627,253,0.85,0.17,11,1338,7048,8614.67,0.71,2486,1
SHP00260,Supplier_C,Displays,1767,1034,0.94,0.26,6,2368,7730,17832.61,0.95,2712,0
SHP00261,Supplier_A,Sensors,4232,66,0.99,0.05,13,2309,5135,7353.44,0.02,1883,1
SHP00262,Supplier_B,Microchips,2791,1787,0.81,0.33,26,1569,4141,12859.98,0.92,1945,1
SHP00263,Supplier_A,Sensors,3772,525,0.77,0.2,16,1460,5553,12869.52,0.56,2980,0
SHP00264,Supplier_A,Batteries,2096,1584,0.73,0.12,24,2344,1196,4094.47,0.11,321,1
SHP00265,Supplier_C,Processors,1525,1066,0.74,0.25,5,870,2874,6054.61,0.21,2444,0
SHP00266,Supplier_B,Sensors,2912,259,0.95,0.03,9,2169,6830,18362.13,0.85,1966,1
SHP00267,Supplier_D,Processors,3347,548,0.87,0.18,29,2392,7679,4076.59,0.51,1152,0
SHP00268,Supplier_D,Sensors,2692,1475,0.95,0.18,21,220,8986,3884.71,0.98,1026,0
SHP00269,Supplier_C,Batteries,1590,478,0.93,0.07,23,295,1937,9852.5,0.12,1325,0
SHP00270,Supplier_C,Microchips,1324,1151,0.9,0.3,29,1214,3194,2297.85,0.41,1931,0
SHP00271,Supplier_B,Batteries,2687,1641,0.88,0.28,18,1689,5125,17945.21,0.33,2632,0
SHP00272,Supplier_D,Microchips,3164,1153,0.71,0.07,7,666,7250,2452.91,0.52,229,1
SHP00273,Supplier_D,Microchips,932,1379,0.95,0.14,17,289,9581,12522.87,0.63,2195,0
SHP00274,Supplier_D,Processors,4792,107,0.82,0.05,27,2006,9162,7125.75,0.66,926,0
SHP00275,Supplier_A,Batteries,2540,1603,0.86,0.3,6,2408,7549,16183.32,0.0,699,0
SHP00276,Supplier_D,Sensors,4895,1281,0.71,0.13,15,1489,8178,12001.31,0.09,869,1
SHP00277,Supplier_A,Batteries,1746,1584,0.97,0.16,3,447,9538,8071.97,0.04,2718,0
SHP00278,Supplier_B,Processors,540,1208,0.96,0.13,18,1906,9310,19685.52,0.86,556,1
SHP00279,Supplier_A,Microchips,1629,1917,0.86,0.12,7,972,9054,1791.5,0.31,1172,0
SHP00280,Supplier_B,Processors,3065,1043,0.87,0.27,12,841,5615,11766.83,0.37,2875,0
SHP00281,Supplier_D,Displays,2467,571,0.9,0.27,3,1956,3466,19796.58,0.45,1371,1
SHP00282,Supplier_D,Displays,3386,630,0.78,0.19,26,1954,9775,13973.58,0.85,1953,1
SHP00283,Supplier_B,Sensors,4763,1926,0.76,0.24,26,2119,3759,14925.51,0.01,2437,1
SHP00284,Supplier_C,Processors,4431,948,0.9,0.19,2,862,2708,1125.78,0.12,634,1
SHP00285,Supplier_B,Sensors,1404,1156,0.73,0.03,6,953,6408,916.58,0.69,2583,0
SHP00286,Supplier_C,Sensors,3134,670,0.83,0.04,9,1780,7377,1204.15,0.96,2975,0
SHP00287,Supplier_A,Displays,3788,1117,0.84,0.15,5,881,7404,19838.62,0.64,1506,0
SHP00288,Supplier_A,Sensors,4073,1556,0.81,0.27,20,1444,8076,19600.64,0.26,1219,1
SHP00289,Supplier_A,Displays,1285,1015,0.75,0.32,6,2016,7221,7022.92,0.52,2398,0
SHP00290,Supplier_D,Microchips,3362,959,0.8,0.03,6,1094,5837,6174.15,0.97,2388,1
SHP00291,Supplier_A,Processors,2207,1717,0.8,0.14,25,2604,9863,3346.2,0.53,404,0
SHP00292,Supplier_C,Sensors,1940,542,0.84,0.09,17,2257,2685,6918.24,0.37,2704,0
SHP00293,Supplier_A,Displays,4420,548,0.9,0.29,23,793,3485,7717.92,0.38,1711,1
SHP00294,Supplier_B,Batteries,2847,1091,0.98,0.3,19,862,8940,15091.51,0.97,1742,1
SHP00295,Supplier_B,Sensors,4777,654,0.74,0.09,12,1629,4601,17392.72,0.72,1117,1
SHP00296,Supplier_D,Microchips,4364,997,0.95,0.25,18,1425,2453,15061.33,0.69,1090,0
SHP00297,Supplier_B,Microchips,3233,343,0.78,0.26,4,2277,4206,13106.26,0.23,1695,0
SHP00298,Supplier_C,Batteries,3520,1221,0.87,0.08,19,1700,7712,15435.05,0.56,1563,0
SHP00299,Supplier_A,Displays,1565,1545,0.86,0.16,5,2310,3990,14900.7,0.36,1611,1
SHP00300,Supplier_D,Sensors,4209,221,0.86,0.22,20,579,8546,9777.12,0.24,1621,0
SHP00301,Supplier_A,Displays,2311,1636,0.91,0.03,10,1468,2350,7049.1,0.9,2279,0
SHP00302,Supplier_A,Microchips,2904,580,0.81,0.15,6,2124,7342,6014.22,0.38,475,0
SHP00303,Supplier_C,Displays,1643,1193,0.79,0.07,5,988,8338,13747.43,0.28,2058,0
SHP00304,Supplier_B,Microchips,1789,1909,0.95,0.2,17,2967,6434,19206.43,0.93,1821,1
SHP00305,Supplier_B,Displays,1671,1810,0.76,0.3,11,2535,4949,11830.57,0.2,786,0
SHP00306,Supplier_A,Batteries,4641,115,0.75,0.19,10,334,2279,18294.27,0.75,470,1
SHP00307,Supplier_D,Processors,3379,190,0.7,0.03,17,2758,6998,777.47,0.65,254,0
SHP00308,Supplier_B,Batteries,3641,495,0.76,0.03,21,1870,1820,15992.18,0.92,2392,1
SHP00309,Supplier_D,Batteries,4911,1579,0.85,0.22,23,698,7119,17145.25,0.83,2689,1
SHP00310,Supplier_B,Processors,3123,238,0.86,0.13,27,238,3295,12804.38,0.71,781,1
SHP00311,Supplier_D,Processors,918,207,0.77,0.21,18,1775,1003,18714.19,0.31,1959,0
SHP00312,Supplier_C,Sensors,4621,1683,0.72,0.07,19,1272,3560,12003.3,0.5,1544,0
SHP00313,Supplier_D,Sensors,1224,719,0.92,0.28,16,1175,7981,5190.47,0.94,2820,0
SHP00314,Supplier_C,Batteries,1229,295,0.92,0.3,21,528,1030,4706.49,0.02,187,0
SHP00315,Supplier_C,Batteries,1802,905,0.99,0.31,10,2700,6952,11338.81,0.79,1629,1
SHP00316,Supplier_D,Microchips,2101,993,0.96,0.12,7,2093,9132,18176.44,0.25,112,0
SHP00317,Supplier_C,Microchips,3978,797,0.97,0.24,7,2075,1885,1911.17,0.19,1801,0
SHP00318,Supplier_A,Sensors,4472,1106,0.93,0.11,12,566,8492,12285.61,0.23,1280,0
SHP00319,Supplier_C,Sensors,1906,1434,0.88,0.27,26,1938,5843,15511.17,0.06,419,1
SHP00320,Supplier_B,Microchips,3047,1826,0.74,0.06,29,1600,5038,2750.34,0.99,391,0
SHP00321,Supplier_D,Microchips,3309,379,0.88,0.27,21,1590,3290,2777.01,0.87,1739,1
SHP00322,Supplier_A,Displays,2252,561,0.72,0.17,4,2327,4894,7639.5,0.52,2770,0
SHP00323,Supplier_D,Displays,4741,899,0.96,0.3,24,2966,5596,5840.68,0.72,872,0
SHP00324,Supplier_B,Microchips,4305,1860,0.84,0.26,13,1187,1204,4367.13,0.56,1783,1
SHP00325,Supplier_B,Displays,644,1144,0.9,0.14,16,1589,6502,4374.54,0.81,1600,0
SHP00326,Supplier_B,Processors,2501,1386,0.72,0.32,8,1798,9197,3048.05,0.84,1774,0
SHP00327,Supplier_C,Sensors,4938,1988,0.85,0.11,26,2856,8820,12411.65,0.23,2987,0
SHP00328,Supplier_C,Sensors,2464,1801,0.79,0.34,23,83,9140,13918.45,0.46,1023,0
SHP00329,Supplier_D,Microchips,1389,128,0.78,0.27,19,345,1531,14207.26,0.63,1556,1
SHP00330,Supplier_D,Batteries,3865,218,0.81,0.35,23,2550,9016,10880.9,0.98,2549,0
SHP00331,Supplier_A,Microchips,1975,859,0.7,0.04,16,1479,1226,19081.67,0.68,257,0
SHP00332,Supplier_A,Displays,4528,1032,0.84,0.11,9,1200,7142,17670.39,0.9,483,1
SHP00333,Supplier_D,Batteries,4787,229,0.84,0.26,23,2239,8482,19173.81,0.85,497,1
SHP00334,Supplier_C,Displays,882,1701,0.95,0.32,10,2037,3099,8081.51,0.58,2203,1
SHP00335,Supplier_B,Processors,639,309,0.83,0.03,16,697,8313,17616.77,0.89,1196,0
SHP00336,Supplier_D,Displays,2882,1559,0.81,0.02,17,2225,8290,15376.06,0.38,1069,1
SHP00337,Supplier_A,Processors,2768,1845,0.99,0.1,21,2932,5566,7129.47,0.38,2907,1
SHP00338,Supplier_C,Processors,4814,1078,0.87,0.3,4,1759,3661,2578.57,0.78,2620,1
SHP00339,Supplier_D,Displays,4037,346,0.84,0.27,28,2827,2664,13811.11,0.13,293,1
SHP00340,Supplier_D,Displays,3056,669,0.84,0.13,6,1597,2525,3160.82,0.31,1830,0
SHP00341,Supplier_C,Processors,3822,904,0.93,0.02,4,512,4750,6228.63,0.61,2944,0
SHP00342,Supplier_D,Batteries,3967,409,0.8,0.2,28,2661,7757,10257.11,0.42,859,0
SHP00343,Supplier_C,Processors,1933,166,0.81,0.1,29,1259,4654,13757.71,0.94,1352,1
SHP00344,Supplier_B,Sensors,2246,406,0.92,0.27,3,563,3567,18561.44,0.96,894,1
SHP00345,Supplier_C,Processors,2270,1006,0.72,0.17,3,50,2096,12068.18,0.5,2983,0
SHP00346,Supplier_C,Batteries,3491,1916,0.95,0.24,5,1312,4098,13592.56,0.54,2822,1
SHP00347,Supplier_C,Sensors,1716,488,0.82,0.3,4,1128,4240,6545.27,0.72,1726,0
SHP00348,Supplier_D,Microchips,4717,1404,0.87,0.2,10,1521,8967,13902.21,0.46,2413,1
SHP00349,Supplier_D,Microchips,1016,1598,0.92,0.13,24,387,7728,9036.91,0.19,1762,0
SHP00350,Supplier_C,Batteries,4912,1727,0.78,0.27,23,2915,6328,17210.16,0.75,2941,1
SHP00351,Supplier_D,Processors,2856,1261,0.96,0.11,27,1177,8778,8152.79,0.74,1194,0
SHP00352,Supplier_A,Displays,2036,1354,0.98,0.31,13,2442,9079,9631.3,0.24,190,1
SHP00353,Supplier_A,Batteries,4142,1584,0.84,0.04,25,1026,4614,8935.46,0.83,1739,1
SHP00354,Supplier_D,Sensors,3191,1539,0.97,0.3,10,932,1847,16316.9,0.61,2592,1
SHP00355,Supplier_D,Sensors,4755,1188,0.7,0.05,20,2295,4616,19097.13,0.24,176,0
SHP00356,Supplier_C,Microchips,1068,1309,0.96,0.04,13,1087,3704,6881.89,0.65,1420,1
SHP00357,Supplier_B,Sensors,3464,1411,0.79,0.14,17,1753,7754,9763.04,0.23,2469,0
SHP00358,Supplier_D,Batteries,3303,571,0.79,0.34,27,921,4893,14265.56,0.27,2568,1
SHP00359,Supplier_A,Sensors,989,248,0.77,0.34,24,2639,3994,17959.94,0.85,2693,1
SHP00360,Supplier_C,Batteries,892,1837,0.79,0.09,26,506,5533,10127.16,0.93,1757,1
SHP00361,Supplier_D,Displays,3558,1123,0.76,0.07,2,1599,2500,2623.42,0.26,445,0
SHP00362,Supplier_A,Microchips,1081,1215,0.96,0.14,11,2847,3442,7689.09,0.93,2862,0
SHP00363,Supplier_A,Sensors,3631,1856,0.96,0.13,26,415,2725,11232.06,0.24,1764,1
SHP00364,Supplier_B,Batteries,3629,1601,0.73,0.27,24,2498,8341,8641.73,0.12,2872,1
SHP00365,Supplier_C,Processors,901,1587,0.74,0.17,11,2671,1325,4137.84,0.06,749,0
SHP00366,Supplier_C,Microchips,142,719,0.95,0.28,5,2579,5417,1221.3,0.24,1384,0
SHP00367,Supplier_B,Displays,3449,1103,0.82,0.27,12,2207,3666,13904.47,0.39,1469,1
SHP00368,Supplier_B,Batteries,1877,1155,0.75,0.21,29,2503,5361,19858.38,0.93,2806,1
SHP00369,Supplier_C,Displays,3301,80,0.85,0.3,23,2406,8152,18424.53,0.24,2296,1
SHP00370,Supplier_C,Displays,449,1821,0.82,0.08,12,209,1841,13823.78,0.37,2012,0
SHP00371,Supplier_D,Sensors,1667,1057,0.76,0.07,12,893,5778,16909.83,0.73,2565,1
SHP00372,Supplier_D,Sensors,1229,382,0.91,0.27,23,2152,3071,5486.69,0.3,1586,0
SHP00373,Supplier_B,Batteries,3059,709,0.88,0.1,7,2858,2284,12637.47,0.68,2099,1
SHP00374,Supplier_D,Processors,3887,226,0.73,0.02,16,2049,2378,1681.78,0.43,865,0
SHP00375,Supplier_A,Batteries,1880,419,0.97,0.32,3,2353,7339,14290.09,0.2,1909,0
SHP00376,Supplier_D,Processors,683,596,0.86,0.23,22,2631,3658,19412.51,0.73,1684,1
SHP00377,Supplier_D,Displays,4627,584,0.77,0.17,24,2519,4561,17285.55,0.03,2212,1
SHP00378,Supplier_A,Microchips,3477,1179,0.76,0.26,23,1688,7007,10921.6,0.29,1582,1
SHP00379,Supplier_B,Batteries,3501,146,0.74,0.13,4,2910,6452,15880.43,0.36,775,0
SHP00380,Supplier_A,Batteries,3285,279,0.82,0.33,28,2984,5012,18906.03,0.46,2371,1
SHP00381,Supplier_D,Processors,2294,276,0.74,0.04,29,2361,2978,4712.34,0.68,575,1
SHP00382,Supplier_B,Displays,1262,420,0.82,0.23,6,2845,5416,15968.54,0.46,425,0
SHP00383,Supplier_D,Displays,398,1173,0.74,0.28,25,2930,6496,5762.02,0.59,2235,0
SHP00384,Supplier_A,Processors,3447,1518,0.89,0.17,12,282,8874,17600.47,0.6,257,1
SHP00385,Supplier_A,Displays,2039,1541,0.93,0.27,22,2777,3224,2417.91,0.37,1396,1
SHP00386,Supplier_D,Sensors,888,104,0.86,0.33,13,282,8089,3975.26,0.93,1039,0
SHP00387,Supplier_C,Microchips,2989,1268,0.9,0.27,27,607,1953,14552.02,0.96,381,0
SHP00388,Supplier_C,Batteries,1477,1593,0.97,0.12,4,2778,7934,3908.16,0.58,756,0
SHP00389,Supplier_A,Microchips,2049,473,0.89,0.21,10,1999,6917,3582.06,0.07,2310,1
SHP00390,Supplier_A,Batteries,3372,364,0.81,0.32,28,1509,9261,11331.6,0.49,1000,1
SHP00391,Supplier_C,Sensors,977,1201,0.83,0.17,4,384,6742,16782.25,0.18,430,0
SHP00392,Supplier_C,Displays,3842,81,0.95,0.24,3,2501,5253,5735.11,0.48,243,0
SHP00393,Supplier_D,Processors,1677,142,0.74,0.17,7,305,1548,16902.19,0.19,2587,0
SHP00394,Supplier_D,Sensors,3239,568,0.79,0.06,25,1139,2839,16255.09,0.7,2635,1
SHP00395,Supplier_C,Microchips,2592,1331,0.87,0.04,7,821,2951,11792.56,0.08,1513,0
SHP00396,Supplier_D,Processors,2855,902,0.9,0.33,18,995,3507,13107.97,0.95,1143,1
SHP00397,Supplier_D,Displays,2003,1975,0.92,0.22,9,1161,7350,1288.6,0.2,1335,0
SHP00398,Supplier_B,Sensors,1482,1293,0.79,0.05,2,360,8603,7659.14,0.66,2683,0
SHP00399,Supplier_D,Processors,4340,801,0.74,0.3,26,1644,3625,5636.2,0.92,2875,0
SHP00400,Supplier_A,Sensors,2422,1179,0.98,0.19,9,2779,6893,3425.08,0.25,1687,0
SHP00401,Supplier_D,Sensors,2656,1621,0.72,0.27,23,1331,8400,8098.36,0.93,749,0
SHP00402,Supplier_D,Displays,1961,465,0.73,0.06,16,1631,3153,7420.63,0.39,764,0
SHP00403,Supplier_C,Batteries,1966,606,0.84,0.32,19,2226,5761,14713.39,0.96,272,1
SHP00404,Supplier_A,Processors,4147,1883,0.94,0.21,14,2878,8185,12162.88,0.97,2148,1
SHP00405,Supplier_D,Displays,3275,1382,0.92,0.26,26,2423,4566,18305.45,0.19,1327,0
SHP00406,Supplier_D,Sensors,1198,415,0.97,0.03,9,839,1259,3335.45,0.83,1994,1
SHP00407,Supplier_B,Displays,1834,1594,0.74,0.12,21,2114,9504,1665.1,0.19,1324,0
SHP00408,Supplier_D,Batteries,4763,1532,0.81,0.11,19,2796,2844,10924.85,0.23,1037,1
SHP00409,Supplier_D,Processors,3516,648,0.78,0.33,14,391,8269,520.03,0.08,508,1
SHP00410,Supplier_B,Batteries,4726,1443,0.95,0.08,15,1052,2533,15860.52,0.16,2891,0
SHP00411,Supplier_C,Microchips,780,380,0.84,0.25,16,887,6596,10366.47,0.63,677,0
SHP00412,Supplier_D,Processors,2170,738,0.71,0.03,7,677,5769,10017.28,0.45,2108,1
SHP00413,Supplier_B,Batteries,4924,1715,0.91,0.09,2,2868,3020,7568.67,0.79,181,0
SHP00414,Supplier_A,Sensors,1829,1780,0.81,0.13,8,2975,7358,7811.99,0.33,702,1
SHP00415,Supplier_C,Processors,2291,60,0.85,0.28,2,1322,6502,8907.11,0.97,2075,0
SHP00416,Supplier_A,Processors,767,867,0.96,0.28,16,759,6243,812.63,0.05,2694,1
SHP00417,Supplier_A,Displays,1712,1580,0.77,0.33,7,2946,2691,2129.14,0.06,2324,0
SHP00418,Supplier_B,Sensors,780,468,0.77,0.32,6,788,9519,10348.44,0.7,2803,0
SHP00419,Supplier_D,Microchips,1072,1195,0.78,0.05,13,2274,2588,3427.38,0.89,1338,0
SHP00420,Supplier_B,Batteries,2946,960,0.8,0.29,27,1828,4753,15685.87,0.8,1087,1
SHP00421,Supplier_B,Displays,2232,1308,0.73,0.17,4,995,1097,5852.46,0.49,240,1
SHP00422,Supplier_B,Batteries,2563,1404,0.9,0.31,23,2454,5754,2409.04,0.27,2415,0
SHP00423,Supplier_B,Microchips,2629,1616,0.76,0.05,21,544,7173,5086.59,0.01,238,1
SHP00424,Supplier_C,Microchips,2603,397,0.97,0.29,15,84,9052,7463.42,0.51,1183,1
SHP00425,Supplier_D,Processors,4492,1007,0.76,0.07,29,1480,6018,1188.67,0.48,2708,1
SHP00426,Supplier_A,Microchips,3283,461,0.77,0.13,7,2041,6704,3262.67,0.34,1687,1
SHP00427,Supplier_A,Batteries,4133,1297,0.79,0.03,5,867,8911,6815.01,0.58,1184,0
SHP00428,Supplier_D,Sensors,3267,202,0.92,0.06,16,59,9276,6554.37,0.73,1849,1
SHP00429,Supplier_A,Sensors,3097,1285,0.82,0.17,18,1035,2277,16107.54,0.7,1755,1
SHP00430,Supplier_D,Processors,3327,141,0.94,0.29,6,1787,1518,16943.48,0.26,2878,1
SHP00431,Supplier_A,Batteries,2252,1994,0.93,0.28,25,2628,6426,4271.66,0.59,139,1
SHP00432,Supplier_B,Batteries,1828,380,0.97,0.1,7,1608,8815,2916.83,0.15,1469,0
SHP00433,Supplier_A,Microchips,2124,1540,0.92,0.07,11,2192,1183,12866.17,0.12,1450,0
SHP00434,Supplier_D,Batteries,429,1933,0.72,0.15,10,2673,3388,16190.16,0.79,2094,1
SHP00435,Supplier_D,Displays,2586,1714,0.94,0.31,5,499,5322,19292.6,0.69,2584,0
SHP00436,Supplier_D,Microchips,1255,1004,0.97,0.05,27,1293,5932,632.53,0.77,1952,1
SHP00437,Supplier_D,Displays,1990,1782,0.99,0.2,10,2193,4827,8566.72,0.15,2553,0
SHP00438,Supplier_D,Processors,4577,1019,0.74,0.05,9,914,3497,14812.76,0.91,843,0
SHP00439,Supplier_C,Sensors,2285,603,0.88,0.18,4,1850,4479,16656.91,0.13,137,0
SHP00440,Supplier_C,Processors,2417,1951,0.76,0.06,23,2766,9757,1714.58,0.87,2615,1
SHP00441,Supplier_A,Sensors,3721,979,0.78,0.05,21,256,2935,13771.98,0.35,2464,0
SHP00442,Supplier_D,Processors,4591,1301,0.92,0.08,2,1859,7275,6134.3,0.11,1206,1
SHP00443,Supplier_A,Batteries,2611,243,0.98,0.1,26,899,1349,1954.64,0.29,729,1
SHP00444,Supplier_D,Displays,549,579,0.87,0.11,21,295,1098,10037.5,0.18,914,1
SHP00445,Supplier_D,Sensors,1454,894,0.95,0.23,28,1784,2769,3583.99,0.49,638,1
SHP00446,Supplier_C,Microchips,1393,1316,0.7,0.04,6,2047,2804,14871.65,0.95,2356,0
SHP00447,Supplier_C,Displays,2565,1462,0.71,0.05,4,2981,9112,14954.61,0.33,1760,0
SHP00448,Supplier_B,Microchips,3202,1349,0.87,0.08,5,2180,5170,16920.32,0.61,591,0
SHP00449,Supplier_C,Displays,1949,1523,0.81,0.31,26,366,1401,7862.59,0.89,2445,1
SHP00450,Supplier_B,Displays,3275,688,0.96,0.23,24,2742,9379,759.54,0.63,683,0
SHP00451,Supplier_B,Processors,4381,1660,0.79,0.26,25,2467,9330,5564.85,0.36,157,1
SHP00452,Supplier_B,Sensors,3299,1647,0.83,0.14,20,2846,1142,9622.33,0.99,1582,1
SHP00453,Supplier_B,Sensors,1333,527,0.85,0.09,16,1769,1220,14033.22,0.19,1754,0
SHP00454,Supplier_B,Displays,1537,529,0.78,0.03,20,2727,5240,7949.79,0.52,2049,0
SHP00455,Supplier_A,Batteries,3452,337,0.96,0.18,17,2277,8001,10952.94,0.8,2543,1
SHP00456,Supplier_C,Batteries,4130,747,0.83,0.21,24,1856,1387,10723.14,0.0,1497,1
SHP00457,Supplier_B,Microchips,352,1763,0.82,0.32,9,2699,6991,3717.16,0.7,2234,1
SHP00458,Supplier_D,Microchips,118,1751,0.95,0.31,15,649,1559,12649.47,0.27,1961,0
SHP00459,Supplier_C,Processors,2859,744,0.79,0.16,6,1156,2839,9065.41,0.17,710,1
SHP00460,Supplier_C,Displays,322,589,0.94,0.16,2,1605,2771,16254.41,0.27,1247,0
SHP00461,Supplier_B,Microchips,102,379,0.74,0.07,20,890,9556,13966.92,0.97,2121,0
SHP00462,Supplier_A,Microchips,1359,519,0.75,0.1,6,397,9608,2673.65,0.89,745,0
SHP00463,Supplier_B,Displays,4423,1832,0.98,0.33,4,1345,8676,10030.79,0.21,2430,1
SHP00464,Supplier_A,Processors,4694,898,0.94,0.07,18,380,3068,14198.64,0.12,2661,0
SHP00465,Supplier_D,Microchips,2668,583,0.81,0.34,8,659,7757,2196.73,0.36,928,0
SHP00466,Supplier_C,Processors,1985,516,0.89,0.19,18,1994,1516,15953.69,0.59,1795,0
SHP00467,Supplier_D,Sensors,1399,1026,0.97,0.17,27,793,1660,4829.09,0.87,2304,1
SHP00468,Supplier_A,Processors,2438,469,0.76,0.08,14,618,4416,10310.15,0.97,2373,0
SHP00469,Supplier_A,Batteries,1176,1681,0.72,0.24,23,1734,9521,18840.95,0.75,2980,0
SHP00470,Supplier_D,Batteries,3858,1195,0.86,0.17,23,2486,1377,11641.02,0.6,1778,1
SHP00471,Supplier_A,Processors,3281,811,0.74,0.14,15,1020,1159,8769.06,0.14,365,1
SHP00472,Supplier_D,Batteries,4910,1055,0.75,0.11,24,796,5174,632.5,0.07,1389,0
SHP00473,Supplier_C,Sensors,1047,940,0.96,0.04,13,2234,3199,3101.57,0.6,1411,0
SHP00474,Supplier_D,Displays,3838,357,0.7,0.19,12,1814,7276,11783.95,0.54,1415,0
SHP00475,Supplier_C,Batteries,2831,973,0.94,0.12,2,1434,2988,10129.59,0.85,572,1
SHP00476,Supplier_D,Batteries,4107,383,0.85,0.25,28,2379,7777,7594.67,0.32,2546,1
SHP00477,Supplier_A,Processors,969,1003,0.86,0.26,4,1275,7312,18502.71,0.04,1196,0
SHP00478,Supplier_D,Sensors,193,1493,0.89,0.13,13,1068,9168,6983.41,0.42,2675,0
SHP00479,Supplier_A,Displays,3087,1399,0.83,0.24,10,2841,1865,10974.44,0.97,1996,0
SHP00480,Supplier_D,Processors,4755,1071,0.73,0.11,3,2628,9582,11589.91,0.8,2321,0
SHP00481,Supplier_D,Processors,1875,1722,0.73,0.26,15,65,5915,10785.63,0.03,989,0
SHP00482,Supplier_B,Sensors,2360,838,0.92,0.03,6,617,7241,9812.92,0.87,1711,0
SHP00483,Supplier_A,Displays,535,881,0.76,0.07,4,2074,8135,7072.74,0.47,2438,0
SHP00484,Supplier_B,Sensors,4400,893,0.71,0.1,13,1663,2554,18220.89,0.36,480,1
SHP00485,Supplier_A,Displays,3244,1646,0.98,0.28,13,2127,5047,9290.66,0.35,2710,0
SHP00486,Supplier_B,Sensors,3687,299,0.98,0.04,22,1592,1131,10804.75,0.6,285,0
SHP00487,Supplier_C,Processors,176,1168,0.81,0.08,8,1981,4679,13301.32,0.53,1128,0
SHP00488,Supplier_D,Processors,915,1369,0.71,0.14,2,2761,7353,1819.29,0.66,2326,1
SHP00489,Supplier_A,Microchips,867,233,0.91,0.02,4,2972,4076,15735.12,0.57,1391,0
SHP00490,Supplier_A,Batteries,3785,1333,0.94,0.27,12,2119,2521,10493.89,0.14,2773,1
SHP00491,Supplier_D,Sensors,205,848,0.74,0.2,14,1504,4269,13314.95,0.26,2617,1
SHP00492,Supplier_A,Microchips,4016,1740,0.74,0.32,23,1752,1440,15554.24,0.84,1104,1
SHP00493,Supplier_A,Batteries,2973,235,0.94,0.03,24,2757,2203,17544.94,0.66,1191,1
SHP00494,Supplier_B,Sensors,3446,1482,0.97,0.11,11,1483,9432,8148.3,0.45,2254,0
SHP00495,Supplier_A,Displays,3248,1142,0.93,0.26,20,374,4391,16322.88,0.18,2718,0
SHP00496,Supplier_C,Batteries,3248,887,0.76,0.24,5,1371,4721,5547.32,0.01,620,1
SHP00497,Supplier_C,Processors,1565,1846,0.82,0.1,23,2278,7775,13376.55,0.31,1744,0
SHP00498,Supplier_D,Microchips,2687,676,0.87,0.22,6,171,8160,2502.79,0.05,754,0
SHP00499,Supplier_A,Batteries,344,908,0.75,0.28,12,2221,8875,890.59,0.48,141,0
SHP00500,Supplier_D,Batteries,2725,57,0.76,0.03,10,1526,2887,2367.38,0.82,2744,0
SHP00501,Supplier_C,Processors,3949,1338,0.78,0.26,14,315,5270,6727.96,0.29,1923,1
SHP00502,Supplier_A,Sensors,1505,832,0.85,0.1,29,77,9389,1106.34,0.85,947,0
SHP00503,Supplier_A,Displays,1081,1557,0.85,0.33,18,1332,8705,12794.58,0.7,1424,1
SHP00504,Supplier_D,Processors,3908,1834,0.94,0.2,16,2174,5194,6672.62,0.13,2408,0
SHP00505,Supplier_C,Displays,241,1690,0.92,0.03,14,481,1744,14859.33,0.64,1613,0
SHP00506,Supplier_A,Sensors,992,824,0.96,0.15,22,928,6546,1395.35,0.15,770,0
SHP00507,Supplier_D,Batteries,2499,1809,0.94,0.34,12,2991,1452,4725.68,0.65,2843,0
SHP00508,Supplier_C,Displays,4740,1913,0.77,0.26,2,1108,4262,8456.07,0.14,1380,1
SHP00509,Supplier_D,Microchips,3060,1056,0.8,0.12,9,485,8745,7961.71,0.39,928,0
SHP00510,Supplier_B,Microchips,2299,1444,0.85,0.21,24,1135,1498,3054.47,0.57,319,1
SHP00511,Supplier_A,Processors,1569,1856,0.7,0.22,6,2149,1140,19885.67,0.05,963,0
SHP00512,Supplier_B,Sensors,2800,726,0.96,0.03,23,2213,2714,6046.57,0.15,2132,0
SHP00513,Supplier_C,Processors,3105,1156,0.71,0.08,17,2144,1675,14560.13,0.32,1729,1
SHP00514,Supplier_B,Processors,4958,1880,0.79,0.2,5,2535,4505,4790.52,0.46,560,1
SHP00515,Supplier_B,Processors,3474,1719,0.87,0.15,26,150,4602,17618.1,0.86,389,1
SHP00516,Supplier_C,Microchips,4819,260,0.85,0.08,20,1352,7675,8061.29,0.19,1235,1
SHP00517,Supplier_D,Microchips,755,1386,0.89,0.27,19,2204,7504,18067.6,0.35,2329,0
SHP00518,Supplier_B,Processors,2868,1677,0.85,0.18,24,1032,5803,7165.78,0.48,2613,1
SHP00519,Supplier_D,Microchips,142,1410,0.77,0.12,3,2456,2730,668.55,0.3,323,0
SHP00520,Supplier_B,Sensors,2411,539,0.76,0.07,14,936,6976,10581.9,0.63,2545,0
SHP00521,Supplier_D,Processors,1760,1476,0.96,0.22,17,849,8811,10733.36,0.26,553,0
SHP00522,Supplier_C,Microchips,4791,688,0.78,0.24,23,1075,8028,2836.77,0.77,462,1
SHP00523,Supplier_B,Displays,2324,240,0.78,0.24,28,1565,4718,5081.79,0.51,2146,1
SHP00524,Supplier_C,Processors,2210,720,0.82,0.09,9,1953,8088,15778.16,0.09,1972,0
SHP00525,Supplier_B,Processors,1057,892,0.74,0.22,20,1963,2624,1216.74,0.63,2923,0
SHP00526,Supplier_C,Sensors,660,384,0.85,0.32,4,1345,2806,10045.77,0.57,2822,0
SHP00527,Supplier_C,Batteries,1430,1595,0.89,0.14,20,1217,9545,10842.96,0.34,1915,0
SHP00528,Supplier_B,Batteries,1412,1692,0.93,0.09,18,484,3933,13929.89,0.01,102,0
SHP00529,Supplier_B,Sensors,1921,1160,0.91,0.27,10,1524,1940,1230.4,0.2,692,1
SHP00530,Supplier_B,Sensors,3102,628,0.74,0.08,22,2701,8787,11920.1,0.41,790,0
SHP00531,Supplier_A,Sensors,3503,111,0.83,0.1,26,2663,4945,560.41,0.2,1483,1
SHP00532,Supplier_D,Batteries,2751,436,0.71,0.05,22,965,8058,5670.98,0.58,948,1
SHP00533,Supplier_A,Sensors,1914,1219,0.71,0.11,24,2325,5848,10243.84,0.71,2076,0
SHP00534,Supplier_A,Microchips,1841,202,0.83,0.16,18,594,9421,18269.99,0.86,705,1
SHP00535,Supplier_C,Processors,4801,668,0.77,0.04,26,1287,5852,2968.5,0.65,828,1
SHP00536,Supplier_B,Processors,3908,1733,0.9,0.31,2,697,7459,3801.14,0.69,2169,1
SHP00537,Supplier_D,Displays,2977,747,0.91,0.19,5,2345,5857,13550.38,0.61,2568,0
SHP00538,Supplier_C,Displays,3370,1422,0.96,0.21,24,1481,8738,7809.8,0.99,2094,1
SHP00539,Supplier_A,Processors,4183,1927,0.92,0.14,28,1126,1237,12656.72,0.26,1249,1
SHP00540,Supplier_B,Microchips,845,227,0.71,0.24,16,1649,4772,19950.36,0.27,1528,1
SHP00541,Supplier_C,Batteries,657,1962,0.81,0.16,13,2411,8735,19744.0,0.13,1778,0
SHP00542,Supplier_B,Batteries,3401,896,0.78,0.27,26,86,3781,7397.41,0.49,2415,1
SHP00543,Supplier_C,Microchips,1041,536,0.81,0.29,18,773,8087,10326.54,0.1,2762,1
SHP00544,Supplier_B,Batteries,4123,1851,0.75,0.24,13,1597,2984,18141.46,0.27,2715,1
SHP00545,Supplier_A,Sensors,2396,1734,0.73,0.18,17,1029,2052,2297.27,0.48,838,1
SHP00546,Supplier_D,Processors,1039,1320,0.85,0.28,14,133,8658,9319.93,0.96,1229,0
SHP00547,Supplier_A,Processors,1710,1327,0.91,0.18,12,2997,6254,7862.76,0.96,755,0
SHP00548,Supplier_D,Microchips,1825,549,0.9,0.06,16,1167,1350,6250.21,0.74,2692,1
SHP00549,Supplier_B,Batteries,1084,590,0.83,0.06,17,1415,1912,19886.98,0.39,2318,0
SHP00550,Supplier_C,Displays,1687,1425,0.85,0.33,7,768,5445,14804.21,0.87,2452,1
SHP00551,Supplier_A,Displays,4121,1585,0.85,0.09,28,599,1291,8080.57,0.88,2481,1
SHP00552,Supplier_D,Batteries,1436,1851,0.9,0.29,27,1421,8750,16665.93,0.91,2547,1
SHP00553,Supplier_A,Displays,3237,62,0.71,0.1,12,2812,1467,10048.49,0.64,974,1
SHP00554,Supplier_D,Microchips,761,1632,0.91,0.16,16,636,4277,17520.08,0.2,434,0
SHP00555,Supplier_A,Microchips,132,200,0.87,0.24,6,1914,6361,5694.41,0.09,1991,1
SHP00556,Supplier_D,Batteries,3514,1123,0.76,0.07,4,201,6303,4860.2,0.91,1278,0
SHP00557,Supplier_D,Displays,1256,1288,0.71,0.26,27,1111,4575,5322.09,0.06,2899,0
SHP00558,Supplier_B,Microchips,3226,1040,0.73,0.25,3,2262,7592,11000.37,0.3,729,1
SHP00559,Supplier_D,Microchips,160,693,0.85,0.2,2,1617,5325,6180.61,0.49,2523,0
SHP00560,Supplier_B,Sensors,4028,421,0.92,0.21,16,261,2064,3368.83,0.02,2018,0
SHP00561,Supplier_D,Sensors,1643,1186,0.8,0.05,3,2623,5888,19895.24,0.91,180,0
SHP00562,Supplier_C,Microchips,371,301,0.81,0.16,29,791,3394,18058.45,0.29,1009,0
SHP00563,Supplier_C,Batteries,4176,1414,0.97,0.05,21,2229,9278,12882.74,0.03,549,0
SHP00564,Supplier_C,Processors,3488,102,0.76,0.12,7,145,3920,17885.09,0.99,1433,0
SHP00565,Supplier_D,Processors,2852,1203,0.73,0.32,13,1576,7858,18741.52,0.31,1979,1
SHP00566,Supplier_B,Microchips,2809,1909,0.8,0.21,22,571,1003,13684.11,0.88,2079,1
SHP00567,Supplier_B,Microchips,1254,242,0.92,0.27,17,2471,6940,10614.26,0.45,779,0
SHP00568,Supplier_D,Microchips,4505,640,0.88,0.21,15,1089,9048,17699.03,0.66,2832,0
SHP00569,Supplier_C,Batteries,3953,1130,0.82,0.08,5,1752,2977,11572.04,0.24,829,1
SHP00570,Supplier_C,Sensors,1845,146,0.98,0.22,9,2705,2750,2972.61,0.5,2338,0
SHP00571,Supplier_B,Microchips,3532,247,0.91,0.27,13,67,1001,7653.69,0.26,1113,0
SHP00572,Supplier_C,Microchips,437,1720,0.72,0.07,24,1769,9340,9195.46,0.95,779,1
SHP00573,Supplier_A,Displays,109,196,0.92,0.29,15,1027,5247,18739.7,0.06,1420,0
SHP00574,Supplier_B,Batteries,4244,1757,0.71,0.2,21,928,8732,13354.12,0.27,2336,1
SHP00575,Supplier_C,Microchips,830,1648,0.89,0.02,27,643,7035,17567.91,0.89,612,0
SHP00576,Supplier_B,Displays,4990,1650,0.76,0.19,14,692,3043,15273.04,0.48,1132,1
SHP00577,Supplier_A,Processors,1748,1368,0.9,0.15,6,2226,2702,6542.29,0.6,686,0
SHP00578,Supplier_B,Microchips,4328,772,0.79,0.12,13,850,6947,14514.83,0.65,947,0
SHP00579,Supplier_B,Microchips,3754,1694,0.95,0.27,11,504,2387,4308.34,0.07,2290,1
SHP00580,Supplier_B,Displays,2230,1867,0.8,0.32,22,1659,6826,8458.84,0.02,1950,1
SHP00581,Supplier_B,Batteries,4571,733,0.88,0.27,20,925,5462,16218.79,0.94,2634,1
SHP00582,Supplier_A,Microchips,2496,1085,0.78,0.3,14,2668,3036,12432.62,0.27,2341,1
SHP00583,Supplier_D,Processors,4466,1991,0.97,0.32,10,1145,7405,16595.54,0.38,2669,1
SHP00584,Supplier_B,Microchips,1606,382,0.93,0.32,12,1063,7789,5466.72,0.68,1153,0
SHP00585,Supplier_B,Processors,2258,1293,0.77,0.06,6,1160,7119,15120.1,0.24,1402,0
SHP00586,Supplier_C,Sensors,3016,1471,0.98,0.17,29,2498,1537,4445.33,0.73,889,1
SHP00587,Supplier_B,Sensors,4271,1415,0.8,0.02,14,511,9982,11133.43,0.46,1165,0
SHP00588,Supplier_C,Processors,3329,1871,0.89,0.19,11,2186,7863,8953.92,0.86,2064,0
SHP00589,Supplier_D,Batteries,3703,561,0.92,0.33,19,2920,2948,11351.28,0.28,1603,1
SHP00590,Supplier_A,Microchips,1766,221,0.71,0.09,16,2103,6178,3142.9,0.2,516,1
SHP00591,Supplier_A,Microchips,4524,1541,0.98,0.23,21,994,6104,7543.94,0.83,1444,1
SHP00592,Supplier_D,Sensors,4236,1821,0.8,0.23,13,133,5143,13504.62,0.33,2837,1
SHP00593,Supplier_A,Processors,3069,1239,0.76,0.07,5,1489,3848,11391.35,0.41,2515,0
SHP00594,Supplier_D,Microchips,2789,1772,0.95,0.1,6,2718,9305,11204.91,0.79,2745,0
SHP00595,Supplier_D,Microchips,2426,1243,0.9,0.17,9,1185,3343,10461.19,0.64,2707,0
SHP00596,Supplier_D,Batteries,2910,613,0.73,0.08,6,2269,5533,18905.76,0.44,904,0
SHP00597,Supplier_A,Displays,2616,561,0.73,0.21,2,748,1161,18724.11,0.25,2865,0
SHP00598,Supplier_C,Sensors,3571,1904,0.91,0.18,19,1870,9695,7522.83,0.76,2052,1
SHP00599,Supplier_D,Sensors,112,1262,0.72,0.19,20,2370,3634,7361.95,0.18,2025,1
SHP00600,Supplier_B,Displays,3070,1193,0.97,0.06,20,579,6101,11320.52,0.93,922,1
SHP00601,Supplier_A,Microchips,3721,154,0.92,0.19,11,368,6766,2364.32,0.15,2063,0
SHP00602,Supplier_D,Batteries,3783,723,0.8,0.04,23,1148,2509,6408.63,0.8,1941,0
SHP00603,Supplier_D,Batteries,3573,856,0.81,0.31,10,2526,3319,5001.92,0.42,409,1
SHP00604,Supplier_B,Sensors,3222,1114,0.85,0.13,27,2944,7105,4856.1,0.19,802,0
SHP00605,Supplier_C,Batteries,3564,938,0.8,0.3,2,298,9671,12950.86,0.4,1484,1
SHP00606,Supplier_C,Displays,752,925,0.93,0.25,23,436,9946,7994.83,0.22,2675,0
SHP00607,Supplier_C,Microchips,720,726,0.98,0.27,26,2007,4999,3837.71,0.14,2787,0
SHP00608,Supplier_D,Displays,3890,370,0.87,0.12,21,1940,9395,17807.65,0.24,796,1
SHP00609,Supplier_D,Processors,1745,1959,0.83,0.1,27,412,4349,17545.9,0.87,704,1
SHP00610,Supplier_D,Sensors,2343,384,0.76,0.15,4,2165,5211,17318.03,0.11,2800,0
SHP00611,Supplier_A,Batteries,4612,1233,0.89,0.03,14,2535,1391,8119.53,0.97,1750,1
SHP00612,Supplier_B,Processors,4859,313,0.9,0.32,7,1605,8951,1611.16,0.0,420,0
SHP00613,Supplier_D,Batteries,3591,914,0.9,0.15,7,1856,7831,2581.47,0.66,403,1
SHP00614,Supplier_B,Microchips,3811,1603,0.71,0.35,19,345,3773,5882.94,0.86,618,1
SHP00615,Supplier_B,Microchips,3788,1758,0.96,0.27,6,2744,3416,4789.42,0.93,1026,1
SHP00616,Supplier_C,Microchips,1479,1550,0.8,0.05,18,2041,2238,17542.72,0.14,1040,0
SHP00617,Supplier_A,Batteries,4343,401,0.92,0.24,26,2130,7712,19733.98,0.7,2339,1
SHP00618,Supplier_D,Processors,2145,1618,0.92,0.11,26,1447,1740,16425.14,0.11,2169,1
SHP00619,Supplier_C,Microchips,3148,1846,0.89,0.1,4,81,7470,14732.05,0.35,2978,1
SHP00620,Supplier_C,Processors,1488,1283,0.81,0.1,6,604,8491,11978.17,0.73,179,1
SHP00621,Supplier_D,Batteries,501,1569,0.88,0.32,4,354,1368,15513.21,0.35,1407,0
SHP00622,Supplier_B,Processors,2753,1968,0.71,0.18,24,842,5909,18967.15,0.31,2575,1
SHP00623,Supplier_C,Batteries,4424,1915,0.92,0.24,14,1181,6219,12226.22,0.12,202,1
SHP00624,Supplier_B,Batteries,4023,1455,0.73,0.11,16,145,8604,3514.96,0.07,828,0
SHP00625,Supplier_A,Sensors,367,725,0.82,0.19,18,1139,7206,3695.24,0.12,241,0
SHP00626,Supplier_B,Batteries,4321,1554,0.73,0.14,16,2618,2647,11885.32,0.88,2550,1
SHP00627,Supplier_A,Batteries,1825,968,0.94,0.13,6,279,3824,7002.64,0.01,1055,0
SHP00628,Supplier_B,Displays,1212,54,0.86,0.1,23,2830,5170,18249.82,0.69,869,1
SHP00629,Supplier_C,Microchips,2775,83,0.9,0.15,15,407,6909,12427.03,0.77,918,0
SHP00630,Supplier_C,Sensors,4884,1865,0.9,0.24,12,451,4781,13691.61,0.57,839,0
SHP00631,Supplier_A,Sensors,1380,1218,0.94,0.09,29,839,4128,613.5,0.73,1713,0
SHP00632,Supplier_D,Sensors,1332,400,0.74,0.34,15,148,2979,10227.55,0.65,261,1
SHP00633,Supplier_A,Displays,4476,632,0.89,0.06,8,320,7612,8907.71,0.46,693,1
SHP00634,Supplier_A,Batteries,4638,514,0.87,0.18,4,1848,7022,14264.5,0.38,2363,1
SHP00635,Supplier_B,Microchips,1963,397,0.71,0.05,24,411,7081,7961.45,0.94,662,0
SHP00636,Supplier_B,Processors,4584,1815,0.76,0.03,21,1237,8832,19543.21,0.97,1014,0
SHP00637,Supplier_A,Batteries,716,174,0.78,0.32,11,2625,2255,13568.96,0.65,1799,0
SHP00638,Supplier_C,Displays,246,1863,0.72,0.29,12,589,1299,13368.41,0.2,2398,1
SHP00639,Supplier_B,Batteries,4716,1344,0.8,0.25,7,1915,8809,18427.15,0.45,824,1
SHP00640,Supplier_D,Batteries,4825,406,0.71,0.31,6,2692,5521,19906.49,0.5,2009,1
SHP00641,Supplier_B,Displays,3777,576,0.86,0.28,21,882,4042,4357.5,0.76,1533,0
SHP00642,Supplier_B,Sensors,388,1827,0.76,0.23,23,2494,9592,16305.4,0.67,2822,0
SHP00643,Supplier_D,Sensors,1509,547,0.78,0.3,14,1109,2280,3665.23,0.51,1442,0
SHP00644,Supplier_A,Microchips,113,1226,0.96,0.15,13,2592,5589,9412.35,0.68,1995,0
SHP00645,Supplier_D,Microchips,356,102,0.85,0.2,20,363,9133,2453.62,0.02,487,0
SHP00646,Supplier_A,Sensors,1821,198,0.78,0.28,20,2587,7632,12655.73,0.78,2232,1
SHP00647,Supplier_A,Processors,1523,552,0.87,0.05,22,1349,3784,9636.1,0.21,2662,0
SHP00648,Supplier_A,Batteries,3090,919,0.76,0.3,28,282,8398,12759.63,0.66,104,1
SHP00649,Supplier_D,Processors,1295,1523,0.72,0.07,6,1689,7708,13720.23,0.11,2382,0
SHP00650,Supplier_A,Batteries,4659,268,0.71,0.31,26,1079,8173,12578.93,0.11,474,1
SHP00651,Supplier_C,Sensors,4465,1698,0.98,0.12,21,2761,5159,6233.57,0.04,2422,0
SHP00652,Supplier_D,Microchips,1344,1873,0.91,0.13,22,293,3300,16820.7,0.91,1494,0
SHP00653,Supplier_C,Microchips,3323,1350,0.93,0.04,29,2338,7250,11257.88,0.6,1012,1
SHP00654,Supplier_A,Processors,3570,501,0.98,0.31,10,2655,8969,10052.1,0.36,1655,0
SHP00655,Supplier_B,Microchips,4267,1501,0.97,0.08,5,2172,4991,19747.74,0.79,1023,0
SHP00656,Supplier_A,Sensors,4069,132,0.91,0.23,16,2380,1513,6028.4,0.63,940,0
SHP00657,Supplier_C,Processors,1406,1291,0.9,0.23,4,1608,5231,10796.59,0.62,1830,0
SHP00658,Supplier_C,Batteries,2221,787,0.8,0.11,24,136,7552,13805.33,0.49,1517,1
SHP00659,Supplier_D,Microchips,2502,1855,0.73,0.35,8,930,9312,2941.91,0.01,2808,1
SHP00660,Supplier_B,Displays,596,576,0.87,0.04,25,1222,3847,7407.67,0.26,727,1
SHP00661,Supplier_D,Microchips,3499,453,0.87,0.22,21,209,2117,16132.93,0.11,2151,0
SHP00662,Supplier_C,Batteries,3706,339,0.98,0.18,21,2543,9696,5116.79,0.66,2681,0
SHP00663,Supplier_A,Processors,1009,469,0.83,0.1,15,2179,8861,10119.16,0.25,1825,1
SHP00664,Supplier_B,Batteries,472,388,0.9,0.07,15,2279,3238,12797.3,0.45,1647,1
SHP00665,Supplier_A,Displays,4557,826,0.87,0.26,10,2967,7600,13587.67,0.35,2553,1
SHP00666,Supplier_A,Sensors,1444,760,0.75,0.32,27,1599,3433,14702.05,0.14,1536,0
SHP00667,Supplier_B,Microchips,423,1743,0.87,0.06,24,527,9994,17386.56,0.96,2464,1
SHP00668,Supplier_D,Processors,2531,1918,0.86,0.08,4,2280,8009,8160.76,0.93,2686,0
SHP00669,Supplier_A,Sensors,4770,1036,0.84,0.35,10,1629,8166,14279.32,0.08,2487,1
SHP00670,Supplier_C,Batteries,4931,1008,0.85,0.02,22,2271,5373,14777.41,0.83,618,0
SHP00671,Supplier_A,Processors,2884,1492,0.75,0.19,5,2111,9146,6355.35,0.49,2034,0
SHP00672,Supplier_B,Sensors,2493,1982,0.83,0.19,18,2010,2471,19379.08,0.77,1553,0
SHP00673,Supplier_B,Processors,4020,1280,0.88,0.11,26,2170,2428,17371.77,0.15,1023,1
SHP00674,Supplier_B,Displays,1315,735,0.84,0.24,7,2611,5874,6152.3,0.13,1550,1
SHP00675,Supplier_D,Displays,1795,1769,0.84,0.33,17,1795,8923,13663.84,0.89,1645,1
SHP00676,Supplier_A,Microchips,2007,1338,0.72,0.17,28,651,5306,14497.11,0.9,790,1
SHP00677,Supplier_D,Microchips,4914,1831,0.76,0.27,19,2440,4781,8913.93,0.47,1071,0
SHP00678,Supplier_D,Displays,880,1109,0.79,0.23,14,1469,3317,17342.99,0.87,1072,0
SHP00679,Supplier_B,Processors,1119,422,0.82,0.18,8,1968,7688,13959.47,0.67,2762,1
SHP00680,Supplier_B,Displays,3365,1561,0.87,0.04,4,382,2006,13334.02,0.19,2358,0
SHP00681,Supplier_D,Microchips,1503,1332,0.95,0.26,7,404,2637,4806.39,0.33,546,1
SHP00682,Supplier_A,Displays,1526,1043,0.75,0.14,25,896,6111,8452.93,0.14,169,0
SHP00683,Supplier_C,Displays,763,580,0.7,0.09,4,212,8449,8961.49,0.77,1424,0
SHP00684,Supplier_D,Processors,2747,973,0.83,0.33,29,165,4287,14806.39,0.99,1917,0
SHP00685,Supplier_A,Sensors,110,72,0.83,0.28,13,1152,6440,12558.69,0.55,2429,0
SHP00686,Supplier_B,Microchips,1138,153,0.86,0.34,6,1520,3861,2174.28,0.66,1277,1
SHP00687,Supplier_B,Processors,2925,290,0.94,0.1,23,1956,1638,6500.11,0.75,2609,0
SHP00688,Supplier_A,Displays,3103,1054,0.93,0.3,18,1096,9684,9724.43,0.22,467,0
SHP00689,Supplier_C,Displays,4780,952,0.73,0.22,11,2888,6725,14866.29,0.34,1983,1
SHP00690,Supplier_B,Sensors,1175,1946,0.97,0.34,8,592,3175,14999.6,0.41,1312,0
SHP00691,Supplier_B,Microchips,3188,1789,0.73,0.33,5,463,6595,10065.59,0.59,2533,1
SHP00692,Supplier_B,Microchips,1889,1326,0.88,0.34,11,731,2485,2780.18,0.85,2188,1
SHP00693,Supplier_A,Batteries,3136,1215,0.89,0.33,28,691,7581,6211.62,0.25,784,1
SHP00694,Supplier_D,Microchips,4938,863,0.9,0.02,8,1482,5543,5466.5,0.47,1080,1
SHP00695,Supplier_B,Sensors,3753,704,0.78,0.26,24,718,6221,15730.02,0.75,1873,1
SHP00696,Supplier_D,Batteries,3275,1524,0.8,0.11,12,2119,9750,4009.73,0.09,2929,0
SHP00697,Supplier_C,Batteries,4399,832,0.86,0.25,22,1018,4748,9565.96,0.51,2824,1
SHP00698,Supplier_B,Displays,1176,356,0.76,0.34,9,1754,6032,13579.02,0.14,2664,0
SHP00699,Supplier_B,Displays,1073,1573,0.71,0.03,9,1230,7426,19313.33,0.54,2020,0
SHP00700,Supplier_C,Microchips,1965,1695,0.86,0.21,6,2427,5009,19985.19,0.77,787,0
SHP00701,Supplier_B,Batteries,3225,57,0.83,0.26,6,1095,6323,19081.98,0.24,2188,1
SHP00702,Supplier_D,Displays,1399,1142,0.89,0.1,8,1545,9277,14505.73,0.85,252,0
SHP00703,Supplier_A,Sensors,3506,1775,0.74,0.09,23,1337,6443,15055.6,0.33,657,1
SHP00704,Supplier_D,Displays,1258,1764,0.94,0.04,5,2999,7307,15304.6,0.19,1736,0
SHP00705,Supplier_A,Displays,3229,624,0.74,0.05,3,1848,4128,17320.8,0.47,1170,1
SHP00706,Supplier_A,Batteries,204,1141,0.96,0.24,25,773,5301,19059.82,0.88,2477,1
SHP00707,Supplier_D,Batteries,3667,1791,0.83,0.19,20,1209,7027,9191.27,0.07,2900,1
SHP00708,Supplier_D,Processors,4448,961,0.86,0.03,3,301,6409,8621.96,0.33,102,0
SHP00709,Supplier_D,Sensors,4490,1481,0.96,0.34,17,254,1946,9479.06,0.65,875,1
SHP00710,Supplier_D,Batteries,1281,567,0.79,0.24,13,1929,4208,13366.43,0.36,1159,0
SHP00711,Supplier_C,Microchips,4744,1192,0.75,0.19,16,2929,4440,15621.19,0.07,2958,1
SHP00712,Supplier_B,Sensors,3238,1898,0.83,0.11,11,840,2545,17475.62,0.33,342,0
SHP00713,Supplier_A,Sensors,4494,1104,0.77,0.24,24,1134,4507,9396.11,0.82,1954,1
SHP00714,Supplier_D,Batteries,3634,1591,0.85,0.14,27,514,1029,7585.77,0.97,1541,1
SHP00715,Supplier_D,Sensors,4296,532,0.78,0.25,7,1891,2409,19675.38,0.04,2366,0
SHP00716,Supplier_D,Batteries,3227,256,0.95,0.25,25,1375,4679,5021.81,0.57,2348,1
SHP00717,Supplier_C,Displays,1874,718,0.88,0.05,14,1545,9720,4829.09,0.11,493,0
SHP00718,Supplier_D,Processors,3914,628,0.7,0.32,7,443,6147,14450.45,0.68,700,0
SHP00719,Supplier_D,Displays,191,436,0.93,0.18,24,1680,1125,4003.32,0.01,2416,1
SHP00720,Supplier_D,Batteries,546,461,0.8,0.15,3,2078,5908,8288.48,0.01,935,0
SHP00721,Supplier_B,Batteries,208,1915,0.79,0.34,27,2757,7642,6201.54,0.78,2271,1
SHP00722,Supplier_C,Displays,4512,1443,0.81,0.16,15,961,4258,3789.85,0.07,499,0
SHP00723,Supplier_D,Microchips,3339,1426,0.88,0.26,19,1332,9845,11804.29,0.31,2428,1
SHP00724,Supplier_A,Microchips,4153,1409,0.83,0.24,7,2627,9141,7783.47,0.96,1107,1
SHP00725,Supplier_A,Microchips,4637,940,0.88,0.07,26,1260,9932,9513.57,0.99,866,1
SHP00726,Supplier_A,Batteries,1345,955,0.74,0.35,20,1285,3261,4319.33,0.16,532,0
SHP00727,Supplier_C,Sensors,2820,1362,0.98,0.17,28,1108,8953,15473.4,0.56,499,0
SHP00728,Supplier_C,Batteries,377,1012,0.91,0.15,27,1220,9482,6636.89,0.56,1125,1
SHP00729,Supplier_A,Sensors,3156,1014,0.77,0.32,15,1322,2693,7183.0,0.45,428,1
SHP00730,Supplier_D,Displays,4764,189,0.91,0.19,14,106,6887,5417.0,0.92,734,1
SHP00731,Supplier_C,Processors,3022,349,0.87,0.25,9,1942,5644,8970.87,0.75,1871,0
SHP00732,Supplier_A,Sensors,2613,1086,0.73,0.3,6,2619,3821,9539.74,0.76,2530,1
SHP00733,Supplier_A,Microchips,938,713,0.75,0.1,14,1798,4662,10828.5,0.27,1712,1
SHP00734,Supplier_D,Batteries,2901,1501,0.71,0.08,7,410,6194,19367.58,0.43,177,0
SHP00735,Supplier_B,Displays,129,874,0.93,0.04,23,2331,2395,18141.49,0.49,431,0
SHP00736,Supplier_C,Microchips,1357,1937,0.86,0.32,28,1998,3967,12383.16,0.3,2310,1
SHP00737,Supplier_D,Displays,464,449,0.79,0.09,29,272,4961,1258.62,0.09,249,0
SHP00738,Supplier_A,Processors,1900,1041,0.74,0.12,27,1689,3614,12439.08,0.13,2104,1
SHP00739,Supplier_A,Batteries,1004,1182,0.84,0.11,28,376,7870,2248.54,0.18,2707,0
SHP00740,Supplier_D,Batteries,4893,1558,0.85,0.12,20,1171,2544,14351.71,0.2,2773,0
SHP00741,Supplier_C,Processors,2278,1961,0.9,0.24,12,1299,6225,8106.51,0.24,1628,0
SHP00742,Supplier_B,Batteries,2950,1429,0.98,0.33,28,1807,8986,16835.08,0.26,2723,0
SHP00743,Supplier_B,Sensors,2936,198,0.83,0.13,17,885,5882,18879.32,0.46,249,1
SHP00744,Supplier_A,Displays,4546,1952,0.82,0.15,6,2586,5433,8633.65,0.51,1708,0
SHP00745,Supplier_C,Microchips,279,1789,0.81,0.27,13,2575,8034,9480.83,0.31,461,0
SHP00746,Supplier_B,Processors,3973,356,0.94,0.16,18,1034,2096,12007.88,0.91,1816,0
SHP00747,Supplier_C,Sensors,4060,1606,0.75,0.33,3,1407,2204,4344.09,0.55,2521,0
SHP00748,Supplier_C,Microchips,1286,1133,0.8,0.19,11,841,8947,18582.99,0.79,2918,0
SHP00749,Supplier_A,Microchips,4059,484,0.91,0.13,16,1936,8319,8943.5,0.92,194,0
SHP00750,Supplier_B,Processors,873,70,0.7,0.34,20,2609,4583,3753.0,0.16,1718,0
SHP00751,Supplier_D,Sensors,4705,924,0.78,0.16,21,431,8539,15373.27,0.43,2229,0
SHP00752,Supplier_A,Microchips,4560,431,0.89,0.1,26,1496,8140,4773.45,0.43,732,1
SHP00753,Supplier_B,Microchips,452,294,0.75,0.08,18,1421,3038,3298.82,0.35,2560,1
SHP00754,Supplier_B,Sensors,4607,1975,0.79,0.35,20,1924,9179,11476.01,0.01,2150,1
SHP00755,Supplier_B,Batteries,4930,1146,0.84,0.27,20,2549,6926,13594.16,0.82,112,1
SHP00756,Supplier_B,Microchips,3128,1522,0.82,0.15,14,2058,9223,11606.47,0.11,263,0
SHP00757,Supplier_B,Displays,217,1149,0.73,0.29,14,1192,3974,13301.96,1.0,716,0
SHP00758,Supplier_C,Sensors,581,747,0.97,0.2,17,263,4568,2752.72,0.77,1468,1
SHP00759,Supplier_A,Microchips,4387,639,0.71,0.12,23,614,9206,9782.35,0.58,265,1
SHP00760,Supplier_C,Processors,2737,439,0.92,0.27,22,781,9298,7461.86,0.15,2207,0
SHP00761,Supplier_D,Displays,206,1650,0.72,0.27,4,488,4793,19480.69,0.52,1868,0
SHP00762,Supplier_B,Microchips,4577,1415,0.84,0.19,5,2852,1201,1467.67,0.26,2529,1
SHP00763,Supplier_A,Displays,4978,1363,0.75,0.03,28,1638,8956,6316.74,0.25,2937,1
SHP00764,Supplier_B,Displays,343,617,0.74,0.05,8,678,8385,18866.31,0.83,760,0
SHP00765,Supplier_A,Batteries,2732,1404,0.74,0.28,4,952,7007,19678.18,0.38,1246,1
SHP00766,Supplier_C,Displays,4663,308,0.83,0.29,10,1520,2794,16585.58,0.45,566,0
SHP00767,Supplier_A,Batteries,965,475,0.85,0.24,9,444,2408,1981.97,0.84,615,1
SHP00768,Supplier_D,Sensors,3081,1775,0.74,0.3,19,296,1916,11446.42,0.09,2628,0
SHP00769,Supplier_D,Batteries,1661,1079,0.98,0.26,22,2345,5431,8302.4,0.59,2384,1
SHP00770,Supplier_A,Processors,703,55,0.77,0.32,15,1686,8778,16225.83,0.58,819,1
SHP00771,Supplier_A,Microchips,3162,240,0.83,0.07,21,2696,7346,1572.97,0.43,271,0
SHP00772,Supplier_A,Sensors,4118,197,0.76,0.15,29,2962,4166,4344.01,0.83,1508,1
SHP00773,Supplier_A,Sensors,2115,454,0.84,0.17,6,1522,8344,10039.3,0.94,1569,0
SHP00774,Supplier_D,Processors,1758,307,0.92,0.12,4,2181,1064,3574.13,0.47,2354,0
SHP00775,Supplier_B,Batteries,3480,779,0.85,0.26,11,2870,5648,14007.95,0.46,1273,0
SHP00776,Supplier_A,Microchips,3867,1552,0.78,0.32,12,1294,5319,16504.96,0.5,1859,1
SHP00777,Supplier_A,Batteries,3870,139,0.77,0.16,18,2148,4650,14238.14,0.72,670,0
SHP00778,Supplier_D,Displays,1713,873,0.92,0.33,9,2647,7398,9085.53,0.67,904,0
SHP00779,Supplier_D,Batteries,1979,1937,0.73,0.19,10,2868,3015,17628.56,0.22,1274,0
SHP00780,Supplier_C,Sensors,4208,59,0.81,0.19,9,1030,5024,3184.88,0.06,212,0
SHP00781,Supplier_A,Microchips,2446,1160,0.74,0.22,21,1260,7314,5576.6,0.95,1355,1
SHP00782,Supplier_C,Batteries,1199,1835,0.77,0.11,29,1598,9804,10046.02,0.26,2041,1
SHP00783,Supplier_D,Microchips,1174,887,0.74,0.15,3,2562,9843,1696.1,0.64,2635,0
SHP00784,Supplier_D,Microchips,886,1224,0.96,0.2,5,468,2387,2365.87,0.83,2530,0
SHP00785,Supplier_B,Displays,248,1037,0.91,0.33,17,2184,6179,8250.15,0.3,1497,0
SHP00786,Supplier_A,Displays,1854,674,0.86,0.23,10,308,7598,18905.78,0.64,797,0
SHP00787,Supplier_C,Sensors,2269,79,0.77,0.13,27,2408,7479,18214.07,0.11,1874,0
SHP00788,Supplier_D,Processors,3856,177,0.85,0.02,10,2270,5763,9586.51,0.97,1370,1
SHP00789,Supplier_D,Microchips,1279,1151,0.85,0.34,22,1569,5109,3272.09,0.06,2771,0
SHP00790,Supplier_C,Processors,3409,470,0.87,0.18,6,1318,6535,3973.1,0.44,2854,0
SHP00791,Supplier_B,Sensors,2523,1128,0.72,0.33,27,989,4128,7862.15,0.54,2272,1
SHP00792,Supplier_D,Microchips,4277,1553,0.98,0.2,4,2602,5866,4596.45,0.79,455,1
SHP00793,Supplier_A,Microchips,4687,354,0.83,0.22,15,2426,6085,2118.02,0.12,338,0
SHP00794,Supplier_D,Processors,1024,595,0.97,0.25,16,245,1537,13638.66,0.44,612,1
SHP00795,Supplier_A,Batteries,1703,1178,0.7,0.13,7,111,8929,11838.25,0.3,2780,0
SHP00796,Supplier_C,Displays,3152,1245,0.77,0.25,17,611,6031,6180.29,0.31,2748,0
SHP00797,Supplier_A,Batteries,4318,1572,0.73,0.19,24,2994,6998,15689.49,0.78,1123,1
SHP00798,Supplier_C,Processors,4903,71,0.92,0.24,29,2941,8679,15631.0,0.01,1300,1
SHP00799,Supplier_A,Displays,2477,1360,0.79,0.3,11,89,3037,10074.54,0.75,1529,1
SHP00800,Supplier_C,Batteries,3580,440,0.94,0.08,15,1817,2243,2382.38,0.81,2261,1
SHP00801,Supplier_A,Displays,3282,666,0.94,0.22,13,2825,8117,18410.15,0.9,1028,0
SHP00802,Supplier_B,Microchips,2917,198,0.89,0.04,10,2087,9724,13538.88,0.63,1917,0
SHP00803,Supplier_A,Batteries,3260,1345,0.89,0.05,24,2554,4130,5317.49,0.33,126,1
SHP00804,Supplier_A,Displays,4905,1861,0.9,0.24,20,2975,6479,12403.86,0.43,1541,1
SHP00805,Supplier_B,Displays,4989,348,0.9,0.04,13,1925,2653,8397.92,0.97,2746,1
SHP00806,Supplier_D,Displays,811,221,0.81,0.22,14,837,9304,12889.32,0.88,691,0
SHP00807,Supplier_D,Batteries,2686,96,0.9,0.09,24,1926,8974,9740.48,0.46,1585,0
SHP00808,Supplier_A,Sensors,2748,675,0.96,0.12,14,51,3304,9966.71,0.94,2327,0
SHP00809,Supplier_B,Batteries,1817,1860,0.8,0.06,18,1542,7920,14849.7,0.82,666,1
SHP00810,Supplier_A,Processors,4452,1889,0.97,0.1,3,1179,4814,12467.65,0.9,346,0
SHP00811,Supplier_C,Batteries,970,256,0.7,0.29,21,2313,9412,2059.08,0.68,1623,1
SHP00812,Supplier_C,Displays,3674,502,0.8,0.23,24,826,6038,1774.78,0.86,2464,0
SHP00813,Supplier_A,Microchips,370,1468,0.74,0.33,10,2776,4781,6447.68,0.89,1356,0
SHP00814,Supplier_D,Batteries,1643,974,0.74,0.04,22,1832,2958,8889.8,0.09,1058,1
SHP00815,Supplier_D,Batteries,649,803,0.94,0.28,9,463,2296,5866.84,0.97,2929,0
SHP00816,Supplier_A,Displays,4763,1374,0.97,0.25,8,259,7341,13203.47,0.33,1085,1
SHP00817,Supplier_A,Microchips,4114,757,0.93,0.11,6,2013,6723,4304.6,0.44,1873,0
SHP00818,Supplier_C,Microchips,4554,1058,0.98,0.26,20,2140,6082,14230.75,0.79,1191,1
SHP00819,Supplier_D,Processors,1812,725,0.76,0.26,4,2235,5322,15576.44,0.66,2924,1
SHP00820,Supplier_A,Batteries,3340,1249,0.74,0.17,14,1694,8301,2924.23,0.89,2110,1
SHP00821,Supplier_C,Microchips,1462,904,0.85,0.25,7,1633,4228,13190.72,0.4,846,0
SHP00822,Supplier_D,Microchips,4993,832,0.94,0.17,27,2735,7568,19248.0,0.37,1674,0
SHP00823,Supplier_B,Sensors,1384,1183,0.71,0.13,12,2566,2475,4260.06,0.03,1778,1
SHP00824,Supplier_C,Sensors,986,733,0.99,0.17,5,775,3407,18231.41,0.46,444,0
SHP00825,Supplier_D,Microchips,2358,1012,0.87,0.32,4,1462,8543,12317.94,0.72,2199,0
SHP00826,Supplier_D,Processors,4482,913,0.98,0.15,5,1271,1935,12023.42,0.3,2952,1
SHP00827,Supplier_C,Microchips,1885,1275,0.81,0.15,4,2299,6415,1512.49,0.46,691,0
SHP00828,Supplier_B,Displays,4938,217,0.83,0.22,14,2289,3245,15091.86,0.22,792,0
SHP00829,Supplier_C,Batteries,3643,1687,0.92,0.27,16,156,6689,9826.32,0.77,1263,0
SHP00830,Supplier_D,Processors,395,135,0.93,0.26,13,376,5337,14562.9,0.06,508,0
SHP00831,Supplier_A,Displays,2153,1727,0.77,0.03,16,2847,7572,16279.03,0.71,2482,1
SHP00832,Supplier_A,Processors,2697,898,0.97,0.25,27,693,4950,10714.03,0.38,1404,1
SHP00833,Supplier_C,Displays,780,1798,0.95,0.17,12,406,3658,5641.06,0.04,504,1
SHP00834,Supplier_D,Batteries,4990,1124,0.71,0.19,12,2692,7149,3260.66,0.85,2269,1
SHP00835,Supplier_A,Batteries,4398,1185,0.74,0.21,14,2598,8485,3629.81,0.49,1846,1
SHP00836,Supplier_D,Sensors,424,1536,0.84,0.26,13,1357,4283,17405.23,0.6,1979,1
SHP00837,Supplier_C,Displays,2391,491,0.83,0.29,7,2565,2296,2909.77,0.73,746,1
SHP00838,Supplier_A,Sensors,4522,320,0.91,0.23,24,557,2647,8001.53,0.66,1583,0
SHP00839,Supplier_D,Displays,1086,1650,0.73,0.21,21,2203,9551,7018.36,0.73,2836,0
SHP00840,Supplier_A,Sensors,3218,393,0.89,0.14,20,1139,4452,17376.39,0.76,1162,0
SHP00841,Supplier_C,Batteries,860,1256,0.88,0.07,20,244,9092,9815.02,0.59,2222,1
SHP00842,Supplier_D,Processors,3793,552,0.77,0.34,28,1261,6629,19930.71,0.37,964,0
SHP00843,Supplier_A,Sensors,1136,1917,0.86,0.17,4,96,4244,14872.57,0.24,1684,1
SHP00844,Supplier_C,Displays,1006,1083,0.76,0.21,17,1435,8187,17093.01,0.9,316,0
SHP00845,Supplier_A,Displays,464,543,0.74,0.27,10,2634,5025,2424.11,0.97,842,0
SHP00846,Supplier_A,Batteries,3513,1307,0.87,0.04,28,1651,9694,5435.49,0.36,517,0
SHP00847,Supplier_B,Displays,1169,1371,0.98,0.3,28,1560,7370,3141.2,0.11,755,1
SHP00848,Supplier_B,Microchips,4469,293,0.77,0.28,15,896,5204,9540.63,0.22,963,1
SHP00849,Supplier_C,Processors,2355,1582,0.8,0.28,29,1652,4812,14506.61,0.67,2955,1
SHP00850,Supplier_B,Sensors,3786,1424,0.77,0.03,4,758,8254,3796.74,0.17,1642,0
SHP00851,Supplier_C,Processors,4319,316,0.78,0.19,4,857,1785,3038.29,0.78,395,0
SHP00852,Supplier_B,Batteries,3181,1703,0.82,0.04,25,2709,1227,12484.87,0.92,549,1
SHP00853,Supplier_A,Sensors,3358,1729,0.9,0.2,21,164,5947,4991.1,0.96,1351,1
SHP00854,Supplier_C,Sensors,2207,942,0.71,0.26,8,2777,8477,9846.84,0.01,2250,0
SHP00855,Supplier_C,Microchips,3033,250,0.98,0.06,20,680,1827,1496.8,0.96,1215,0
SHP00856,Supplier_A,Batteries,2929,288,0.71,0.25,25,2316,1378,13771.95,0.74,2937,0
SHP00857,Supplier_C,Displays,541,1407,0.96,0.17,4,246,7256,11055.67,0.08,1822,0
SHP00858,Supplier_C,Microchips,1659,964,0.96,0.29,22,450,7082,13124.75,0.42,2293,1
SHP00859,Supplier_B,Microchips,1841,1488,0.85,0.2,2,2846,9482,5870.42,0.7,2266,0
SHP00860,Supplier_C,Processors,725,1018,0.74,0.13,13,2778,4548,5932.76,0.96,1626,1
SHP00861,Supplier_D,Processors,3963,533,0.86,0.13,22,2089,8688,16126.53,0.16,363,0
SHP00862,Supplier_A,Processors,1790,1510,0.88,0.32,7,125,1059,14511.97,0.13,1399,0
SHP00863,Supplier_B,Microchips,2881,295,0.95,0.17,8,1499,6431,11804.71,0.47,2812,1
SHP00864,Supplier_B,Displays,190,1931,0.86,0.15,3,336,3670,12748.8,0.97,2333,0
SHP00865,Supplier_D,Sensors,3106,1081,0.82,0.03,19,1618,4339,2333.86,0.97,886,0
SHP00866,Supplier_A,Processors,4402,201,0.94,0.14,26,1372,3789,17195.34,0.23,992,0
SHP00867,Supplier_A,Displays,1188,1465,0.98,0.3,16,910,4654,15513.19,0.32,2509,0
SHP00868,Supplier_B,Batteries,4711,260,0.89,0.27,16,791,6548,12014.58,0.91,335,1
SHP00869,Supplier_C,Processors,1280,416,0.95,0.09,11,1780,6102,18412.61,0.73,1565,0
SHP00870,Supplier_B,Sensors,2001,993,0.87,0.16,18,2391,8518,3788.44,0.97,1701,1
SHP00871,Supplier_A,Batteries,4590,1743,0.9,0.08,19,858,3662,13889.82,0.89,1174,1
SHP00872,Supplier_D,Batteries,286,1643,0.9,0.33,19,2983,1201,19278.14,0.22,450,1
SHP00873,Supplier_B,Sensors,1697,135,0.9,0.22,16,2009,8087,6545.17,0.76,516,0
SHP00874,Supplier_A,Processors,3508,1128,0.79,0.27,27,463,9662,798.2,0.05,2990,1
SHP00875,Supplier_B,Microchips,3847,1786,0.87,0.26,24,480,8943,14829.92,0.82,843,1
SHP00876,Supplier_C,Sensors,2770,1707,0.87,0.31,7,1863,4026,636.12,0.6,1105,1
SHP00877,Supplier_B,Sensors,4925,495,0.79,0.33,10,1303,4356,17514.41,0.96,112,0
SHP00878,Supplier_B,Sensors,339,669,0.8,0.03,12,1968,4973,1597.87,0.96,1950,1
SHP00879,Supplier_A,Batteries,2680,353,0.92,0.34,16,2268,5471,13228.91,0.05,905,0
SHP00880,Supplier_A,Displays,4336,181,0.87,0.31,24,1390,5237,7855.09,0.16,2360,1
SHP00881,Supplier_A,Microchips,238,1494,0.74,0.15,4,593,4123,4465.14,0.48,369,0
SHP00882,Supplier_B,Processors,2606,953,0.94,0.3,20,1564,3307,18016.04,0.88,1083,1
SHP00883,Supplier_C,Processors,4265,1458,0.96,0.26,2,1461,7003,15051.79,0.81,2088,0
SHP00884,Supplier_D,Displays,4580,1037,0.84,0.28,25,121,4790,7138.59,0.96,873,1
SHP00885,Supplier_D,Sensors,4825,1271,0.76,0.09,18,1072,6935,6040.99,0.62,2059,1
SHP00886,Supplier_A,Microchips,2345,96,0.97,0.23,12,581,7521,14852.24,0.26,2328,0
SHP00887,Supplier_A,Processors,4400,1813,0.96,0.03,19,2336,4110,16813.13,0.03,1862,0
SHP00888,Supplier_B,Processors,1849,806,0.77,0.3,12,2808,9539,14459.08,0.22,1388,0
SHP00889,Supplier_D,Sensors,667,1276,0.73,0.33,29,626,2601,12979.79,0.68,1116,1
SHP00890,Supplier_A,Displays,981,1334,0.83,0.24,8,1162,4777,4944.53,0.93,2253,0
SHP00891,Supplier_C,Microchips,739,739,0.9,0.19,2,1995,5923,17129.68,0.32,2980,0
SHP00892,Supplier_C,Displays,4061,1097,0.75,0.26,13,762,6919,15118.41,0.88,586,0
SHP00893,Supplier_A,Displays,4520,736,0.85,0.13,5,1608,4778,10586.85,0.39,503,1
SHP00894,Supplier_A,Microchips,4637,835,0.82,0.23,26,691,9513,10475.96,0.31,489,0
SHP00895,Supplier_D,Microchips,4999,389,0.96,0.26,9,2687,6863,11598.87,0.51,707,0
SHP00896,Supplier_D,Processors,2435,461,0.82,0.07,16,2287,1179,16651.39,0.44,222,1
SHP00897,Supplier_B,Processors,4421,1334,0.85,0.07,12,861,4965,14974.06,0.91,2936,1
SHP00898,Supplier_D,Microchips,3085,335,0.98,0.26,9,1064,9220,17196.78,0.47,136,0
SHP00899,Supplier_C,Batteries,659,1586,0.79,0.16,13,2722,9929,10392.01,0.28,1903,0
SHP00900,Supplier_C,Processors,813,1159,0.78,0.31,4,1412,4719,12680.66,0.84,809,0
SHP00901,Supplier_A,Batteries,4693,899,0.93,0.12,22,2071,7330,17164.15,1.0,866,1
SHP00902,Supplier_D,Microchips,4088,479,0.78,0.03,5,2726,1054,5030.24,0.65,602,0
SHP00903,Supplier_B,Processors,356,1654,0.94,0.23,28,1590,7657,9158.4,0.25,2744,0
SHP00904,Supplier_C,Displays,676,80,0.73,0.25,13,2986,8998,12602.72,0.24,191,0
SHP00905,Supplier_C,Microchips,137,1783,0.73,0.2,9,1911,3064,18345.35,0.06,199,0
SHP00906,Supplier_B,Sensors,2172,652,0.96,0.25,28,833,5183,808.8,0.08,785,1
SHP00907,Supplier_B,Batteries,4605,489,0.86,0.19,24,720,4294,4645.18,0.91,1850,0
SHP00908,Supplier_C,Microchips,560,1034,0.91,0.25,24,2819,4855,5071.78,0.1,493,1
SHP00909,Supplier_C,Microchips,1540,1422,0.77,0.03,11,2623,3751,6868.95,0.48,693,1
SHP00910,Supplier_B,Processors,4578,1968,0.75,0.14,27,2634,1724,5994.84,0.7,2981,1
SHP00911,Supplier_C,Processors,1932,461,0.94,0.09,24,896,9049,12007.71,0.85,985,0
SHP00912,Supplier_A,Processors,4764,577,0.8,0.05,2,1291,3499,17769.6,0.17,604,1
SHP00913,Supplier_A,Sensors,3499,359,0.83,0.1,14,1327,2329,12921.07,0.44,1240,0
SHP00914,Supplier_B,Processors,532,998,0.71,0.08,8,1434,6117,5209.77,0.25,1877,0
SHP00915,Supplier_D,Microchips,4251,1469,0.81,0.34,21,1814,3627,17343.18,0.26,2937,1
SHP00916,Supplier_B,Processors,1851,1861,0.92,0.11,29,227,3450,12824.89,0.3,2638,0
SHP00917,Supplier_B,Displays,2147,1411,0.94,0.1,4,325,8057,4769.76,0.59,441,0
SHP00918,Supplier_D,Processors,2940,723,0.9,0.3,17,2409,8865,7552.5,0.02,2617,1
SHP00919,Supplier_D,Sensors,356,486,0.9,0.16,13,1715,5294,15904.31,0.41,233,0
SHP00920,Supplier_D,Displays,771,753,0.85,0.16,6,840,2730,14909.16,0.19,2824,0
SHP00921,Supplier_A,Microchips,589,712,0.86,0.17,19,1726,9149,11743.36,0.97,311,0
SHP00922,Supplier_C,Microchips,3814,414,0.92,0.16,9,1474,2123,3322.97,0.58,684,1
SHP00923,Supplier_A,Batteries,2196,972,0.77,0.13,13,1290,8193,16164.14,0.87,1536,1
SHP00924,Supplier_C,Displays,1782,162,0.77,0.11,29,2795,5621,6497.08,0.2,456,1
SHP00925,Supplier_A,Batteries,4511,1858,0.98,0.31,26,76,2488,15546.16,0.81,2600,1
SHP00926,Supplier_C,Displays,2560,225,0.71,0.07,22,2519,1264,13127.54,0.41,1200,0
SHP00927,Supplier_A,Displays,4629,1222,0.74,0.08,4,2598,3029,5651.32,0.18,1850,0
SHP00928,Supplier_D,Sensors,4012,1251,0.87,0.21,17,2422,7874,4641.2,0.76,1800,1
SHP00929,Supplier_B,Batteries,2075,985,0.91,0.13,11,1397,4766,3052.74,0.76,1809,0
SHP00930,Supplier_A,Sensors,3316,431,0.86,0.16,24,1640,9587,5217.95,1.0,636,1
SHP00931,Supplier_C,Displays,1489,1296,0.8,0.29,18,1776,8056,3577.67,0.78,2568,0
SHP00932,Supplier_D,Microchips,4615,1332,0.98,0.32,11,334,9299,12532.5,0.15,250,0
SHP00933,Supplier_A,Displays,3956,1858,0.9,0.28,4,1162,4563,12176.27,0.32,1855,0
SHP00934,Supplier_A,Sensors,1684,1262,0.94,0.1,26,1118,9071,11930.36,0.45,2650,0
SHP00935,Supplier_D,Batteries,3063,355,0.71,0.34,3,2595,8849,13016.85,0.13,987,0
SHP00936,Supplier_A,Batteries,4629,1451,0.77,0.14,28,961,7035,16388.3,0.79,842,1
SHP00937,Supplier_B,Sensors,1076,651,0.81,0.08,15,1864,8959,18314.28,0.53,2662,0
SHP00938,Supplier_A,Batteries,3464,392,0.75,0.18,10,2242,4196,4992.32,0.94,1708,1
SHP00939,Supplier_B,Processors,145,1847,0.72,0.26,28,131,2185,11961.6,0.59,2482,0
SHP00940,Supplier_B,Microchips,1293,205,0.77,0.05,18,1029,5131,2027.56,0.52,2731,1
SHP00941,Supplier_D,Microchips,3442,761,0.85,0.23,5,1240,4075,2842.78,0.07,1535,0
SHP00942,Supplier_A,Microchips,4612,1128,0.9,0.3,29,1822,1412,13259.62,0.15,1341,1
SHP00943,Supplier_D,Batteries,346,1839,0.92,0.11,27,1875,9674,9988.32,0.85,307,0
SHP00944,Supplier_A,Batteries,3319,1515,0.71,0.25,23,2585,4847,15287.48,0.99,2999,1
SHP00945,Supplier_A,Displays,4425,1758,0.82,0.15,16,1823,9794,8800.71,0.42,2724,0
SHP00946,Supplier_C,Displays,891,1273,0.74,0.16,14,1383,8974,2988.17,0.81,1408,1
SHP00947,Supplier_A,Microchips,736,452,0.83,0.11,24,2057,2081,17505.05,0.63,2855,0
SHP00948,Supplier_D,Processors,3875,663,0.83,0.23,20,131,5355,2116.33,0.96,1754,1
SHP00949,Supplier_B,Displays,2521,846,0.84,0.14,10,143,8662,4184.81,0.24,2825,1
SHP00950,Supplier_A,Displays,4933,1736,0.96,0.29,5,1394,9216,5901.05,0.54,2379,0
SHP00951,Supplier_C,Batteries,1188,672,0.93,0.34,22,392,9389,19907.97,0.41,1765,0
SHP00952,Supplier_D,Processors,4283,1851,0.88,0.33,9,2894,3626,8628.77,0.54,1088,0
SHP00953,Supplier_A,Microchips,3259,652,0.96,0.07,29,2458,9614,10283.32,0.27,980,1
SHP00954,Supplier_D,Displays,812,226,0.9,0.02,16,1904,2141,15509.09,0.5,2751,0
SHP00955,Supplier_C,Processors,4796,498,0.94,0.16,15,1139,7935,12910.1,0.62,2479,1
SHP00956,Supplier_C,Processors,3744,792,0.86,0.26,4,673,2120,16907.7,0.08,2959,0
SHP00957,Supplier_D,Microchips,3990,1614,0.85,0.34,25,917,5527,9985.45,0.74,306,1
SHP00958,Supplier_A,Processors,2686,350,0.91,0.28,28,2526,8106,19457.46,0.71,1749,1
SHP00959,Supplier_B,Processors,4409,756,0.71,0.21,18,220,7693,16037.84,0.88,2508,0
SHP00960,Supplier_C,Processors,2208,356,0.9,0.03,9,1832,5903,8326.63,0.43,1474,1
SHP00961,Supplier_A,Displays,4893,800,0.97,0.29,15,627,1055,7934.8,0.06,2520,1
SHP00962,Supplier_A,Microchips,3714,918,0.91,0.08,14,117,7758,18625.08,0.46,1224,1
SHP00963,Supplier_B,Processors,1342,1969,0.71,0.04,16,1565,3263,13846.1,0.14,2691,1
SHP00964,Supplier_C,Processors,2159,1340,0.81,0.3,12,1107,9212,12617.96,0.65,1593,1
SHP00965,Supplier_C,Displays,3586,263,0.93,0.21,28,50,7353,15277.7,0.05,2278,1
SHP00966,Supplier_A,Microchips,4432,1667,0.98,0.06,16,2248,9482,11436.26,0.37,628,0
SHP00967,Supplier_A,Batteries,3910,1713,0.81,0.15,13,951,2994,3603.75,0.08,1600,1
SHP00968,Supplier_B,Displays,4000,532,0.94,0.05,27,1857,1834,6724.7,0.0,1371,1
SHP00969,Supplier_B,Microchips,2705,1335,0.95,0.23,25,2355,5283,11379.92,0.96,1519,1
SHP00970,Supplier_C,Processors,4842,1140,0.74,0.11,23,799,6270,854.27,1.0,1699,1
SHP00971,Supplier_D,Microchips,3134,1647,0.95,0.31,22,2725,5309,9028.34,0.56,177,1
SHP00972,Supplier_C,Microchips,4668,182,0.79,0.14,10,844,2501,15238.16,0.24,1835,0
SHP00973,Supplier_A,Microchips,4307,1722,0.87,0.18,23,2116,5688,3702.56,0.91,140,0
SHP00974,Supplier_C,Batteries,4151,1613,0.86,0.04,16,1869,5136,1758.9,0.92,2405,0
SHP00975,Supplier_D,Microchips,3463,561,0.89,0.11,2,2132,1019,16802.57,0.85,1304,1
SHP00976,Supplier_B,Batteries,4121,260,0.91,0.24,13,420,2032,12536.84,0.54,389,1
SHP00977,Supplier_D,Processors,1945,1037,0.83,0.26,7,2588,4274,3943.29,0.07,1248,0
SHP00978,Supplier_D,Batteries,482,1036,0.96,0.1,2,2914,1747,16222.95,0.09,2771,0
SHP00979,Supplier_D,Processors,4212,766,0.93,0.19,23,2104,8004,13333.52,0.9,1591,1
SHP00980,Supplier_B,Processors,4688,302,0.93,0.29,20,2646,1967,7015.33,0.88,1358,1
SHP00981,Supplier_D,Batteries,3910,87,0.83,0.15,23,420,4547,7835.83,0.43,1623,1
SHP00982,Supplier_D,Displays,1996,1116,0.71,0.06,14,1738,3798,3539.82,0.33,2861,1
SHP00983,Supplier_D,Sensors,1609,678,0.84,0.16,7,806,4015,16787.48,0.64,2699,0
SHP00984,Supplier_A,Microchips,4312,1478,0.96,0.22,18,1188,7605,10425.63,0.81,810,1
SHP00985,Supplier_D,Sensors,1678,1036,0.76,0.02,14,1410,2804,11361.87,0.73,1060,0
SHP00986,Supplier_B,Microchips,979,1775,0.98,0.14,10,2671,3023,17728.09,0.62,922,0
SHP00987,Supplier_D,Microchips,2262,95,0.93,0.22,9,2778,9592,808.7,0.23,2221,0
SHP00988,Supplier_D,Processors,1672,1527,0.91,0.33,16,1215,5432,1805.0,0.26,104,1
SHP00989,Supplier_B,Microchips,1748,1751,0.9,0.15,19,1558,4324,3650.79,0.72,923,0
SHP00990,Supplier_D,Microchips,4839,354,0.87,0.07,3,1511,8163,1085.74,0.8,217,0
SHP00991,Supplier_B,Batteries,1459,1788,0.91,0.2,22,2185,2877,13334.05,0.12,2891,1
SHP00992,Supplier_D,Sensors,4531,282,0.82,0.11,27,512,4675,12860.65,0.19,760,0
SHP00993,Supplier_B,Batteries,3069,294,0.95,0.09,3,530,7961,4610.64,0.68,1437,1
SHP00994,Supplier_D,Microchips,4060,1794,0.9,0.21,12,872,1005,3413.43,0.39,1324,1
SHP00995,Supplier_D,Processors,3911,809,0.92,0.32,2,573,6533,3340.85,0.56,1666,0
SHP00996,Supplier_A,Batteries,4342,1368,0.93,0.3,19,2308,9777,19088.21,0.61,2896,1
SHP00997,Supplier_A,Batteries,4317,888,0.73,0.08,22,293,6175,14023.34,0.78,2577,0
SHP00998,Supplier_D,Displays,180,1456,0.72,0.27,28,288,4878,11915.86,0.81,766,1
SHP00999,Supplier_D,Microchips,2832,207,0.93,0.1,27,1270,4469,6788.49,0.28,1833,1
SHP01000,Supplier_C,Processors,2809,1478,0.78,0.12,8,818,5333,8944.34,0.54,2306,1
SHP01001,Supplier_B,Batteries,2522,1074,0.87,0.32,22,284,7633,2243.41,0.12,2828,1
SHP01002,Supplier_C,Batteries,3741,266,0.83,0.32,18,2284,4093,19963.96,0.84,1543,1
SHP01003,Supplier_A,Processors,4699,977,0.71,0.08,17,2810,1857,15224.17,0.85,1185,1
SHP01004,Supplier_A,Microchips,767,556,0.71,0.04,8,546,8618,12618.34,0.3,1115,0
SHP01005,Supplier_A,Displays,2596,810,0.94,0.12,23,1569,8977,11961.46,0.16,2808,1
SHP01006,Supplier_A,Batteries,3599,953,0.88,0.21,8,1953,3550,10334.13,0.07,1285,0
SHP01007,Supplier_D,Displays,3598,630,0.85,0.31,3,2284,2225,5519.83,0.57,1136,0
SHP01008,Supplier_A,Sensors,1544,1103,0.97,0.06,6,1684,9845,4914.61,0.09,516,0
SHP01009,Supplier_D,Microchips,1445,676,0.75,0.16,15,985,8453,11215.88,0.68,1247,0
SHP01010,Supplier_D,Sensors,1289,569,0.77,0.11,9,1318,8400,1868.92,0.68,969,0
SHP01011,Supplier_A,Sensors,558,1954,0.92,0.02,13,2410,5556,1952.18,0.61,715,0
SHP01012,Supplier_A,Sensors,1312,324,0.92,0.28,8,868,3717,11435.87,0.88,1126,0
SHP01013,Supplier_B,Microchips,4659,541,0.82,0.29,7,71,4392,18436.33,0.38,1033,0
SHP01014,Supplier_C,Microchips,1011,876,0.98,0.09,14,2165,9154,18328.3,0.9,861,0
SHP01015,Supplier_A,Processors,1125,1000,0.97,0.07,23,2489,7122,711.15,0.04,1888,1
SHP01016,Supplier_B,Displays,2511,975,0.7,0.07,13,1138,5528,2594.19,0.11,1846,1
SHP01017,Supplier_B,Displays,171,896,0.75,0.17,18,1877,2081,11870.02,0.41,2730,0
SHP01018,Supplier_C,Processors,2785,1109,0.94,0.1,17,2040,7639,17045.28,0.59,370,1
SHP01019,Supplier_D,Processors,1293,1384,0.8,0.19,2,778,8018,19111.76,0.03,1673,0
SHP01020,Supplier_A,Sensors,1948,1117,0.73,0.15,8,2638,7105,17281.35,0.57,2105,0
SHP01021,Supplier_C,Processors,2484,1228,0.93,0.09,4,2665,5750,13713.46,0.31,826,0
SHP01022,Supplier_A,Batteries,2122,1150,0.83,0.27,7,1923,3654,4410.24,0.89,533,0
SHP01023,Supplier_B,Displays,3841,1663,0.84,0.07,29,2997,1155,1916.12,0.53,621,1
SHP01024,Supplier_B,Processors,4848,1686,0.75,0.28,22,261,5296,1426.56,0.59,2759,1
SHP01025,Supplier_D,Batteries,1398,1511,0.89,0.21,4,1823,4069,12435.5,0.95,2637,0
SHP01026,Supplier_B,Batteries,4202,1505,0.86,0.29,23,249,2963,1205.68,0.76,909,1
SHP01027,Supplier_B,Batteries,1004,1615,0.76,0.02,4,1036,5594,14915.18,0.44,2893,1
SHP01028,Supplier_C,Batteries,3126,88,0.8,0.27,9,227,8663,14393.18,0.48,1322,0
SHP01029,Supplier_A,Sensors,2128,288,0.87,0.04,15,1496,7303,2052.41,0.65,535,0
SHP01030,Supplier_A,Batteries,4811,1086,0.97,0.33,24,980,7142,18179.14,0.2,2833,0
SHP01031,Supplier_C,Sensors,2720,171,0.97,0.25,10,2086,4755,10677.62,0.09,2364,0
SHP01032,Supplier_D,Sensors,2746,193,0.78,0.13,6,1535,1830,18136.55,0.31,1633,1
SHP01033,Supplier_A,Batteries,4965,733,0.91,0.13,29,2141,7574,18081.4,0.78,2187,0
SHP01034,Supplier_B,Displays,2389,504,0.92,0.3,16,1504,7121,4342.16,0.26,797,0
SHP01035,Supplier_A,Batteries,3972,417,0.93,0.32,18,217,7074,7921.26,0.13,1612,0
SHP01036,Supplier_B,Batteries,1585,808,0.87,0.31,28,2384,2342,3125.21,0.22,891,0
SHP01037,Supplier_D,Batteries,3251,296,0.7,0.29,11,2806,8679,15612.07,0.68,1372,1
SHP01038,Supplier_C,Displays,1540,972,0.92,0.29,28,2434,8329,10330.44,0.61,2827,1
SHP01039,Supplier_A,Microchips,865,1118,0.73,0.21,9,635,2844,18611.75,0.69,2551,1
SHP01040,Supplier_C,Microchips,4579,814,0.73,0.03,19,1965,1461,4560.2,0.32,1152,1
SHP01041,Supplier_A,Sensors,2538,424,0.88,0.05,7,2280,3991,13923.17,0.9,2184,0
SHP01042,Supplier_B,Sensors,4192,1364,0.99,0.23,18,65,7843,19790.12,0.45,2654,0
SHP01043,Supplier_C,Displays,4883,256,0.77,0.15,23,1653,1200,13474.93,0.51,1781,1
SHP01044,Supplier_A,Processors,1249,1997,0.89,0.21,5,2984,1515,1841.09,0.95,2407,0
SHP01045,Supplier_B,Microchips,3665,568,0.79,0.1,22,886,6871,11974.27,0.98,2136,1
SHP01046,Supplier_C,Sensors,4242,291,0.96,0.23,16,2207,6450,4006.93,0.66,2781,0
SHP01047,Supplier_C,Microchips,2072,1695,0.87,0.1,11,1626,5839,1094.8,0.94,2064,0
SHP01048,Supplier_A,Displays,2766,1187,0.76,0.17,24,355,7490,7031.73,0.54,2559,1
SHP01049,Supplier_A,Displays,563,868,0.78,0.18,14,2103,4231,5689.03,0.31,521,0
SHP01050,Supplier_A,Processors,4318,351,0.83,0.08,23,2940,4696,15881.03,0.32,1058,1
SHP01051,Supplier_B,Processors,2281,1349,0.74,0.31,2,1766,4293,7786.77,0.56,2810,0
SHP01052,Supplier_A,Displays,1742,1169,0.72,0.19,26,410,8001,14792.7,0.61,1456,1
SHP01053,Supplier_C,Sensors,3988,1367,0.9,0.31,23,1258,2629,816.66,0.44,1783,0
SHP01054,Supplier_C,Microchips,940,750,0.82,0.11,23,1908,5018,788.84,0.88,1576,0
SHP01055,Supplier_A,Batteries,2754,1433,0.91,0.08,10,2753,5489,1071.61,0.43,2146,0
SHP01056,Supplier_A,Processors,4218,337,0.73,0.03,29,2021,8563,4777.49,0.27,694,1
SHP01057,Supplier_D,Batteries,665,203,0.88,0.05,27,1173,3016,7792.76,0.01,1272,1
SHP01058,Supplier_C,Sensors,1064,1643,0.83,0.07,6,1163,9358,12352.99,0.97,2317,0
SHP01059,Supplier_B,Processors,2382,472,0.72,0.05,12,1033,1975,19725.32,0.82,1448,1
SHP01060,Supplier_D,Batteries,1095,1989,0.86,0.32,23,1319,5547,7410.99,0.62,2929,1
SHP01061,Supplier_A,Sensors,1287,899,0.72,0.32,23,2821,8305,1585.35,0.83,327,1
SHP01062,Supplier_A,Microchips,4411,99,0.94,0.33,24,2212,1859,4300.55,0.81,104,1
SHP01063,Supplier_C,Sensors,3354,1280,0.88,0.34,26,2373,4944,18008.11,0.93,251,1
SHP01064,Supplier_A,Processors,756,613,0.86,0.18,22,2177,1209,14137.89,0.39,2368,0
SHP01065,Supplier_B,Displays,3082,903,0.74,0.19,22,228,1213,15908.92,0.55,256,0
SHP01066,Supplier_C,Microchips,1213,932,0.78,0.06,5,610,6897,2921.28,0.1,2437,0
SHP01067,Supplier_A,Batteries,4506,711,0.84,0.07,27,2606,6782,3132.25,0.97,2425,1
SHP01068,Supplier_C,Processors,656,614,0.88,0.28,21,2357,8402,2688.8,0.99,1104,0
SHP01069,Supplier_A,Displays,3119,262,0.75,0.3,17,1859,1303,17214.8,0.79,980,1
SHP01070,Supplier_A,Sensors,2404,1139,0.7,0.28,29,341,8276,4594.37,0.45,1082,1
SHP01071,Supplier_A,Displays,2680,1305,0.8,0.3,25,2982,8000,13041.46,0.5,1094,1
SHP01072,Supplier_B,Processors,151,1958,0.84,0.11,19,340,9174,10565.24,0.44,2493,0
SHP01073,Supplier_B,Processors,1461,860,0.75,0.17,27,591,1860,11115.6,0.29,1836,0
SHP01074,Supplier_C,Displays,1294,899,0.84,0.17,9,1959,5047,4310.99,0.53,1722,0
SHP01075,Supplier_A,Sensors,4119,1736,0.8,0.35,3,2861,2855,12887.3,0.05,2727,1
SHP01076,Supplier_A,Displays,3238,1790,0.83,0.33,18,643,7951,1340.46,0.99,2053,1
SHP01077,Supplier_B,Processors,1748,1393,0.8,0.22,11,1478,3167,19872.71,0.42,712,0
SHP01078,Supplier_A,Processors,771,1840,0.88,0.07,14,997,6959,1021.8,0.93,2091,0
SHP01079,Supplier_B,Batteries,877,1210,0.71,0.11,16,2577,2633,1478.05,0.72,2821,0
SHP01080,Supplier_A,Batteries,2379,930,0.75,0.14,10,1398,3474,6830.62,0.29,2460,0
SHP01081,Supplier_C,Microchips,3122,1720,0.83,0.31,28,430,6040,16716.69,0.22,2025,1
SHP01082,Supplier_A,Processors,1960,1639,0.8,0.08,9,1754,3377,5515.19,1.0,1706,1
SHP01083,Supplier_A,Batteries,3239,1138,0.81,0.09,7,359,4411,9702.73,0.77,272,1
SHP01084,Supplier_D,Displays,1174,1587,0.93,0.14,5,1743,5659,850.56,0.25,1292,0
SHP01085,Supplier_B,Sensors,1816,1205,0.96,0.33,19,1548,5275,2038.15,0.07,1226,0
SHP01086,Supplier_A,Displays,1383,383,0.77,0.19,25,2944,5385,12355.34,0.7,327,1
SHP01087,Supplier_A,Sensors,4786,81,0.94,0.23,4,2522,9677,4289.99,0.3,2086,0
SHP01088,Supplier_D,Batteries,2086,917,0.83,0.15,27,1215,8275,14037.96,0.22,1334,0
SHP01089,Supplier_D,Microchips,2733,947,0.78,0.08,5,710,1772,15815.13,0.73,1232,0
SHP01090,Supplier_B,Displays,1101,1945,0.99,0.09,22,2323,2832,17081.52,0.68,2340,1
SHP01091,Supplier_D,Displays,1146,1571,0.94,0.28,14,1547,8605,3109.09,0.48,620,0
SHP01092,Supplier_C,Displays,2276,1316,0.99,0.31,21,2122,2299,9382.42,0.94,525,0
SHP01093,Supplier_D,Sensors,2438,1265,0.75,0.18,12,2192,9373,18968.09,0.68,2221,1
SHP01094,Supplier_C,Batteries,1955,1215,0.74,0.14,9,2605,9337,15555.63,0.89,442,1
SHP01095,Supplier_B,Displays,600,1733,0.85,0.29,26,614,6163,2780.73,0.19,470,1
SHP01096,Supplier_B,Displays,2333,650,0.89,0.24,15,1655,2839,10298.75,0.3,2548,0
SHP01097,Supplier_B,Microchips,4674,1634,0.75,0.03,15,1249,5594,18486.42,0.1,321,1
SHP01098,Supplier_B,Microchips,2639,1721,0.95,0.14,17,693,1802,9080.76,0.3,739,0
SHP01099,Supplier_B,Batteries,4708,1037,0.85,0.25,15,1481,4950,16829.64,0.97,1635,1
SHP01100,Supplier_C,Batteries,3814,1264,0.82,0.21,2,2587,2318,10168.95,0.96,1458,0
SHP01101,Supplier_C,Processors,2432,1222,0.87,0.34,3,2000,7118,2582.83,0.76,2521,0
SHP01102,Supplier_B,Microchips,700,648,0.88,0.31,29,508,5626,3383.17,0.52,1130,0
SHP01103,Supplier_D,Processors,4384,1489,0.71,0.04,21,2998,3940,1410.18,0.78,836,1
SHP01104,Supplier_A,Sensors,1088,569,0.99,0.26,2,387,8569,4308.64,0.55,1512,0
SHP01105,Supplier_B,Processors,1981,1808,0.81,0.13,12,1404,8398,17925.47,0.0,2583,0
SHP01106,Supplier_D,Displays,4583,918,0.72,0.25,7,2063,6458,13178.86,0.5,1239,0
SHP01107,Supplier_A,Processors,1854,65,0.95,0.22,16,394,3052,14907.71,0.6,837,0
SHP01108,Supplier_B,Batteries,2564,1881,0.99,0.19,13,625,7454,12622.4,0.27,664,0
SHP01109,Supplier_B,Sensors,2323,1179,0.94,0.3,6,1620,7305,8037.52,0.2,1126,0
SHP01110,Supplier_C,Displays,4582,332,0.95,0.25,24,1597,9407,4728.79,0.27,1953,1
SHP01111,Supplier_A,Processors,1594,1177,0.88,0.31,13,992,1785,18549.48,0.62,643,1
SHP01112,Supplier_A,Sensors,952,410,0.97,0.11,23,395,7979,10539.18,0.15,1203,0
SHP01113,Supplier_D,Sensors,551,1731,0.71,0.13,15,374,2635,9881.45,0.72,2783,0
SHP01114,Supplier_C,Displays,2424,1108,0.92,0.23,15,2564,8338,19924.03,0.42,948,1
SHP01115,Supplier_C,Processors,1858,162,0.89,0.34,20,2188,4109,7986.63,0.35,2968,1
SHP01116,Supplier_C,Sensors,4408,357,0.71,0.14,6,343,7053,17155.44,0.81,495,0
SHP01117,Supplier_C,Sensors,3453,1984,0.86,0.03,4,573,6004,17315.71,0.51,488,0
SHP01118,Supplier_A,Microchips,4236,1008,0.85,0.17,26,2947,6756,5037.07,0.38,1435,1
SHP01119,Supplier_A,Sensors,4795,1126,0.9,0.2,19,308,8445,2349.37,0.88,1634,1
SHP01120,Supplier_B,Microchips,3438,1932,0.72,0.28,7,1160,1284,19524.59,0.37,2595,1
SHP01121,Supplier_B,Processors,2688,1154,0.93,0.26,10,1567,3413,8804.99,0.86,144,1
SHP01122,Supplier_C,Processors,1882,1689,0.74,0.34,27,2283,2643,543.3,0.5,2079,1
SHP01123,Supplier_C,Processors,3620,883,0.82,0.28,8,2441,8235,10230.85,0.21,2551,0
SHP01124,Supplier_C,Batteries,1879,1442,0.96,0.12,22,870,7335,12576.36,0.61,2456,0
SHP01125,Supplier_B,Processors,3232,291,0.86,0.23,19,1942,1643,15633.72,0.29,1964,0
SHP01126,Supplier_D,Sensors,3673,80,0.81,0.24,3,2838,8311,18887.37,0.15,1907,0
SHP01127,Supplier_D,Displays,3318,1902,0.71,0.35,21,1589,9217,18345.83,0.09,2374,1
SHP01128,Supplier_B,Microchips,3857,753,0.89,0.07,11,618,4937,18832.65,0.24,448,1
SHP01129,Supplier_B,Batteries,4116,918,0.99,0.08,13,558,5807,1126.44,0.74,2260,0
SHP01130,Supplier_B,Processors,2937,1434,0.96,0.07,3,1613,7336,14379.6,0.84,2423,1
SHP01131,Supplier_B,Processors,2481,282,0.91,0.21,29,2113,7524,4904.23,0.86,825,0
SHP01132,Supplier_B,Displays,4339,1683,0.73,0.06,14,574,2025,4157.28,0.27,2234,1
SHP01133,Supplier_B,Displays,4036,1107,0.77,0.24,9,2297,6722,16106.21,0.66,903,1
SHP01134,Supplier_C,Batteries,4528,1316,0.75,0.29,27,1257,2068,8634.03,0.23,2169,1
SHP01135,Supplier_C,Microchips,1519,1000,0.8,0.16,24,358,5098,18373.7,0.62,484,0
SHP01136,Supplier_C,Processors,4250,108,0.77,0.21,8,1889,9015,1327.48,0.89,1144,0
SHP01137,Supplier_C,Batteries,1430,820,0.77,0.32,4,1433,1175,16142.53,0.04,1811,0
SHP01138,Supplier_B,Sensors,3017,1602,0.88,0.21,24,2356,9095,3168.27,0.99,590,1
SHP01139,Supplier_D,Sensors,1546,1151,0.79,0.09,9,1992,2143,3943.26,0.83,1590,1
SHP01140,Supplier_A,Batteries,1540,767,0.9,0.13,22,1230,6893,9808.36,0.76,1579,0
SHP01141,Supplier_B,Processors,3844,351,0.97,0.19,2,2522,8341,8214.0,0.69,2920,1
SHP01142,Supplier_A,Batteries,2944,1751,0.89,0.07,16,2876,4510,9980.36,0.77,1803,0
SHP01143,Supplier_D,Processors,4275,852,0.92,0.22,2,1094,5062,18830.52,0.99,320,1
SHP01144,Supplier_C,Displays,964,946,0.92,0.35,13,2736,8797,13319.08,0.77,2112,1
SHP01145,Supplier_D,Batteries,571,161,0.8,0.24,12,1061,1950,6161.03,0.35,690,0
SHP01146,Supplier_B,Processors,1602,1486,0.7,0.14,17,399,5436,3871.72,0.61,1621,1
SHP01147,Supplier_C,Batteries,4784,1973,0.72,0.13,5,1010,3744,8690.9,0.34,912,0
SHP01148,Supplier_B,Batteries,1510,366,0.78,0.33,3,487,9312,9307.0,0.97,242,0
SHP01149,Supplier_C,Processors,3870,1938,0.9,0.31,24,505,5670,12225.24,0.9,1949,1
SHP01150,Supplier_A,Processors,2005,1218,0.96,0.18,4,2721,2920,5687.05,0.57,144,0
SHP01151,Supplier_A,Microchips,4759,717,0.98,0.14,29,1619,6612,15466.43,0.78,550,1
SHP01152,Supplier_A,Batteries,4101,739,0.71,0.25,5,1153,7419,2419.97,0.91,1359,1
SHP01153,Supplier_D,Sensors,3604,1931,0.99,0.12,26,1525,7172,11428.84,0.24,1103,1
SHP01154,Supplier_B,Batteries,3583,1721,0.79,0.06,19,1668,6930,12658.87,0.58,781,1
SHP01155,Supplier_D,Batteries,4662,1900,0.94,0.12,13,1562,4808,4533.22,0.48,1417,1
SHP01156,Supplier_A,Processors,698,67,0.75,0.16,25,692,5738,16607.22,0.77,2096,0
SHP01157,Supplier_B,Batteries,1091,1424,0.72,0.1,2,441,7495,12500.93,0.38,2294,0
SHP01158,Supplier_A,Batteries,2032,1228,0.81,0.09,4,2671,2104,13091.58,0.71,892,0
SHP01159,Supplier_D,Sensors,2884,1857,0.95,0.02,5,2130,5389,10206.0,0.4,1594,1
SHP01160,Supplier_D,Processors,3141,1579,0.76,0.23,7,970,4884,18237.09,0.11,1172,0
SHP01161,Supplier_D,Batteries,166,827,0.74,0.22,18,1673,1732,14031.59,0.11,116,0
SHP01162,Supplier_A,Displays,3498,409,0.96,0.08,9,1995,2581,7945.79,0.12,248,1
SHP01163,Supplier_B,Microchips,2850,381,0.97,0.33,19,2507,4679,5152.81,0.03,1678,0
SHP01164,Supplier_B,Sensors,569,1991,0.7,0.16,17,1164,4852,1885.7,0.53,1335,1
SHP01165,Supplier_A,Batteries,1824,577,0.91,0.03,22,462,3427,3724.54,0.67,1839,0
SHP01166,Supplier_B,Displays,4085,61,0.79,0.09,7,2396,1323,19857.32,0.13,1115,0
SHP01167,Supplier_A,Batteries,1731,1148,0.81,0.25,25,1838,4699,8431.95,0.61,816,0
SHP01168,Supplier_B,Batteries,874,261,0.84,0.09,20,2170,6181,18024.4,0.6,2997,1
SHP01169,Supplier_C,Processors,3112,1764,0.82,0.04,29,310,8313,3826.1,0.15,1659,0
SHP01170,Supplier_C,Processors,2603,690,0.85,0.22,26,2787,9553,8794.54,0.4,1668,0
SHP01171,Supplier_D,Processors,1586,332,0.87,0.19,29,2063,3100,19230.11,0.76,2086,1
SHP01172,Supplier_C,Displays,4119,1268,0.84,0.27,22,1385,3754,2277.08,0.02,1610,1
SHP01173,Supplier_C,Batteries,4327,829,0.9,0.27,9,1008,2472,12082.69,0.15,579,1
SHP01174,Supplier_C,Microchips,1029,1103,0.91,0.34,5,1898,2106,18423.85,1.0,1811,0
SHP01175,Supplier_A,Sensors,3112,1082,0.83,0.04,29,2088,2803,19018.83,0.73,143,0
SHP01176,Supplier_C,Processors,1605,1382,0.74,0.03,10,2829,9272,16997.15,0.46,974,0
SHP01177,Supplier_C,Processors,4829,1518,0.89,0.35,9,2782,7657,17190.72,0.63,2502,1
SHP01178,Supplier_D,Batteries,3044,1383,0.92,0.23,22,1238,7906,13217.57,0.85,1823,1
SHP01179,Supplier_C,Batteries,2919,726,0.89,0.26,20,2937,6355,4798.25,0.84,1135,1
SHP01180,Supplier_C,Displays,1284,754,0.87,0.05,2,384,3988,14748.23,0.32,455,0
SHP01181,Supplier_B,Displays,388,475,0.77,0.04,22,2829,8204,19578.5,0.49,573,0
SHP01182,Supplier_D,Processors,1911,1890,0.89,0.07,22,853,6776,10755.7,0.64,2200,0
SHP01183,Supplier_D,Batteries,627,1845,0.8,0.16,5,2487,9516,5583.6,0.07,2136,0
SHP01184,Supplier_D,Microchips,1016,1777,0.97,0.06,11,2857,3361,11682.69,0.95,2260,0
SHP01185,Supplier_D,Sensors,1808,640,0.89,0.17,27,2980,2234,13966.9,0.43,1939,0
SHP01186,Supplier_D,Batteries,3674,1764,0.78,0.21,9,1021,1102,4561.47,0.37,1743,1
SHP01187,Supplier_D,Batteries,3419,140,0.84,0.02,4,1144,5912,14524.19,0.91,1601,1
SHP01188,Supplier_A,Displays,1506,505,0.95,0.06,13,990,1746,11954.94,0.12,914,0
SHP01189,Supplier_C,Sensors,1341,493,0.8,0.14,27,952,5908,12440.82,0.04,1190,0
SHP01190,Supplier_D,Processors,3233,1800,0.85,0.04,10,1318,4691,6466.76,0.69,2467,1
SHP01191,Supplier_C,Batteries,898,128,0.9,0.06,4,73,4064,3527.7,0.39,2781,0
SHP01192,Supplier_C,Processors,1623,1548,0.92,0.1,5,606,6412,12657.27,0.76,500,0
SHP01193,Supplier_A,Batteries,4207,976,0.75,0.16,7,2798,2719,11931.54,0.07,1423,0
SHP01194,Supplier_D,Processors,2988,152,0.86,0.26,10,2500,3202,7091.24,0.38,104,1
SHP01195,Supplier_B,Sensors,2790,672,0.96,0.06,27,1446,6151,6269.93,0.24,1358,1
SHP01196,Supplier_A,Displays,4191,1529,0.98,0.26,3,2538,7026,7271.27,0.74,2134,1
SHP01197,Supplier_B,Sensors,1341,1039,0.89,0.3,3,1926,8737,10052.73,0.23,2594,0
SHP01198,Supplier_C,Microchips,790,1387,0.99,0.23,19,1807,6452,19508.98,0.46,1970,0
SHP01199,Supplier_C,Displays,627,1320,0.87,0.03,22,931,8184,15389.51,0.82,2145,1
SHP01200,Supplier_A,Sensors,1595,283,0.83,0.17,23,1928,2789,17108.92,0.92,2186,1
SHP01201,Supplier_A,Microchips,3925,1667,0.86,0.24,4,1292,1259,10360.17,0.72,299,1
SHP01202,Supplier_B,Batteries,2993,693,0.73,0.34,4,2582,2918,10759.41,0.43,1805,0
SHP01203,Supplier_D,Batteries,992,1308,0.82,0.33,19,1291,7504,4484.33,0.57,2168,0
SHP01204,Supplier_B,Processors,486,839,0.83,0.15,28,2128,6518,14560.39,0.69,2943,1
SHP01205,Supplier_A,Displays,1349,436,0.95,0.22,7,2419,7603,8720.89,0.87,2296,0
SHP01206,Supplier_B,Batteries,2628,896,0.92,0.31,2,1323,9175,14977.71,0.89,724,0
SHP01207,Supplier_A,Displays,4603,1684,0.87,0.29,26,615,8252,8476.58,0.93,2233,1
SHP01208,Supplier_B,Batteries,3628,87,0.8,0.18,16,2107,8230,2616.09,0.81,1225,0
SHP01209,Supplier_A,Processors,997,1234,0.75,0.11,12,727,1099,3874.55,0.15,2678,1
SHP01210,Supplier_A,Sensors,810,1535,0.8,0.07,11,900,4905,16325.62,0.75,2210,1
SHP01211,Supplier_A,Processors,3795,1522,0.9,0.18,5,334,3342,5543.02,0.81,1751,1
SHP01212,Supplier_D,Microchips,2786,1190,0.78,0.26,15,2250,9091,5654.91,0.88,791,0
SHP01213,Supplier_B,Batteries,4612,290,0.82,0.34,3,1602,4233,18622.68,0.92,2697,1
SHP01214,Supplier_B,Microchips,515,1099,0.81,0.3,14,420,6024,13323.89,0.51,913,0
SHP01215,Supplier_B,Microchips,1571,1721,0.92,0.09,17,2398,1327,2729.0,0.66,2555,1
SHP01216,Supplier_A,Displays,4280,611,0.96,0.26,13,1890,3289,3299.91,0.01,1727,0
SHP01217,Supplier_B,Batteries,4362,855,0.9,0.12,23,1928,2365,5811.16,0.57,620,0
SHP01218,Supplier_B,Microchips,2531,1979,0.8,0.25,6,2243,2408,12082.92,0.47,2680,0
SHP01219,Supplier_A,Sensors,2615,347,0.83,0.24,20,1660,1219,15180.1,0.96,2171,0
SHP01220,Supplier_C,Microchips,1195,854,0.74,0.11,4,2799,7407,5852.68,0.9,2242,1
SHP01221,Supplier_A,Sensors,909,203,0.75,0.1,22,190,4239,17477.52,0.8,395,0
SHP01222,Supplier_B,Displays,3144,781,0.75,0.05,21,2181,2269,2629.01,0.06,1254,0
SHP01223,Supplier_A,Microchips,1092,1725,0.74,0.04,22,1179,8542,4548.18,0.4,632,1
SHP01224,Supplier_C,Processors,1381,517,0.75,0.3,3,1677,4817,19424.07,0.7,1131,1
SHP01225,Supplier_A,Displays,4470,98,0.76,0.04,28,1428,8189,3127.52,0.03,987,0
SHP01226,Supplier_B,Sensors,1873,1727,0.73,0.05,18,2118,7857,17818.17,0.24,2532,0
SHP01227,Supplier_C,Displays,3661,95,0.89,0.1,22,1294,1067,14226.73,0.89,2695,0
SHP01228,Supplier_D,Microchips,3916,1748,0.99,0.31,12,1160,9934,1925.2,0.13,1529,1
SHP01229,Supplier_B,Batteries,1856,1358,0.95,0.13,2,1765,8225,9932.28,0.05,2520,0
SHP01230,Supplier_C,Batteries,2473,829,0.71,0.08,20,502,6383,10620.1,0.58,2704,0
SHP01231,Supplier_C,Sensors,2676,1701,0.82,0.26,9,391,3012,18676.72,0.95,2803,1
SHP01232,Supplier_D,Sensors,991,131,0.95,0.13,12,442,4069,8711.54,0.83,2146,0
SHP01233,Supplier_A,Batteries,4284,1117,0.74,0.13,9,1425,8666,9211.89,0.97,622,0
SHP01234,Supplier_A,Sensors,807,1779,0.95,0.26,26,1319,1290,2693.43,0.75,934,0
SHP01235,Supplier_B,Displays,2497,1843,0.87,0.1,18,1759,7312,12963.86,0.44,1477,0
SHP01236,Supplier_D,Processors,4582,1004,0.97,0.32,21,1020,8727,4612.49,0.95,610,0
SHP01237,Supplier_A,Processors,2234,322,0.95,0.21,7,1656,4679,2011.9,0.43,311,0
SHP01238,Supplier_D,Displays,2454,443,0.9,0.2,8,2255,4910,19939.92,0.35,1026,0
SHP01239,Supplier_A,Processors,4635,1859,0.89,0.11,22,2908,5651,5757.78,0.45,2772,1
SHP01240,Supplier_C,Microchips,1076,839,0.76,0.3,14,748,1352,3250.54,0.81,444,0
SHP01241,Supplier_A,Displays,834,644,0.73,0.21,8,215,2263,14140.06,0.92,435,1
SHP01242,Supplier_D,Sensors,2568,107,0.82,0.07,12,2131,2826,16522.8,0.36,1463,0
SHP01243,Supplier_C,Displays,2640,614,0.75,0.09,11,304,5378,1749.51,0.46,1997,1
SHP01244,Supplier_C,Batteries,732,50,0.73,0.17,9,351,2605,2555.17,0.9,2007,1
SHP01245,Supplier_C,Sensors,4368,265,0.79,0.28,11,2317,4398,2258.39,0.05,1801,0
SHP01246,Supplier_D,Batteries,4199,1390,0.95,0.33,23,984,5551,1415.71,0.78,2201,1
SHP01247,Supplier_B,Sensors,3001,1301,0.7,0.24,12,2606,4006,13359.4,0.45,704,0
SHP01248,Supplier_B,Processors,1763,1546,0.78,0.19,21,1555,2004,11972.11,0.38,395,1
SHP01249,Supplier_B,Displays,2115,1557,0.82,0.1,18,1306,6967,13424.73,0.45,2848,0
SHP01250,Supplier_D,Microchips,3281,815,0.85,0.24,12,1002,7428,10360.51,0.42,487,0
SHP01251,Supplier_C,Sensors,4163,720,0.75,0.34,17,2312,3078,16441.4,0.76,1925,0
SHP01252,Supplier_B,Sensors,2730,1360,0.98,0.18,6,294,3495,11160.03,0.93,1596,1
SHP01253,Supplier_D,Batteries,3972,560,0.87,0.07,11,2117,3261,18415.57,0.49,1667,0
SHP01254,Supplier_B,Processors,1154,1651,0.85,0.05,27,259,2737,9970.15,0.83,2037,0
SHP01255,Supplier_A,Batteries,480,964,0.7,0.11,27,475,4096,15917.84,0.73,1454,1
SHP01256,Supplier_B,Batteries,3182,1894,0.84,0.21,21,1030,8927,8443.53,0.33,2075,1
SHP01257,Supplier_B,Processors,2491,1531,0.94,0.33,6,2169,3444,8986.87,0.59,136,1
SHP01258,Supplier_C,Microchips,1692,144,0.76,0.12,21,227,1336,17055.34,0.67,282,1
SHP01259,Supplier_D,Batteries,4361,542,0.8,0.12,10,1596,3983,2599.37,0.02,2439,0
SHP01260,Supplier_C,Batteries,2847,814,0.71,0.18,4,1948,7998,11515.9,0.4,1645,0
SHP01261,Supplier_C,Sensors,2489,1071,0.98,0.32,4,2084,5998,14663.56,0.99,169,0
SHP01262,Supplier_C,Processors,3653,199,0.72,0.16,11,348,9863,15133.2,0.64,336,0
SHP01263,Supplier_C,Displays,3127,1096,0.96,0.09,8,2363,9187,12034.12,0.33,563,0
SHP01264,Supplier_C,Microchips,1307,805,0.79,0.07,3,2617,3595,9237.26,0.25,1241,0
SHP01265,Supplier_B,Microchips,3953,1288,0.87,0.17,26,324,3970,5585.26,0.21,290,1
SHP01266,Supplier_C,Processors,644,448,0.9,0.28,9,1778,4269,18233.81,0.4,1029,0
SHP01267,Supplier_C,Sensors,3181,459,0.74,0.12,13,1896,1478,7710.86,0.19,1986,1
SHP01268,Supplier_D,Sensors,3763,180,0.83,0.19,23,1844,1843,16080.35,0.14,2548,0
SHP01269,Supplier_A,Processors,2339,904,0.79,0.22,10,102,2625,1117.48,0.36,2014,0
SHP01270,Supplier_B,Sensors,2467,197,0.72,0.17,12,2909,2880,5027.3,0.61,416,1
SHP01271,Supplier_B,Microchips,3873,430,0.94,0.08,20,1895,9696,7238.9,0.15,817,1
SHP01272,Supplier_B,Microchips,2727,1182,0.71,0.32,21,1473,9301,13595.69,0.04,2369,1
SHP01273,Supplier_C,Displays,4031,601,0.89,0.21,24,1487,5492,6726.95,0.03,757,1
SHP01274,Supplier_C,Processors,2574,1194,0.79,0.26,18,1677,4480,1306.59,0.27,1312,0
SHP01275,Supplier_C,Batteries,3230,344,0.76,0.23,14,1997,9542,3890.42,0.19,2439,1
SHP01276,Supplier_D,Batteries,3607,1193,0.89,0.35,2,538,4042,5553.72,0.54,2370,0
SHP01277,Supplier_A,Displays,196,505,0.87,0.17,2,2599,3836,3932.93,0.46,857,0
SHP01278,Supplier_C,Displays,3958,1603,0.79,0.16,29,2404,9078,4472.63,0.32,2906,1
SHP01279,Supplier_A,Sensors,2808,218,0.85,0.14,9,466,8874,15494.66,0.83,1540,0
SHP01280,Supplier_D,Displays,3436,759,0.77,0.14,14,2606,7564,8534.66,0.5,2083,0
SHP01281,Supplier_B,Displays,556,1996,0.95,0.11,7,970,4628,8401.0,0.09,2185,0
SHP01282,Supplier_C,Batteries,4468,1216,0.79,0.34,4,1603,6017,19348.82,0.3,1576,1
SHP01283,Supplier_A,Sensors,3087,86,0.77,0.31,17,2735,9302,9210.69,0.97,1330,1
SHP01284,Supplier_A,Displays,4188,1771,0.92,0.12,11,715,8606,18589.33,0.98,2547,0
SHP01285,Supplier_C,Displays,3984,1334,0.71,0.12,8,55,2201,6331.73,0.25,2073,0
SHP01286,Supplier_B,Sensors,1131,280,0.78,0.05,23,2519,7003,8312.21,0.17,1483,1
SHP01287,Supplier_B,Processors,307,303,0.81,0.31,22,1524,1010,8227.53,0.5,2112,0
SHP01288,Supplier_B,Sensors,2037,378,0.96,0.14,4,2487,2501,11148.54,0.48,1129,0
SHP01289,Supplier_D,Batteries,1246,1976,0.98,0.21,15,2431,9320,11892.82,0.41,1097,0
SHP01290,Supplier_A,Processors,4399,1370,0.91,0.32,17,1521,8905,5338.44,0.53,1596,0
SHP01291,Supplier_A,Microchips,2664,1029,0.84,0.15,5,387,4603,15974.89,0.23,1727,0
SHP01292,Supplier_A,Sensors,542,59,0.89,0.29,14,2945,5195,10182.26,0.11,2660,0
SHP01293,Supplier_D,Batteries,4884,495,0.82,0.16,28,318,1289,637.35,0.57,2929,1
SHP01294,Supplier_A,Processors,932,971,0.79,0.25,28,2162,6688,12031.14,0.93,182,1
SHP01295,Supplier_D,Sensors,1561,885,0.98,0.16,2,2775,8393,16062.16,0.14,1500,0
SHP01296,Supplier_B,Displays,3616,1303,0.73,0.15,26,1137,8605,5384.1,0.7,2482,1
SHP01297,Supplier_C,Sensors,1259,1609,0.8,0.35,6,1343,3693,1238.48,0.44,758,0
SHP01298,Supplier_A,Microchips,486,127,0.96,0.22,19,706,9374,16239.98,0.29,2249,0
SHP01299,Supplier_A,Sensors,2141,1498,0.91,0.14,13,1450,1350,19537.4,0.85,1411,1
SHP01300,Supplier_B,Processors,2653,242,0.71,0.11,12,1918,4586,1992.99,0.46,2972,0
SHP01301,Supplier_C,Processors,1818,450,0.71,0.03,10,2878,6915,18791.72,0.58,1154,1
SHP01302,Supplier_D,Sensors,4875,158,0.85,0.25,29,2426,6584,7505.85,0.44,1437,0
SHP01303,Supplier_C,Processors,4150,841,0.84,0.14,8,2615,3849,18858.07,0.08,2301,0
SHP01304,Supplier_B,Displays,3509,1996,0.83,0.29,15,1706,5435,13152.37,0.59,2707,1
SHP01305,Supplier_B,Sensors,789,312,0.79,0.14,25,911,7404,17859.76,0.42,2014,0
SHP01306,Supplier_C,Displays,1269,378,0.99,0.14,4,2518,4927,15823.74,0.09,1676,0
SHP01307,Supplier_D,Displays,1052,412,0.78,0.28,17,1386,7514,1045.96,0.6,1042,0
SHP01308,Supplier_D,Batteries,4979,1940,0.84,0.18,8,2406,8440,1776.13,0.01,793,0
SHP01309,Supplier_A,Sensors,4690,1451,0.82,0.31,28,2911,6816,10752.02,0.21,331,0
SHP01310,Supplier_D,Processors,3596,1853,0.75,0.21,2,2943,7592,3027.57,0.78,1244,0
SHP01311,Supplier_C,Displays,4017,1414,0.76,0.1,7,1717,6825,9490.17,0.04,1952,0
SHP01312,Supplier_B,Batteries,4942,308,0.97,0.21,27,1875,4488,19115.29,0.65,487,0
SHP01313,Supplier_A,Sensors,2584,1408,0.95,0.02,7,1262,2895,6247.77,0.95,2050,0
SHP01314,Supplier_A,Sensors,1954,134,0.76,0.12,28,2818,3908,10033.8,0.17,2779,0
SHP01315,Supplier_B,Microchips,3539,1595,0.95,0.09,11,1115,2411,7993.06,0.42,963,1
SHP01316,Supplier_D,Microchips,3331,1874,0.76,0.24,13,2687,6457,12781.63,0.58,1349,1
SHP01317,Supplier_B,Displays,2697,1887,0.88,0.06,23,369,4999,4279.98,0.45,1747,1
SHP01318,Supplier_D,Microchips,4083,1644,0.72,0.12,20,1730,6448,5568.82,0.62,1318,1
SHP01319,Supplier_B,Displays,2291,357,0.96,0.13,7,494,9847,17245.97,0.4,908,0
SHP01320,Supplier_C,Processors,2735,311,0.71,0.02,15,1447,7292,16321.06,0.15,1149,0
SHP01321,Supplier_D,Displays,756,1971,0.86,0.04,4,335,9541,15889.2,0.09,2087,0
SHP01322,Supplier_C,Microchips,3912,846,0.93,0.12,11,2268,8008,15532.93,0.74,636,0
SHP01323,Supplier_A,Processors,3440,680,0.73,0.09,10,2360,2143,9459.03,0.24,2706,0
SHP01324,Supplier_B,Microchips,4011,729,0.82,0.06,24,1877,1397,14713.37,0.85,810,0
SHP01325,Supplier_A,Displays,1896,914,0.71,0.07,21,2239,1645,8050.49,0.74,1387,0
SHP01326,Supplier_A,Batteries,4463,1774,0.9,0.3,20,1513,8606,2463.84,0.05,1638,0
SHP01327,Supplier_A,Sensors,1862,1525,0.79,0.25,23,2725,5132,8170.81,0.2,1594,0
SHP01328,Supplier_A,Microchips,4572,1324,0.86,0.18,16,642,3234,3593.93,0.29,2386,1
SHP01329,Supplier_B,Displays,3385,373,0.97,0.32,10,465,2962,8121.61,0.59,2436,1
SHP01330,Supplier_A,Processors,1685,974,0.79,0.03,20,2122,1809,6299.79,0.81,467,1
SHP01331,Supplier_B,Microchips,3663,1302,0.71,0.13,9,2724,7473,12183.63,0.06,511,1
SHP01332,Supplier_B,Microchips,2540,1775,0.9,0.29,23,143,8483,7550.04,0.25,453,0
SHP01333,Supplier_C,Sensors,4684,1901,0.93,0.23,5,2402,5415,14259.0,0.38,1665,0
SHP01334,Supplier_D,Displays,4917,1709,0.98,0.34,6,2282,7618,10486.86,0.18,1682,0
SHP01335,Supplier_D,Batteries,3200,1669,0.75,0.33,20,2380,9705,18430.1,0.55,2567,1
SHP01336,Supplier_B,Processors,3344,1370,0.81,0.08,15,1228,9525,2275.0,0.48,1438,1
SHP01337,Supplier_C,Displays,1140,776,0.94,0.34,19,735,5819,13910.33,0.32,881,1
SHP01338,Supplier_B,Processors,3227,1310,0.93,0.33,26,912,1007,13611.74,0.52,428,0
SHP01339,Supplier_B,Microchips,2373,1027,0.88,0.14,20,734,6815,19037.22,0.36,1593,1
SHP01340,Supplier_B,Sensors,3729,1698,0.78,0.34,7,2763,9132,7745.26,0.34,2929,0
SHP01341,Supplier_C,Sensors,2214,266,0.78,0.03,6,1087,6414,6456.04,0.27,1586,0
SHP01342,Supplier_D,Batteries,1777,1906,0.74,0.24,27,2987,3946,3861.67,0.54,837,0
SHP01343,Supplier_C,Sensors,3194,1319,0.97,0.11,12,2913,6736,5673.13,0.44,1371,0
SHP01344,Supplier_A,Microchips,1098,497,0.75,0.06,25,390,2844,10286.87,0.2,1294,1
SHP01345,Supplier_C,Batteries,2384,1920,0.87,0.21,6,653,4611,16835.4,0.01,2896,0
SHP01346,Supplier_C,Displays,1689,368,0.87,0.12,28,1856,8559,6043.59,0.15,847,0
SHP01347,Supplier_C,Sensors,1261,1043,0.81,0.24,9,783,9184,3575.97,0.04,1894,0
SHP01348,Supplier_C,Batteries,2620,1505,0.8,0.2,28,1546,6686,5806.51,0.43,1402,1
SHP01349,Supplier_D,Microchips,3955,1477,0.89,0.15,6,2916,4065,2468.08,0.23,2295,0
SHP01350,Supplier_A,Processors,4748,1959,0.81,0.08,12,1181,1679,18570.56,0.42,2768,1
SHP01351,Supplier_D,Processors,794,86,0.77,0.22,27,1404,8190,17516.17,0.33,242,0
SHP01352,Supplier_D,Microchips,4512,1649,0.82,0.29,14,589,6347,6515.59,0.54,1075,1
SHP01353,Supplier_C,Microchips,4963,780,0.93,0.22,7,2536,5047,5316.26,0.72,170,1
SHP01354,Supplier_B,Processors,3898,1415,0.98,0.22,6,1782,1009,18155.25,0.48,2052,1
SHP01355,Supplier_B,Batteries,3783,1060,0.88,0.19,19,1785,7463,534.55,0.06,2458,0
SHP01356,Supplier_D,Processors,2071,1462,0.93,0.15,27,2763,6321,12211.26,0.02,737,0
SHP01357,Supplier_D,Microchips,1603,1107,0.85,0.17,11,2481,5216,18362.07,0.21,566,0
SHP01358,Supplier_C,Sensors,3349,88,0.88,0.35,17,2679,9865,10416.87,0.42,2741,0
SHP01359,Supplier_D,Displays,4318,1652,0.99,0.27,23,2257,8734,557.86,0.04,140,0
SHP01360,Supplier_C,Sensors,3342,258,0.83,0.16,15,2529,8506,4767.99,0.33,870,0
SHP01361,Supplier_B,Sensors,1968,879,0.72,0.17,24,1469,2456,18487.61,0.89,2503,0
SHP01362,Supplier_B,Microchips,1771,905,0.98,0.18,16,2039,1043,831.94,0.09,1267,0
SHP01363,Supplier_A,Processors,1182,1225,0.93,0.24,4,664,8326,8198.21,0.95,1806,0
SHP01364,Supplier_B,Batteries,1828,948,0.82,0.17,4,537,8776,15900.02,0.86,378,0
SHP01365,Supplier_D,Sensors,3951,1438,0.98,0.25,13,1262,5570,16842.77,0.83,2802,1
SHP01366,Supplier_B,Processors,2242,1272,0.8,0.13,24,1491,3571,9813.35,0.86,157,1
SHP01367,Supplier_C,Batteries,1248,650,0.81,0.16,16,2440,9200,5033.43,0.08,267,1
SHP01368,Supplier_B,Sensors,353,809,0.88,0.31,12,1434,6632,12194.24,0.15,1753,1
SHP01369,Supplier_A,Batteries,4202,1908,0.78,0.13,11,2206,2862,5643.67,0.13,2520,0
SHP01370,Supplier_B,Processors,3642,1152,0.9,0.34,21,898,2233,5477.65,0.11,181,0
SHP01371,Supplier_C,Displays,2875,1550,0.74,0.08,16,350,4125,16248.2,0.33,1993,1
SHP01372,Supplier_C,Processors,4737,483,0.73,0.1,19,1441,5711,3508.18,0.83,233,1
SHP01373,Supplier_D,Microchips,3433,1870,0.86,0.17,26,1389,3457,607.67,0.25,2511,0
SHP01374,Supplier_B,Batteries,4284,891,0.86,0.28,15,754,9201,7067.12,0.24,1608,0
SHP01375,Supplier_C,Displays,3379,81,0.73,0.26,26,318,7699,10073.99,0.68,1169,1
SHP01376,Supplier_A,Batteries,4408,1160,0.98,0.08,7,1574,9459,14249.07,0.1,361,1
SHP01377,Supplier_D,Batteries,2981,1624,0.87,0.1,15,527,8157,15731.75,0.36,2616,0
SHP01378,Supplier_A,Sensors,365,442,0.74,0.21,17,225,3714,13438.62,0.3,2239,0
SHP01379,Supplier_B,Microchips,2440,1686,0.79,0.12,3,288,5546,12716.92,0.85,2039,1
SHP01380,Supplier_B,Batteries,3248,1317,0.93,0.16,20,2990,8364,13482.1,0.51,118,0
SHP01381,Supplier_B,Processors,3459,1305,0.85,0.18,6,2018,8219,5794.77,0.65,2417,1
SHP01382,Supplier_D,Processors,1104,959,0.75,0.22,12,659,8636,7956.05,0.13,676,1
SHP01383,Supplier_C,Sensors,2194,1653,0.73,0.1,12,2956,8541,12520.51,0.93,2135,0
SHP01384,Supplier_D,Microchips,4817,241,0.82,0.07,22,1837,9485,1778.63,0.32,768,1
SHP01385,Supplier_A,Microchips,3371,1989,0.8,0.15,26,541,3835,6258.84,0.71,2562,1
SHP01386,Supplier_D,Processors,4622,1613,0.89,0.05,27,2196,9013,8425.17,0.95,1788,0
SHP01387,Supplier_A,Displays,309,319,0.97,0.19,20,378,8955,10902.09,0.51,1370,0
SHP01388,Supplier_D,Sensors,987,787,0.77,0.3,19,494,5205,9986.4,0.51,1834,1
SHP01389,Supplier_C,Sensors,253,126,0.95,0.06,27,1739,3154,14503.57,0.12,1425,0
SHP01390,Supplier_A,Processors,3693,784,0.97,0.06,9,1047,6108,9731.82,0.39,2163,1
SHP01391,Supplier_B,Processors,514,933,0.96,0.05,24,2392,4923,18130.53,0.85,719,0
SHP01392,Supplier_B,Displays,3524,1240,0.98,0.3,13,491,7084,7916.21,0.14,2650,0
SHP01393,Supplier_D,Displays,1384,333,0.94,0.05,10,844,8262,10744.75,0.92,1999,0
SHP01394,Supplier_B,Microchips,3248,1777,0.87,0.34,4,1881,4868,562.6,0.67,2843,0
SHP01395,Supplier_A,Sensors,868,1162,0.82,0.14,7,940,4790,6554.32,0.42,1101,0
SHP01396,Supplier_B,Sensors,1082,593,0.84,0.13,22,2128,3007,17398.17,0.55,2331,1
SHP01397,Supplier_C,Processors,3302,698,0.95,0.05,22,1204,2273,7004.74,0.15,540,0
SHP01398,Supplier_C,Microchips,4774,1229,0.79,0.21,27,1801,7873,5437.13,0.22,680,1
SHP01399,Supplier_D,Sensors,3626,299,0.75,0.21,25,2535,7852,11098.97,0.29,475,0
SHP01400,Supplier_A,Microchips,2887,144,0.74,0.18,2,1399,8811,2035.24,0.38,2085,0
SHP01401,Supplier_C,Microchips,2310,66,0.94,0.12,18,2383,3264,10866.3,0.92,1581,0
SHP01402,Supplier_C,Processors,1138,166,0.92,0.14,4,340,2610,6421.48,0.37,2493,1
SHP01403,Supplier_A,Microchips,4032,1032,0.84,0.13,28,417,2786,7970.51,0.52,1907,1
SHP01404,Supplier_B,Displays,641,382,0.78,0.16,19,535,5399,15931.62,0.16,828,0
SHP01405,Supplier_B,Displays,458,1896,0.9,0.13,19,2652,4482,13408.3,0.74,1993,0
SHP01406,Supplier_D,Batteries,949,1595,0.71,0.24,3,217,7546,9199.07,0.56,2537,0
SHP01407,Supplier_B,Processors,4622,1153,0.86,0.12,5,1934,9571,11761.57,0.44,279,1
SHP01408,Supplier_A,Batteries,2644,695,0.82,0.14,2,1840,7595,15453.75,0.95,2784,0
SHP01409,Supplier_C,Displays,4681,1505,0.98,0.16,11,2868,1693,15042.78,0.89,2523,1
SHP01410,Supplier_B,Batteries,1931,1276,0.85,0.02,26,127,8025,4113.77,0.66,2330,0
SHP01411,Supplier_D,Processors,1572,165,0.86,0.18,6,2948,2755,6367.92,0.92,2991,0
SHP01412,Supplier_B,Processors,1536,1012,0.91,0.1,6,1158,8033,7290.62,0.56,2476,0
SHP01413,Supplier_A,Microchips,429,1293,0.84,0.04,10,941,8693,4157.07,0.83,2068,0
SHP01414,Supplier_D,Sensors,4454,1326,0.77,0.32,15,710,1847,737.15,0.41,2637,1
SHP01415,Supplier_B,Microchips,4338,1242,0.86,0.13,22,1274,5061,3892.36,0.09,2347,0
SHP01416,Supplier_D,Processors,4108,896,0.97,0.16,14,638,2195,16260.76,0.99,2843,0
SHP01417,Supplier_A,Displays,4822,365,0.82,0.29,14,2859,6478,11145.45,0.17,2626,1
SHP01418,Supplier_C,Displays,1488,1790,0.9,0.08,28,614,7332,7162.33,0.25,2956,1
SHP01419,Supplier_A,Microchips,4285,859,0.98,0.3,25,2909,9154,12362.72,0.16,1859,1
SHP01420,Supplier_A,Processors,819,421,0.94,0.1,28,351,6648,14926.77,0.34,1578,1
SHP01421,Supplier_A,Displays,3335,809,0.89,0.21,2,2390,4320,7411.34,0.29,1091,0
SHP01422,Supplier_A,Processors,4676,926,0.91,0.25,18,343,3457,9588.46,0.6,1997,1
SHP01423,Supplier_C,Displays,2231,1026,0.97,0.32,21,158,4450,1752.16,1.0,1563,1
SHP01424,Supplier_C,Processors,1200,1656,0.98,0.22,9,2462,9418,12143.27,0.05,2012,0
SHP01425,Supplier_D,Batteries,772,205,0.98,0.17,4,2697,2807,7449.94,0.78,2646,0
SHP01426,Supplier_B,Processors,616,663,0.88,0.21,18,2775,1418,8953.71,0.13,2082,0
SHP01427,Supplier_C,Processors,2632,1086,0.81,0.09,28,1567,4155,8740.71,0.02,2777,1
SHP01428,Supplier_C,Microchips,3770,557,0.74,0.25,13,2190,8364,12831.98,0.64,1279,0
SHP01429,Supplier_B,Batteries,881,514,0.81,0.08,26,1758,4818,11663.07,0.87,1582,0
SHP01430,Supplier_C,Sensors,3623,832,0.97,0.2,26,477,3631,8731.07,0.18,1794,1
SHP01431,Supplier_A,Microchips,3658,853,0.96,0.23,26,687,4674,830.62,0.34,2330,1
SHP01432,Supplier_A,Sensors,2486,269,0.85,0.32,26,2465,5630,12608.77,0.17,535,1
SHP01433,Supplier_B,Displays,4882,64,0.86,0.17,19,154,7868,17651.76,0.91,1837,1
SHP01434,Supplier_D,Sensors,1689,1823,0.79,0.28,15,2306,6513,15506.26,0.27,1701,0
SHP01435,Supplier_D,Processors,1601,166,0.83,0.08,12,2571,2829,19641.5,0.44,145,1
SHP01436,Supplier_B,Sensors,3894,380,0.91,0.07,28,1134,9276,3211.97,0.89,1895,1
SHP01437,Supplier_B,Microchips,4418,105,0.82,0.19,17,61,4812,4839.14,0.55,2041,0
SHP01438,Supplier_A,Microchips,3180,1424,0.75,0.22,28,2563,1886,11015.72,0.93,2064,1
SHP01439,Supplier_D,Sensors,1176,1205,0.86,0.23,5,698,8594,5099.69,0.93,343,0
SHP01440,Supplier_C,Microchips,1200,1299,0.77,0.27,19,924,3797,1173.72,0.46,255,0
SHP01441,Supplier_A,Microchips,602,357,0.98,0.12,8,2483,5147,8344.62,0.58,1061,1
SHP01442,Supplier_B,Sensors,1439,1548,0.81,0.23,12,933,3131,6109.07,0.23,2396,0
SHP01443,Supplier_D,Batteries,3985,1979,0.96,0.08,17,604,3759,5643.34,0.99,1044,1
SHP01444,Supplier_C,Batteries,723,271,0.77,0.09,17,1509,9932,19086.87,0.28,1378,1
SHP01445,Supplier_C,Displays,1986,1246,0.75,0.04,4,2751,3876,5149.86,0.78,1485,0
SHP01446,Supplier_A,Microchips,3450,1413,0.88,0.27,26,1393,1055,3023.94,0.31,1836,1
SHP01447,Supplier_D,Sensors,1150,846,0.93,0.19,24,1944,4362,2943.73,0.31,2966,0
SHP01448,Supplier_D,Microchips,3872,1579,0.86,0.1,25,2962,9998,16223.32,0.1,2062,0
SHP01449,Supplier_B,Processors,4016,1894,0.77,0.2,10,1038,4056,14439.54,0.56,2793,0
SHP01450,Supplier_D,Microchips,4118,1230,0.71,0.14,9,1629,5750,3024.98,0.24,2524,1
SHP01451,Supplier_D,Microchips,1429,200,0.88,0.3,8,402,6003,4785.19,0.15,252,0
SHP01452,Supplier_A,Batteries,4214,1770,0.74,0.19,26,2611,8905,15073.19,0.23,2919,0
SHP01453,Supplier_D,Sensors,3467,1251,0.8,0.03,28,1556,5103,5855.02,0.25,2387,1
SHP01454,Supplier_C,Microchips,4051,1606,0.9,0.35,18,2901,7267,19640.07,0.5,1563,0
SHP01455,Supplier_A,Batteries,2597,161,0.73,0.04,12,2079,2781,11041.12,0.39,2750,0
SHP01456,Supplier_A,Displays,1673,732,0.74,0.25,5,1896,1989,4244.16,0.08,339,1
SHP01457,Supplier_B,Batteries,2734,1211,0.72,0.16,5,2440,8552,17246.76,0.54,2457,0
SHP01458,Supplier_D,Batteries,2868,1306,0.99,0.1,6,2433,6199,6729.77,0.79,2406,0
SHP01459,Supplier_B,Batteries,1311,381,0.81,0.24,9,2121,4369,6131.74,0.57,530,0
SHP01460,Supplier_C,Microchips,875,1615,0.96,0.06,11,934,1377,6885.1,0.97,599,0
SHP01461,Supplier_A,Microchips,1260,942,0.79,0.3,18,1515,3377,15479.85,0.1,2223,1
SHP01462,Supplier_A,Displays,2483,1380,0.92,0.1,7,2201,7045,3877.65,0.82,396,0
SHP01463,Supplier_A,Processors,2754,210,0.76,0.14,10,623,1281,7944.82,0.51,2330,0
SHP01464,Supplier_C,Processors,3640,1475,0.84,0.23,11,1738,3919,1101.24,0.52,1182,1
SHP01465,Supplier_C,Processors,4797,1663,0.94,0.02,9,824,7984,16619.22,0.52,1529,0
SHP01466,Supplier_B,Displays,4735,327,0.94,0.18,16,2984,4594,7144.02,0.33,626,1
SHP01467,Supplier_B,Processors,1195,1393,0.93,0.32,19,292,2838,5339.37,0.32,1855,0
SHP01468,Supplier_B,Processors,123,1606,0.94,0.24,24,2439,7570,11807.92,0.63,1908,1
SHP01469,Supplier_D,Batteries,4819,946,0.76,0.15,6,2730,9406,14247.34,0.04,1310,1
SHP01470,Supplier_A,Microchips,3656,546,0.84,0.24,19,914,5730,16351.47,0.59,1148,0
SHP01471,Supplier_A,Microchips,1179,1436,0.84,0.33,28,2270,3120,7281.81,0.72,398,0
SHP01472,Supplier_B,Batteries,4418,1445,0.96,0.08,2,1489,3870,16339.87,0.36,2838,0
SHP01473,Supplier_A,Batteries,278,1965,0.79,0.2,3,2200,1785,9565.18,0.22,672,1
SHP01474,Supplier_B,Batteries,2947,704,0.97,0.1,28,2257,8773,2472.27,0.21,1254,0
SHP01475,Supplier_D,Microchips,2060,1109,0.83,0.3,11,763,1937,17003.0,0.08,1884,0
SHP01476,Supplier_D,Processors,1573,352,0.89,0.26,7,2654,4112,11178.88,0.09,775,0
SHP01477,Supplier_C,Batteries,4988,487,0.78,0.28,28,625,7432,12248.16,0.17,2651,1
SHP01478,Supplier_D,Displays,1312,775,0.82,0.33,29,2293,7698,18781.08,0.02,2385,0
SHP01479,Supplier_B,Batteries,909,1105,0.91,0.1,25,1038,8437,11403.45,0.27,2339,1
SHP01480,Supplier_D,Sensors,519,235,0.85,0.04,20,1464,5534,608.88,0.31,1151,1
SHP01481,Supplier_C,Batteries,3759,1247,0.97,0.12,22,119,6629,17477.01,1.0,1503,0
SHP01482,Supplier_A,Microchips,3916,1639,0.91,0.15,12,892,7171,6052.65,0.99,528,1
SHP01483,Supplier_B,Batteries,1378,722,0.86,0.23,19,2344,9461,10284.45,0.19,2231,0
SHP01484,Supplier_A,Sensors,2623,1323,0.96,0.28,29,2426,2490,4495.29,0.21,597,0
SHP01485,Supplier_C,Displays,1540,1050,0.89,0.14,17,2255,7041,6291.18,0.49,2384,0
SHP01486,Supplier_C,Processors,1440,1836,0.89,0.18,9,967,5769,13889.65,0.15,2296,0
SHP01487,Supplier_C,Batteries,2321,328,0.77,0.28,5,2795,7389,8876.68,0.5,950,0
SHP01488,Supplier_A,Sensors,2492,732,0.81,0.09,12,792,9601,12729.05,0.4,2759,0
SHP01489,Supplier_A,Sensors,1461,1768,0.9,0.09,11,2682,7641,16559.73,0.32,2991,0
SHP01490,Supplier_A,Displays,691,1075,0.96,0.21,17,104,8155,7146.03,0.82,1158,1
SHP01491,Supplier_A,Microchips,626,1267,0.79,0.16,13,2583,9983,11582.63,0.83,1043,0
SHP01492,Supplier_C,Batteries,2603,1239,0.76,0.33,23,1887,6342,15662.96,0.99,2244,0
SHP01493,Supplier_C,Sensors,1392,1832,0.87,0.14,4,1426,1359,14444.9,0.22,2554,1
SHP01494,Supplier_B,Displays,1754,1060,0.72,0.27,12,459,5677,11026.95,0.89,2672,0
SHP01495,Supplier_B,Processors,287,974,0.91,0.21,25,2824,6139,7975.98,0.54,1881,0
SHP01496,Supplier_A,Sensors,2858,1829,0.9,0.04,17,1088,9614,8446.29,0.59,1025,0
SHP01497,Supplier_D,Displays,628,1183,0.8,0.05,25,196,9312,8946.14,0.9,588,0
SHP01498,Supplier_D,Microchips,533,429,0.96,0.09,4,1563,3220,7302.49,0.94,503,1
SHP01499,Supplier_C,Microchips,3612,884,0.85,0.07,29,1729,5129,14131.97,0.73,873,0
SHP01500,Supplier_C,Sensors,1904,1048,0.89,0.13,26,1098,9262,2945.6,0.35,1346,0
SHP01501,Supplier_C,Sensors,402,1656,0.76,0.21,11,1764,4692,19365.36,0.49,502,0
SHP01502,Supplier_B,Batteries,4282,1749,0.82,0.22,22,2430,5630,15690.22,0.62,2598,0
SHP01503,Supplier_B,Displays,537,334,0.95,0.21,17,1247,9205,6314.18,0.83,1901,0
SHP01504,Supplier_C,Sensors,2688,1960,0.76,0.06,27,1848,6425,1329.68,0.66,283,1
SHP01505,Supplier_C,Batteries,932,470,0.81,0.22,26,2387,4900,14370.41,0.37,2424,0
SHP01506,Supplier_C,Batteries,896,162,0.79,0.16,8,2667,9462,14820.0,0.42,994,0
SHP01507,Supplier_D,Sensors,659,1067,0.74,0.32,16,2888,6892,19290.64,0.05,1692,0
SHP01508,Supplier_B,Microchips,3688,277,0.78,0.32,16,76,6613,5447.26,0.92,1616,1
SHP01509,Supplier_D,Displays,861,1544,0.77,0.27,11,1174,1522,2113.14,0.09,160,1
SHP01510,Supplier_D,Displays,3674,1886,0.97,0.25,4,2485,3817,18345.13,0.58,1808,1
SHP01511,Supplier_C,Microchips,3885,577,0.91,0.06,7,1140,5950,5543.66,0.87,1089,0
SHP01512,Supplier_C,Sensors,2614,545,0.79,0.05,27,299,3839,14569.86,0.42,2047,1
SHP01513,Supplier_A,Displays,784,80,0.92,0.3,19,191,8889,1682.86,0.8,245,0
SHP01514,Supplier_A,Sensors,4333,211,0.71,0.16,23,316,8491,15331.4,0.8,1649,1
SHP01515,Supplier_D,Sensors,677,1891,0.85,0.17,29,264,9014,2977.0,0.06,282,1
SHP01516,Supplier_B,Batteries,4905,754,0.77,0.3,6,538,8691,14063.93,0.41,414,1
SHP01517,Supplier_C,Microchips,327,771,0.73,0.23,17,545,1442,10880.69,0.69,758,0
SHP01518,Supplier_C,Sensors,2428,1451,0.96,0.08,14,529,7394,19132.02,0.42,2891,1
SHP01519,Supplier_D,Processors,2831,495,0.76,0.09,4,2740,9002,1219.89,0.55,1095,1
SHP01520,Supplier_A,Microchips,927,793,0.94,0.02,16,50,1894,6194.95,0.59,2956,0
SHP01521,Supplier_B,Displays,530,476,0.82,0.25,24,1953,3253,1855.42,0.15,751,0
SHP01522,Supplier_A,Batteries,1163,1769,0.7,0.18,28,890,3010,17644.35,0.41,1783,1
SHP01523,Supplier_A,Displays,1809,553,0.91,0.33,21,2477,7857,12081.07,0.03,992,0
SHP01524,Supplier_A,Displays,1334,1600,0.87,0.26,28,893,5993,10931.91,0.15,2183,0
SHP01525,Supplier_A,Microchips,401,1890,0.8,0.05,7,1935,5635,3063.43,0.51,2936,0
SHP01526,Supplier_C,Displays,1520,770,0.78,0.07,26,2399,8808,10036.13,0.57,2102,0
SHP01527,Supplier_C,Sensors,4728,733,0.72,0.19,29,699,7997,8274.72,0.15,1164,0
SHP01528,Supplier_A,Displays,868,1851,0.97,0.33,23,1490,5833,6657.16,0.76,2530,1
SHP01529,Supplier_B,Batteries,1504,1605,0.84,0.1,5,1943,3934,15557.68,0.37,268,0
SHP01530,Supplier_D,Batteries,543,631,0.72,0.29,16,2906,9662,1694.88,0.92,270,0
SHP01531,Supplier_B,Processors,3204,1593,0.95,0.12,27,1351,1371,13110.37,0.39,838,1
SHP01532,Supplier_B,Batteries,4455,1107,0.78,0.11,19,2436,7998,16548.36,0.15,2745,1
SHP01533,Supplier_B,Displays,3405,785,0.76,0.32,10,1532,2403,18192.49,0.76,1417,1
SHP01534,Supplier_A,Batteries,1638,740,0.78,0.04,21,1775,5602,15045.37,0.57,1387,0
SHP01535,Supplier_C,Microchips,4030,807,0.86,0.24,5,1404,4946,6007.89,0.39,2394,1
SHP01536,Supplier_B,Batteries,1431,1563,0.72,0.03,17,1343,5673,12209.9,0.36,2085,0
SHP01537,Supplier_A,Sensors,169,1845,0.84,0.28,19,2763,2007,3257.37,0.15,247,0
SHP01538,Supplier_B,Microchips,3535,1693,0.96,0.29,6,1245,1667,2782.68,0.34,540,0
SHP01539,Supplier_B,Processors,580,803,0.75,0.31,14,453,2446,12953.17,0.03,461,1
SHP01540,Supplier_A,Sensors,4194,1496,0.8,0.08,7,1541,4966,17096.6,0.5,2369,1
SHP01541,Supplier_C,Displays,3596,1541,0.81,0.06,27,2344,5368,1811.34,0.9,757,1
SHP01542,Supplier_C,Displays,2893,73,0.87,0.19,23,1596,6317,2567.07,0.8,207,1
SHP01543,Supplier_D,Displays,2992,1289,0.97,0.11,20,2656,8246,11529.34,0.03,1338,1
SHP01544,Supplier_A,Sensors,1298,104,0.81,0.22,13,2875,4029,4755.13,0.88,675,0
SHP01545,Supplier_D,Sensors,2472,1099,0.72,0.19,16,1902,9232,12430.45,0.45,399,1
SHP01546,Supplier_D,Sensors,1992,1354,0.8,0.07,10,160,6892,4683.6,0.19,1992,0
SHP01547,Supplier_D,Microchips,1983,853,0.76,0.26,8,862,8190,2771.4,0.75,1485,1
SHP01548,Supplier_C,Microchips,897,376,0.89,0.29,15,979,5804,11138.71,0.32,323,1
SHP01549,Supplier_A,Displays,117,1019,0.71,0.34,20,935,7379,17312.81,0.25,2724,0
SHP01550,Supplier_D,Batteries,143,235,0.78,0.15,21,958,9317,13859.88,0.16,1497,1
SHP01551,Supplier_A,Displays,254,544,0.86,0.13,17,2888,1777,16465.14,0.49,2841,1
SHP01552,Supplier_A,Processors,3548,1085,0.78,0.08,24,2389,5489,5693.54,0.09,1231,1
SHP01553,Supplier_C,Microchips,4938,1714,0.86,0.08,28,2032,7270,17776.58,0.79,1474,1
SHP01554,Supplier_D,Sensors,4180,1957,0.73,0.13,25,224,8281,7852.26,0.47,2570,1
SHP01555,Supplier_D,Microchips,1525,483,0.97,0.34,23,2206,9716,17122.73,0.45,1515,1
SHP01556,Supplier_A,Sensors,4420,1994,0.78,0.05,5,1413,8688,9687.92,0.0,1958,0
SHP01557,Supplier_B,Processors,4412,257,0.97,0.11,13,2945,5241,5723.22,0.82,2223,1
SHP01558,Supplier_C,Processors,3739,182,0.79,0.05,19,1087,8330,5575.05,0.49,2397,0
SHP01559,Supplier_C,Microchips,4226,1412,0.93,0.11,27,2790,9926,11569.52,0.44,340,1
SHP01560,Supplier_C,Sensors,1992,1269,0.77,0.05,9,2140,7871,2040.7,0.76,2964,0
SHP01561,Supplier_C,Processors,997,1335,0.89,0.19,18,510,1168,18636.1,0.06,1799,0
SHP01562,Supplier_D,Displays,3524,1355,0.79,0.16,26,2802,9491,5793.54,0.37,2162,1
SHP01563,Supplier_D,Displays,4640,418,0.85,0.08,25,198,6033,7044.68,0.58,2488,0
SHP01564,Supplier_B,Sensors,1358,1176,0.9,0.08,4,387,1521,5049.38,0.46,764,0
SHP01565,Supplier_C,Microchips,2115,1705,0.87,0.23,27,1052,9809,558.66,0.18,595,0
SHP01566,Supplier_C,Processors,4933,1256,0.87,0.15,5,2321,9493,14004.73,0.3,1564,1
SHP01567,Supplier_A,Microchips,1802,472,0.72,0.04,11,1183,9844,12015.78,0.3,649,0
SHP01568,Supplier_D,Displays,973,1082,0.77,0.32,17,403,4301,16288.07,0.99,2184,0
SHP01569,Supplier_C,Processors,665,1630,0.87,0.15,21,1157,5159,1299.71,0.33,1907,0
SHP01570,Supplier_B,Microchips,2118,293,0.71,0.22,3,2652,3279,18608.79,0.21,2916,1
SHP01571,Supplier_B,Batteries,1985,831,0.77,0.31,13,2163,2681,6952.3,0.82,1298,0
SHP01572,Supplier_D,Sensors,2223,673,0.77,0.15,17,1964,1091,18304.86,0.42,535,1
SHP01573,Supplier_B,Sensors,4742,616,0.77,0.29,28,2718,4706,2589.06,0.44,2440,0
SHP01574,Supplier_B,Batteries,2414,1466,0.86,0.32,11,1159,1960,15006.45,0.55,400,1
SHP01575,Supplier_D,Displays,4512,576,0.87,0.08,6,133,5159,11797.49,0.6,1797,1
SHP01576,Supplier_C,Processors,3983,86,0.96,0.31,13,2027,1843,7484.73,0.59,1462,1
SHP01577,Supplier_C,Sensors,3292,227,0.81,0.06,4,276,1218,2043.28,0.03,1146,0
SHP01578,Supplier_B,Batteries,1959,688,0.97,0.11,13,2989,9895,12292.36,0.82,2497,0
SHP01579,Supplier_B,Batteries,124,1702,0.89,0.29,28,1062,7028,1015.58,0.19,2996,0
SHP01580,Supplier_C,Displays,3603,901,0.96,0.32,2,69,1246,10275.0,0.29,1189,0
SHP01581,Supplier_D,Displays,4355,121,0.94,0.25,3,2852,6109,12282.07,0.17,1518,0
SHP01582,Supplier_B,Microchips,1237,401,0.9,0.05,12,1516,9248,14784.21,0.77,2580,0
SHP01583,Supplier_A,Sensors,1289,672,0.8,0.19,13,319,7124,19831.03,0.58,669,0
SHP01584,Supplier_D,Microchips,4898,1222,0.77,0.21,8,2503,7325,5571.83,0.76,128,1
SHP01585,Supplier_B,Batteries,4196,1770,0.76,0.11,2,1581,7307,6786.6,0.65,740,1
SHP01586,Supplier_B,Processors,3257,154,0.98,0.35,29,353,2912,7152.33,0.1,214,1
SHP01587,Supplier_A,Processors,2467,1732,0.98,0.13,14,1358,5221,14765.86,0.3,2784,0
SHP01588,Supplier_A,Displays,4577,270,0.91,0.09,14,859,8374,18670.48,0.51,1201,0
SHP01589,Supplier_C,Processors,1841,1899,0.96,0.06,3,1102,1266,19499.31,0.3,2422,0
SHP01590,Supplier_D,Processors,3788,912,0.97,0.14,11,2488,4482,18943.32,0.21,2491,0
SHP01591,Supplier_D,Processors,3846,1447,0.85,0.25,24,1982,2531,17647.97,0.87,779,1
SHP01592,Supplier_C,Batteries,997,567,0.88,0.1,2,2090,5564,19824.06,0.75,180,0
SHP01593,Supplier_D,Processors,4123,1333,0.82,0.27,8,958,5228,7830.94,0.35,2085,0
SHP01594,Supplier_D,Processors,816,348,0.82,0.06,14,191,8155,18992.27,0.77,2754,0
SHP01595,Supplier_D,Processors,4067,910,0.71,0.17,25,2743,1317,15339.89,0.63,820,1
SHP01596,Supplier_D,Microchips,4121,91,0.83,0.25,28,1729,1710,3784.97,0.0,171,1
SHP01597,Supplier_D,Batteries,3315,820,0.9,0.06,3,858,9642,1386.57,0.38,2129,1
SHP01598,Supplier_A,Displays,490,946,0.82,0.22,21,997,2743,4682.44,0.29,573,0
SHP01599,Supplier_D,Microchips,3984,541,0.95,0.28,8,2342,2323,15685.65,0.22,1120,1
SHP01600,Supplier_A,Sensors,1799,1512,0.8,0.22,18,815,3680,12818.09,0.25,270,1
SHP01601,Supplier_D,Batteries,3137,1856,0.74,0.19,23,2973,5237,4874.95,0.94,2187,0
SHP01602,Supplier_C,Batteries,332,1120,0.94,0.3,6,969,4051,14967.47,0.49,2571,0
SHP01603,Supplier_B,Sensors,2026,134,0.9,0.35,12,988,5664,3255.78,0.85,1979,1
SHP01604,Supplier_A,Sensors,3231,1759,0.77,0.08,23,2546,3704,16525.91,0.21,1345,1
SHP01605,Supplier_D,Sensors,3406,1131,0.86,0.25,25,2363,6675,15986.14,0.17,897,1
SHP01606,Supplier_C,Displays,2824,1040,0.82,0.05,12,1312,7787,19465.23,0.89,2597,0
SHP01607,Supplier_B,Processors,4901,760,0.97,0.03,12,2347,3640,3430.45,0.5,1551,0
SHP01608,Supplier_A,Batteries,333,258,0.88,0.11,18,1004,8376,18178.95,0.9,2023,1
SHP01609,Supplier_B,Processors,1491,1321,0.75,0.34,20,1364,9138,7151.5,0.06,1571,1
SHP01610,Supplier_C,Processors,2992,1284,0.85,0.2,28,592,6362,8613.17,0.92,744,1
SHP01611,Supplier_A,Sensors,1355,88,0.95,0.11,26,2729,1694,9634.68,0.42,2579,0
SHP01612,Supplier_B,Displays,2638,1325,0.89,0.06,29,1152,5253,12724.63,0.16,421,1
SHP01613,Supplier_D,Microchips,3790,1716,0.94,0.32,9,2618,9531,19897.89,0.68,1168,1
SHP01614,Supplier_A,Displays,989,975,0.77,0.14,21,2981,2768,12199.2,0.8,423,1
SHP01615,Supplier_B,Processors,4787,1876,0.96,0.12,28,2831,9283,18570.96,0.05,2559,0
SHP01616,Supplier_C,Displays,845,811,0.92,0.3,15,193,1171,5473.05,0.99,1342,1
SHP01617,Supplier_C,Sensors,1819,1486,0.91,0.22,11,2662,3749,8269.03,0.7,2767,1
SHP01618,Supplier_A,Microchips,527,995,0.8,0.08,26,1249,4102,10337.74,0.32,2194,1
SHP01619,Supplier_B,Sensors,831,1519,0.96,0.16,8,2167,1620,6796.59,0.15,744,0
SHP01620,Supplier_A,Microchips,899,101,0.89,0.33,3,2730,6214,19548.91,0.39,1811,0
SHP01621,Supplier_A,Processors,4397,423,0.95,0.32,18,2986,1076,14650.83,0.22,2780,0
SHP01622,Supplier_B,Microchips,935,1599,0.8,0.04,2,2898,3198,9838.19,0.49,940,0
SHP01623,Supplier_B,Microchips,234,980,0.74,0.11,14,2277,5237,15150.44,0.78,402,1
SHP01624,Supplier_D,Microchips,2638,205,0.8,0.07,20,642,9422,9615.13,0.66,2046,1
SHP01625,Supplier_B,Displays,3818,1615,0.83,0.2,15,616,7027,835.89,0.44,871,1
SHP01626,Supplier_C,Displays,140,1163,0.85,0.27,27,740,6855,11092.27,0.12,1083,1
SHP01627,Supplier_A,Processors,3467,1976,0.85,0.12,19,1183,3544,12691.11,0.96,2724,1
SHP01628,Supplier_A,Microchips,2515,728,0.86,0.27,21,714,3857,19633.54,0.27,963,1
SHP01629,Supplier_C,Batteries,2140,400,0.94,0.24,15,2032,2553,1295.46,0.28,435,0
SHP01630,Supplier_B,Processors,4439,118,0.75,0.26,16,455,7274,10485.89,0.65,1978,1
SHP01631,Supplier_C,Microchips,3049,1236,0.79,0.33,15,1035,4740,2414.02,0.77,1952,1
SHP01632,Supplier_C,Microchips,4361,1315,0.96,0.16,25,2734,2627,3405.42,0.98,759,1
SHP01633,Supplier_D,Displays,3566,1568,0.86,0.13,6,1466,2074,12404.04,0.97,2100,1
SHP01634,Supplier_C,Processors,3188,1456,0.87,0.25,17,566,4204,5015.57,0.91,711,1
SHP01635,Supplier_A,Microchips,4923,1125,0.84,0.29,6,899,2028,15108.9,0.44,1242,1
SHP01636,Supplier_C,Microchips,1215,703,0.86,0.08,23,1951,1647,10526.87,0.17,1003,0
SHP01637,Supplier_A,Processors,4678,112,0.76,0.3,14,957,6303,4755.15,0.58,2229,1
SHP01638,Supplier_A,Batteries,2690,558,0.86,0.04,29,365,4162,10128.94,0.02,1136,0
SHP01639,Supplier_A,Processors,3673,341,0.99,0.02,17,1335,1902,517.19,0.2,1068,1
SHP01640,Supplier_B,Processors,3078,1164,0.86,0.07,16,1557,5067,17323.43,0.0,2056,0
SHP01641,Supplier_D,Batteries,2547,1737,0.71,0.34,6,76,6076,747.23,0.18,2625,1
SHP01642,Supplier_A,Processors,1330,1497,0.93,0.19,22,1568,3897,636.69,0.47,2446,1
SHP01643,Supplier_A,Microchips,2766,1742,0.81,0.04,24,104,6562,12424.33,0.39,2239,0
SHP01644,Supplier_B,Processors,4954,870,0.74,0.35,7,1984,9173,19483.66,0.37,849,1
SHP01645,Supplier_A,Batteries,4358,1438,0.95,0.27,14,1905,9681,17190.7,0.83,2843,1
SHP01646,Supplier_C,Sensors,2694,199,0.76,0.3,17,298,6252,5414.37,0.67,2869,1
SHP01647,Supplier_C,Processors,3530,1913,0.97,0.09,11,2370,8851,4335.0,0.94,1399,0
SHP01648,Supplier_D,Displays,3017,1344,0.83,0.05,28,1851,9617,12709.19,0.45,403,0
SHP01649,Supplier_A,Microchips,3052,930,0.92,0.19,3,2288,8228,16541.44,0.27,2934,0
SHP01650,Supplier_B,Microchips,2095,1654,0.86,0.27,14,2672,6681,7560.53,0.12,1960,0
SHP01651,Supplier_C,Displays,3991,1189,0.77,0.23,18,906,6595,8930.91,0.67,135,0
SHP01652,Supplier_B,Displays,406,753,0.89,0.23,2,1519,8390,2752.05,0.84,521,0
SHP01653,Supplier_B,Processors,1462,565,0.98,0.27,5,1926,4991,3480.12,0.18,1625,0
SHP01654,Supplier_C,Displays,2202,1660,0.92,0.09,19,1575,7462,11582.86,0.88,2485,0
SHP01655,Supplier_B,Sensors,3130,1987,0.88,0.24,7,2713,7368,2501.79,0.53,2729,1
SHP01656,Supplier_C,Batteries,432,1883,0.99,0.15,29,1466,9614,4439.9,0.14,727,0
SHP01657,Supplier_B,Displays,2852,1314,0.78,0.04,13,1844,4942,5076.2,0.64,1533,1
SHP01658,Supplier_C,Displays,342,79,0.72,0.09,26,2770,2800,9156.53,0.52,562,0
SHP01659,Supplier_A,Sensors,1984,1216,0.71,0.28,27,2780,3377,1389.43,0.03,180,1
SHP01660,Supplier_D,Microchips,1532,375,0.91,0.32,28,158,8323,10245.53,0.4,1602,0
SHP01661,Supplier_C,Microchips,2650,1768,0.94,0.11,27,2749,3103,18609.15,0.78,1509,0
SHP01662,Supplier_C,Processors,402,998,0.88,0.08,25,1030,2271,977.04,0.56,519,1
SHP01663,Supplier_D,Sensors,4430,65,0.96,0.03,21,2323,6020,12804.2,0.28,2182,1
SHP01664,Supplier_C,Batteries,3209,160,0.9,0.33,14,402,1434,16798.93,0.93,894,1
SHP01665,Supplier_C,Batteries,2286,921,0.81,0.25,29,1477,4598,6592.99,0.24,2648,1
SHP01666,Supplier_B,Sensors,4390,762,0.75,0.34,3,1780,4771,3064.61,0.25,1830,0
SHP01667,Supplier_D,Batteries,1650,156,0.97,0.31,18,2242,9726,1345.13,0.35,283,0
SHP01668,Supplier_A,Microchips,1892,428,0.73,0.13,24,1827,9572,13056.11,0.89,657,0
SHP01669,Supplier_C,Batteries,746,211,0.86,0.06,11,1166,3150,11268.57,0.51,1271,1
SHP01670,Supplier_D,Batteries,4756,332,0.79,0.18,20,2370,5124,4971.25,0.68,2142,1
SHP01671,Supplier_B,Sensors,812,318,0.78,0.03,23,583,6602,16716.54,0.98,1387,1
SHP01672,Supplier_A,Sensors,4608,533,0.89,0.07,6,1267,6167,14842.37,0.78,939,1
SHP01673,Supplier_D,Batteries,637,716,0.77,0.1,22,2557,6486,5890.36,0.17,1982,0
SHP01674,Supplier_A,Displays,334,1146,0.97,0.24,13,2278,5049,15190.58,0.79,381,0
SHP01675,Supplier_A,Sensors,2496,1270,0.82,0.19,19,1305,1546,5277.39,0.75,714,1
SHP01676,Supplier_A,Processors,1604,1316,0.9,0.12,10,2029,5422,13667.72,0.23,2349,1
SHP01677,Supplier_C,Processors,1474,647,0.91,0.21,12,2126,5824,2811.63,0.33,673,0
SHP01678,Supplier_C,Microchips,4611,848,0.9,0.06,5,581,4115,13998.67,0.71,516,0
SHP01679,Supplier_B,Batteries,2009,1332,0.96,0.27,11,1994,1218,5156.1,0.24,416,1
SHP01680,Supplier_B,Displays,1015,847,0.77,0.25,2,189,1125,11663.15,0.21,1191,1
SHP01681,Supplier_D,Microchips,4058,1222,0.72,0.09,3,2195,5180,3863.05,0.7,1082,1
SHP01682,Supplier_B,Batteries,180,1940,0.72,0.22,10,311,6160,14656.36,0.88,2944,0
SHP01683,Supplier_A,Sensors,2183,439,0.95,0.19,24,68,3770,1687.15,0.08,1603,0
SHP01684,Supplier_A,Processors,2788,465,0.98,0.04,27,2109,2942,3725.65,0.45,776,1
SHP01685,Supplier_C,Displays,1790,475,0.79,0.11,19,2634,5457,4090.66,0.61,1224,0
SHP01686,Supplier_A,Processors,856,1046,0.9,0.35,17,1598,2254,1306.2,0.68,2390,1
SHP01687,Supplier_D,Sensors,2770,1775,0.7,0.05,24,1538,1987,15027.74,1.0,1213,1
SHP01688,Supplier_A,Batteries,3851,1290,0.75,0.19,15,2356,8237,19628.57,0.68,2072,1
SHP01689,Supplier_A,Sensors,3652,916,0.9,0.3,5,2121,9111,15678.76,0.62,226,0
SHP01690,Supplier_D,Sensors,567,135,0.72,0.12,27,1081,8955,17282.32,0.99,718,1
SHP01691,Supplier_B,Processors,1594,1289,0.84,0.11,3,277,6353,617.15,0.06,933,0
SHP01692,Supplier_B,Displays,1119,472,0.89,0.31,13,425,2371,2798.46,0.07,1522,1
SHP01693,Supplier_D,Sensors,1001,1393,0.92,0.12,21,1196,1360,11400.9,0.56,855,1
SHP01694,Supplier_C,Processors,772,167,0.83,0.23,6,1163,9104,19568.44,0.36,875,0
SHP01695,Supplier_A,Displays,538,1999,0.88,0.26,5,2321,9549,13383.9,0.1,1736,0
SHP01696,Supplier_D,Batteries,4322,1008,0.86,0.28,16,785,8784,7795.67,0.31,2400,0
SHP01697,Supplier_A,Batteries,2176,931,0.72,0.35,4,306,9088,3349.91,0.67,172,0
SHP01698,Supplier_C,Microchips,544,1041,0.92,0.29,23,2612,8729,3480.3,0.88,478,0
SHP01699,Supplier_A,Processors,1065,464,0.75,0.24,18,882,3783,7573.69,0.09,2446,0
SHP01700,Supplier_D,Displays,3890,648,0.71,0.32,9,1856,1063,14419.3,0.54,591,1
SHP01701,Supplier_A,Sensors,563,89,0.83,0.32,13,750,3228,1120.48,0.3,783,0
SHP01702,Supplier_B,Batteries,2298,1234,0.95,0.34,22,960,4849,17117.46,0.67,2075,0
SHP01703,Supplier_C,Displays,2387,752,0.74,0.28,9,748,7332,18860.25,0.55,403,0
SHP01704,Supplier_C,Processors,3865,586,0.7,0.08,27,487,4938,17831.92,0.93,2052,0
SHP01705,Supplier_C,Microchips,3276,469,0.73,0.25,21,1773,2515,18304.02,0.04,2069,1
SHP01706,Supplier_D,Batteries,4108,713,0.81,0.04,21,2134,9771,799.12,0.47,1360,1
SHP01707,Supplier_C,Displays,3604,144,0.87,0.12,6,1734,7313,19566.95,0.19,1130,0
SHP01708,Supplier_B,Displays,1012,1515,0.76,0.06,22,2203,8786,7643.96,0.54,1830,1
SHP01709,Supplier_D,Displays,596,1631,0.93,0.33,28,664,3158,17450.98,0.85,355,1
SHP01710,Supplier_B,Processors,1563,1022,0.92,0.13,7,1992,3125,4142.77,0.91,1294,1
SHP01711,Supplier_A,Processors,4353,699,0.9,0.26,6,1962,7396,9207.25,0.4,333,1
SHP01712,Supplier_A,Processors,4367,1539,0.84,0.21,22,2329,3283,1361.21,0.81,1818,1
SHP01713,Supplier_A,Sensors,593,337,0.81,0.06,9,2964,7236,1281.48,0.28,592,0
SHP01714,Supplier_A,Displays,1526,1938,0.81,0.21,23,1090,8809,18893.88,0.01,2114,1
SHP01715,Supplier_B,Batteries,1792,1749,0.85,0.24,19,1232,4105,16306.83,0.86,328,0
SHP01716,Supplier_D,Processors,1893,461,0.72,0.31,5,1009,4552,10831.61,0.12,444,1
SHP01717,Supplier_D,Processors,2823,449,0.9,0.04,5,1889,4475,10746.43,0.02,1890,0
SHP01718,Supplier_C,Displays,758,577,0.8,0.12,6,1355,2838,15100.72,0.35,2224,0
SHP01719,Supplier_B,Processors,4861,1091,0.77,0.25,16,327,9413,7162.54,0.38,364,0
SHP01720,Supplier_A,Sensors,4562,185,0.78,0.03,7,174,9053,15356.45,0.08,843,1
SHP01721,Supplier_B,Sensors,649,1537,0.75,0.09,28,1393,1895,9957.66,0.81,1772,1
SHP01722,Supplier_C,Processors,742,808,0.96,0.09,22,724,6609,12939.39,0.41,2392,0
SHP01723,Supplier_C,Displays,4450,1321,0.75,0.24,17,764,6913,19314.17,0.49,528,0
SHP01724,Supplier_B,Displays,307,892,0.96,0.11,15,2060,4411,9690.65,0.26,2592,0
SHP01725,Supplier_B,Displays,2597,759,0.87,0.22,15,1555,4008,8658.89,0.51,1356,1
SHP01726,Supplier_B,Microchips,4290,1074,0.95,0.34,17,2764,4670,18162.11,0.77,553,1
SHP01727,Supplier_D,Processors,1983,1775,0.84,0.28,28,1397,3890,18100.32,0.91,448,0
SHP01728,Supplier_A,Displays,2986,430,0.97,0.13,23,962,7285,19852.16,0.97,521,1
SHP01729,Supplier_B,Sensors,577,558,0.76,0.18,25,2039,2408,11241.83,0.43,2862,1
SHP01730,Supplier_B,Batteries,861,1533,0.86,0.09,5,2492,4872,7213.1,0.99,2637,0
SHP01731,Supplier_B,Batteries,289,1578,0.74,0.03,12,822,5677,5187.61,0.29,785,0
SHP01732,Supplier_C,Displays,855,855,0.83,0.12,20,2283,8446,1164.88,0.01,681,0
SHP01733,Supplier_C,Batteries,1546,525,0.87,0.14,26,2563,7489,14671.21,0.77,2762,1
SHP01734,Supplier_D,Batteries,1763,1630,0.88,0.21,20,1130,4458,5052.79,0.18,1356,0
SHP01735,Supplier_A,Microchips,1935,1003,0.81,0.33,28,1802,5397,12329.5,0.05,262,1
SHP01736,Supplier_D,Sensors,4328,898,0.72,0.33,9,2555,6883,18373.55,0.92,2927,1
SHP01737,Supplier_A,Sensors,4250,946,0.89,0.04,11,1050,9088,19029.17,0.79,2451,1
SHP01738,Supplier_C,Microchips,4160,81,0.84,0.22,29,1787,8406,586.0,0.1,2466,0
SHP01739,Supplier_C,Microchips,4705,1977,0.74,0.03,6,123,4600,6682.96,0.78,2832,1
SHP01740,Supplier_C,Batteries,4865,167,0.97,0.23,17,1158,8071,16828.87,0.84,1129,0
SHP01741,Supplier_D,Processors,3712,1881,0.98,0.06,26,2729,6468,10960.68,0.91,1424,0
SHP01742,Supplier_B,Batteries,1789,1257,0.95,0.33,4,1087,6007,16246.42,0.54,1981,0
SHP01743,Supplier_B,Microchips,1416,240,0.94,0.31,27,2937,7297,17139.8,0.7,200,0
SHP01744,Supplier_C,Sensors,4929,1820,0.73,0.03,11,1714,5690,9131.21,0.76,515,1
SHP01745,Supplier_B,Batteries,3286,1823,0.99,0.28,25,961,6686,7500.17,0.69,1063,1
SHP01746,Supplier_B,Processors,4120,1801,0.82,0.23,14,843,4496,9380.95,0.65,1483,0
SHP01747,Supplier_D,Batteries,4454,123,0.75,0.18,8,2146,4472,13229.51,0.55,1254,1
SHP01748,Supplier_A,Displays,1245,672,0.94,0.22,13,408,8226,7659.6,0.48,2533,0
SHP01749,Supplier_C,Batteries,4494,1176,0.77,0.24,24,2339,5561,15612.27,1.0,1143,1
SHP01750,Supplier_C,Microchips,660,920,0.85,0.31,15,1907,8614,18127.86,0.34,1846,1
SHP01751,Supplier_D,Sensors,2012,635,0.74,0.27,28,1126,3358,6005.07,0.09,2442,1
SHP01752,Supplier_D,Sensors,1964,469,0.84,0.21,11,1850,9250,19317.3,0.77,495,0
SHP01753,Supplier_B,Microchips,396,522,0.86,0.29,10,1625,8257,12643.14,0.21,1568,0
SHP01754,Supplier_C,Displays,2509,1837,0.83,0.35,13,1769,7213,17624.29,0.53,2439,0
SHP01755,Supplier_A,Microchips,2736,163,0.72,0.12,25,1718,9376,2526.37,0.1,447,1
SHP01756,Supplier_D,Batteries,1561,1452,0.84,0.06,4,2153,8605,5404.23,0.62,1388,0
SHP01757,Supplier_A,Microchips,4392,1386,0.84,0.26,14,928,3619,6759.87,0.94,864,1
SHP01758,Supplier_A,Microchips,2368,379,0.78,0.34,7,2352,1577,6405.03,0.72,143,1
SHP01759,Supplier_C,Displays,1094,388,0.97,0.06,28,54,6243,3851.29,0.21,174,1
SHP01760,Supplier_C,Batteries,107,287,0.82,0.16,7,1654,9262,17429.92,0.97,152,0
SHP01761,Supplier_D,Processors,2691,1246,0.95,0.04,22,1125,1555,8662.94,0.31,2213,0
SHP01762,Supplier_C,Processors,2615,128,0.73,0.28,20,378,1851,19281.04,0.44,137,1
SHP01763,Supplier_C,Sensors,4515,513,0.79,0.33,26,2195,4640,11877.71,0.5,865,1
SHP01764,Supplier_C,Microchips,1517,1971,0.75,0.18,8,1052,2912,3198.7,0.99,2564,1
SHP01765,Supplier_A,Sensors,2416,654,0.82,0.16,5,832,3730,11145.14,0.07,810,0
SHP01766,Supplier_D,Displays,4032,1574,0.73,0.32,23,626,6419,19874.13,0.7,847,1
SHP01767,Supplier_B,Processors,1387,611,0.83,0.06,6,376,3365,11520.85,0.36,1592,0
SHP01768,Supplier_A,Microchips,2944,334,0.8,0.31,2,2340,8538,536.45,0.08,1178,0
SHP01769,Supplier_C,Displays,1218,272,0.76,0.15,19,1577,1266,18695.06,0.94,2991,0
SHP01770,Supplier_A,Displays,652,642,0.89,0.2,18,2464,4916,5080.44,0.59,215,0
SHP01771,Supplier_C,Microchips,760,1339,0.98,0.19,10,2871,8328,13926.32,0.75,378,0
SHP01772,Supplier_C,Displays,815,1740,0.76,0.22,10,2821,3326,10544.06,0.24,553,0
SHP01773,Supplier_A,Microchips,3685,422,0.91,0.33,22,1515,3801,6845.96,0.76,707,0
SHP01774,Supplier_D,Microchips,3861,1306,0.92,0.33,25,2331,6552,6011.47,0.83,1172,0
SHP01775,Supplier_C,Batteries,2629,960,0.84,0.29,11,701,3034,18610.82,0.43,468,0
SHP01776,Supplier_D,Sensors,4070,877,0.96,0.08,21,2430,8453,18282.55,0.57,469,1
SHP01777,Supplier_B,Displays,3507,285,0.98,0.13,18,544,1984,10506.13,0.97,400,0
SHP01778,Supplier_C,Displays,1558,720,0.81,0.18,14,1188,5099,5540.66,0.85,816,0
SHP01779,Supplier_D,Batteries,3367,1990,0.89,0.32,5,2466,7463,2495.67,0.44,2046,0
SHP01780,Supplier_D,Batteries,954,877,0.89,0.19,24,1406,2075,3553.24,0.66,1070,0
SHP01781,Supplier_B,Batteries,4860,812,0.82,0.34,28,1203,2023,10683.91,0.78,1475,1
SHP01782,Supplier_D,Processors,3637,1387,0.79,0.34,19,2192,4897,6502.68,0.02,294,1
SHP01783,Supplier_D,Processors,1997,1886,0.97,0.22,19,1174,7970,1320.33,0.59,1428,1
SHP01784,Supplier_B,Processors,372,429,0.93,0.31,23,1269,9471,9375.76,0.98,2397,0
SHP01785,Supplier_C,Microchips,4187,843,0.73,0.35,10,851,2111,15050.69,0.95,357,0
SHP01786,Supplier_D,Displays,1372,663,0.73,0.3,4,2092,6080,17888.05,0.83,2079,1
SHP01787,Supplier_D,Sensors,4474,612,0.97,0.24,8,257,8981,11913.04,0.11,1573,1
SHP01788,Supplier_D,Microchips,4119,469,0.72,0.3,27,2704,3075,14604.2,0.99,1994,1
SHP01789,Supplier_A,Displays,915,101,0.9,0.05,16,522,4942,7599.37,0.61,2206,0
SHP01790,Supplier_B,Displays,4471,1794,0.77,0.23,10,1688,1271,10176.64,0.22,1695,1
SHP01791,Supplier_A,Batteries,1022,868,0.71,0.09,28,1081,1189,14727.72,0.67,1657,1
SHP01792,Supplier_B,Batteries,4837,1716,0.72,0.06,10,185,9737,14689.34,0.86,1980,0
SHP01793,Supplier_C,Microchips,4700,1582,0.81,0.31,28,2707,5014,8778.26,0.11,886,1
SHP01794,Supplier_C,Batteries,4967,1855,0.72,0.23,5,310,9142,11101.51,0.92,2708,0
SHP01795,Supplier_D,Displays,1364,254,0.87,0.1,19,1220,5943,18515.18,0.92,628,1
SHP01796,Supplier_B,Batteries,3824,1050,0.89,0.15,18,507,5866,12823.95,0.01,597,1
SHP01797,Supplier_C,Processors,2887,780,0.81,0.34,23,1978,1768,13030.21,0.9,2786,1
SHP01798,Supplier_B,Batteries,2822,306,0.92,0.3,22,1770,6166,15800.1,0.95,2302,1
SHP01799,Supplier_C,Displays,4323,234,0.84,0.03,7,1486,8589,2746.85,0.04,1910,1
SHP01800,Supplier_A,Microchips,2650,194,0.82,0.34,8,2329,5798,10696.24,0.29,1613,0
SHP01801,Supplier_C,Sensors,3049,1763,0.82,0.14,26,2198,1464,19208.92,0.37,2945,1
SHP01802,Supplier_A,Batteries,1773,1087,0.83,0.25,11,196,3600,7552.38,0.35,2225,0
SHP01803,Supplier_C,Displays,4687,295,0.98,0.26,11,766,1916,6251.06,0.76,419,1
SHP01804,Supplier_D,Sensors,3192,236,0.9,0.32,28,556,7126,12223.56,0.36,2669,1
SHP01805,Supplier_A,Sensors,2938,1410,0.79,0.31,7,2655,8151,4811.83,0.96,713,1
SHP01806,Supplier_C,Processors,1766,1332,0.91,0.11,7,2201,1065,11340.93,0.99,729,1
SHP01807,Supplier_D,Sensors,4611,915,0.8,0.23,20,2433,2904,3535.21,0.32,2816,0
SHP01808,Supplier_A,Displays,2295,89,0.74,0.15,9,495,8193,11805.97,0.51,1545,0
SHP01809,Supplier_D,Displays,1484,650,0.84,0.19,10,2831,5571,12246.39,0.56,344,1
SHP01810,Supplier_B,Batteries,4503,1710,0.92,0.2,2,493,7716,8658.81,0.58,2738,0
SHP01811,Supplier_B,Batteries,4054,1011,0.81,0.15,17,167,7973,7963.56,0.37,2819,0
SHP01812,Supplier_A,Batteries,2999,1491,0.95,0.17,7,1590,4808,5286.44,0.17,969,0
SHP01813,Supplier_C,Sensors,160,1035,0.81,0.09,24,978,8565,6952.99,0.05,1559,0
SHP01814,Supplier_A,Sensors,4047,1424,0.8,0.22,28,2820,8861,10217.75,0.11,2788,1
SHP01815,Supplier_D,Processors,2390,58,0.99,0.27,9,616,2960,5329.35,0.9,113,0
SHP01816,Supplier_C,Batteries,572,399,0.84,0.16,16,1986,3747,15765.27,0.28,2433,1
SHP01817,Supplier_B,Microchips,1058,133,0.93,0.34,13,137,1043,14326.19,0.08,770,1
SHP01818,Supplier_C,Processors,632,582,0.93,0.04,11,1702,4842,5751.46,0.62,740,0
SHP01819,Supplier_B,Microchips,593,1038,0.97,0.21,17,525,5705,2399.99,0.08,785,1
SHP01820,Supplier_C,Sensors,181,1866,0.72,0.21,16,1755,2888,503.51,0.07,1031,0
SHP01821,Supplier_C,Processors,3070,407,0.78,0.03,12,1558,4898,12136.02,0.62,1809,0
SHP01822,Supplier_C,Processors,111,427,0.92,0.09,25,344,6883,4621.59,0.59,2074,1
SHP01823,Supplier_D,Displays,4644,221,0.86,0.32,8,769,9911,745.36,0.04,1031,0
SHP01824,Supplier_D,Sensors,861,1098,0.86,0.2,9,1454,1690,7502.16,0.46,1111,0
SHP01825,Supplier_A,Sensors,3285,442,0.75,0.16,12,1044,7842,19258.97,0.44,1484,0
SHP01826,Supplier_A,Processors,125,1176,0.78,0.16,10,1356,9301,13953.88,0.55,142,0
SHP01827,Supplier_B,Sensors,1906,751,0.85,0.31,27,2941,5558,17226.39,0.74,1010,1
SHP01828,Supplier_D,Processors,4257,1309,0.78,0.14,8,735,9706,3322.41,0.28,1417,0
SHP01829,Supplier_B,Displays,4424,1483,0.76,0.3,16,2736,8720,1929.12,0.43,1468,0
SHP01830,Supplier_A,Processors,4802,1898,0.73,0.12,16,1253,9828,724.83,0.79,2959,1
SHP01831,Supplier_B,Sensors,3759,598,0.75,0.2,17,1010,4328,19135.41,0.92,1119,1
SHP01832,Supplier_A,Sensors,1625,833,0.92,0.07,4,984,6312,6353.95,0.89,2768,1
SHP01833,Supplier_D,Processors,860,1878,0.91,0.29,17,2987,1626,9460.35,0.48,666,1
SHP01834,Supplier_C,Processors,694,381,0.71,0.26,16,455,1069,8193.21,0.52,1565,0
SHP01835,Supplier_D,Processors,1155,1737,0.76,0.19,26,1340,8549,14743.91,0.53,206,1
SHP01836,Supplier_B,Batteries,1954,843,0.86,0.03,2,1667,6613,6544.32,0.87,1436,1
SHP01837,Supplier_B,Sensors,3183,1605,0.79,0.18,15,1137,5319,10941.33,0.84,1307,1
SHP01838,Supplier_D,Sensors,4016,698,0.94,0.09,25,168,6961,19913.85,0.31,2783,0
SHP01839,Supplier_D,Batteries,3775,1032,0.93,0.16,23,2438,4977,9159.24,0.16,2565,0
SHP01840,Supplier_A,Processors,2148,1944,0.96,0.3,12,362,8500,11249.8,0.38,148,1
SHP01841,Supplier_B,Displays,1558,1102,0.86,0.27,4,212,9059,10299.3,0.29,2467,0
SHP01842,Supplier_B,Processors,1319,592,0.8,0.1,10,1578,7784,16162.13,0.95,352,0
SHP01843,Supplier_D,Processors,4328,1092,0.88,0.35,7,342,2634,5703.37,0.27,2624,1
SHP01844,Supplier_C,Batteries,4281,1221,0.73,0.32,24,739,3543,3823.54,0.18,2977,1
SHP01845,Supplier_B,Sensors,1599,1544,0.7,0.19,17,1450,8353,15204.82,0.9,1500,0
SHP01846,Supplier_C,Processors,1930,540,0.7,0.19,12,1615,1768,8604.55,0.09,2711,1
SHP01847,Supplier_D,Sensors,3495,332,0.82,0.32,19,722,6764,18317.66,0.26,1668,1
SHP01848,Supplier_D,Microchips,1303,911,0.77,0.23,18,448,3603,13061.11,0.44,1655,0
SHP01849,Supplier_A,Sensors,4370,1926,0.75,0.2,18,2584,1991,11504.69,0.6,840,1
SHP01850,Supplier_B,Displays,2910,1885,0.88,0.27,4,1097,1488,1873.91,0.33,2334,0
SHP01851,Supplier_C,Displays,3192,1748,0.99,0.1,28,1992,9179,14743.03,0.5,799,1
SHP01852,Supplier_A,Processors,3144,162,0.75,0.31,20,2846,5152,13877.79,0.2,802,0
SHP01853,Supplier_B,Sensors,4773,1528,0.86,0.2,25,289,1511,12981.4,0.57,2259,1
SHP01854,Supplier_A,Processors,3614,1735,0.73,0.22,24,2408,6697,5724.24,0.41,1307,1
SHP01855,Supplier_D,Batteries,1898,1403,0.97,0.05,16,2418,1734,18961.42,0.85,392,0
SHP01856,Supplier_B,Displays,2675,1328,0.78,0.12,11,721,6678,6772.27,0.42,1055,0
SHP01857,Supplier_A,Processors,244,1672,0.95,0.16,9,2669,4309,3468.5,0.44,973,1
SHP01858,Supplier_A,Batteries,4957,1472,0.78,0.16,18,2511,9562,19750.42,0.59,2508,1
SHP01859,Supplier_C,Processors,4026,911,0.93,0.28,5,451,5701,15051.8,0.12,601,0
SHP01860,Supplier_A,Sensors,1477,659,0.76,0.11,9,2156,2859,8588.34,0.16,1920,0
SHP01861,Supplier_B,Sensors,3246,1982,0.78,0.08,27,102,8719,18750.37,0.79,748,1
SHP01862,Supplier_B,Sensors,1925,557,0.76,0.21,3,1137,1916,2276.79,0.27,185,0
SHP01863,Supplier_C,Sensors,893,1717,0.78,0.22,24,2730,7909,2209.39,0.68,395,1
SHP01864,Supplier_B,Microchips,1701,515,0.94,0.06,9,1192,8264,13807.79,0.1,1479,0
SHP01865,Supplier_D,Batteries,4514,873,0.89,0.02,26,335,7681,3970.45,0.82,1583,1
SHP01866,Supplier_B,Batteries,1210,1480,0.82,0.32,8,2115,3662,18384.22,0.99,378,0
SHP01867,Supplier_B,Sensors,4153,658,0.98,0.05,29,1078,5692,16887.0,0.37,351,0
SHP01868,Supplier_A,Microchips,4893,1171,0.83,0.32,10,1978,2335,6474.16,0.51,1131,1
SHP01869,Supplier_A,Sensors,4037,339,0.98,0.15,19,209,6050,17832.37,0.44,685,1
SHP01870,Supplier_B,Microchips,4063,917,0.76,0.24,28,191,1761,1336.31,0.89,1443,1
SHP01871,Supplier_C,Sensors,882,1812,0.96,0.08,18,446,3131,11198.44,0.01,1274,1
SHP01872,Supplier_A,Displays,1216,1730,0.7,0.29,2,1091,5814,18743.47,0.65,704,0
SHP01873,Supplier_C,Displays,1850,1229,0.86,0.08,28,2677,1301,17179.97,0.65,2523,1
SHP01874,Supplier_B,Processors,2676,831,0.82,0.15,13,583,8740,7443.43,0.38,2755,1
SHP01875,Supplier_B,Sensors,4127,211,0.85,0.1,5,1605,4694,4065.97,0.22,2587,0
SHP01876,Supplier_D,Batteries,3436,673,0.86,0.3,18,1848,3701,4605.54,0.24,2289,0
SHP01877,Supplier_A,Processors,4487,1916,0.81,0.3,8,2558,9805,10532.9,0.8,691,0
SHP01878,Supplier_B,Displays,1587,1770,0.99,0.14,25,1683,7214,12137.07,0.07,1875,1
SHP01879,Supplier_D,Sensors,3975,766,0.98,0.12,4,335,6644,1139.88,0.56,2167,0
SHP01880,Supplier_A,Processors,3731,1170,0.98,0.28,2,1078,6520,8564.26,0.31,111,1
SHP01881,Supplier_B,Sensors,4292,1450,0.98,0.31,20,2226,1668,16692.55,0.27,2092,1
SHP01882,Supplier_B,Displays,4058,616,0.93,0.23,3,1005,3128,9164.41,0.51,2783,0
SHP01883,Supplier_A,Processors,3497,1523,0.99,0.33,7,720,7738,3798.92,0.9,221,1
SHP01884,Supplier_A,Displays,173,1043,0.96,0.15,12,548,1217,19119.78,0.62,524,1
SHP01885,Supplier_A,Microchips,1459,1190,0.82,0.07,24,2373,9940,5692.37,0.79,2376,0
SHP01886,Supplier_B,Displays,1191,1678,0.93,0.08,26,1156,5220,16069.35,0.6,2744,1
SHP01887,Supplier_B,Sensors,4953,1878,0.96,0.24,22,1905,9392,4278.99,0.7,977,1
SHP01888,Supplier_D,Batteries,2041,1789,0.91,0.15,5,1191,3621,8751.87,0.43,885,1
SHP01889,Supplier_C,Displays,3248,1867,0.82,0.07,2,2126,6139,10063.24,0.93,2176,0
SHP01890,Supplier_A,Batteries,4403,1579,0.72,0.12,12,2747,1721,10262.39,0.5,2282,1
SHP01891,Supplier_B,Microchips,1344,1262,0.93,0.2,17,1230,2881,10571.24,0.55,1675,1
SHP01892,Supplier_B,Processors,1385,1549,0.98,0.06,7,2128,2432,4886.48,0.52,200,0
SHP01893,Supplier_A,Processors,4605,1396,0.81,0.02,12,2940,6181,10560.35,0.32,475,0
SHP01894,Supplier_C,Batteries,3136,645,0.74,0.32,9,2056,3320,9893.4,0.23,745,1
SHP01895,Supplier_A,Processors,870,1253,0.79,0.12,21,1359,7950,4570.03,0.07,1964,1
SHP01896,Supplier_C,Displays,1943,1859,0.87,0.09,2,1738,8177,19769.74,0.72,2840,0
SHP01897,Supplier_B,Batteries,173,1254,0.79,0.25,15,385,9890,17378.49,0.29,2347,0
SHP01898,Supplier_C,Sensors,1760,1008,0.88,0.3,22,619,1621,17807.74,0.39,820,0
SHP01899,Supplier_D,Displays,4449,1766,0.98,0.23,27,2410,1459,13868.64,0.92,1723,1
SHP01900,Supplier_B,Displays,919,1062,0.89,0.1,22,648,8225,3617.99,0.57,2123,0
SHP01901,Supplier_D,Displays,3918,1868,0.81,0.3,3,1196,9491,11577.8,0.1,570,0
SHP01902,Supplier_A,Sensors,431,1360,0.97,0.19,7,914,9141,16518.07,0.8,2052,0
SHP01903,Supplier_A,Microchips,1521,524,0.86,0.15,27,2468,6375,1255.36,0.26,1145,0
SHP01904,Supplier_A,Processors,3755,667,0.74,0.22,10,854,4452,10168.94,0.55,2197,1
SHP01905,Supplier_C,Batteries,1791,690,0.84,0.25,15,363,8312,8224.4,0.51,825,0
SHP01906,Supplier_B,Microchips,4650,311,0.89,0.22,23,77,6925,4636.43,0.24,2213,1
SHP01907,Supplier_A,Batteries,4508,1596,0.94,0.32,9,1303,2821,7875.88,0.12,2114,1
SHP01908,Supplier_A,Processors,327,211,0.97,0.23,27,1079,7431,19678.2,0.21,2449,0
SHP01909,Supplier_B,Sensors,2981,1560,0.79,0.31,4,2570,1988,14603.24,0.1,483,1
SHP01910,Supplier_A,Displays,2965,230,0.75,0.21,11,2046,9405,6340.97,0.28,1874,1
SHP01911,Supplier_D,Displays,2675,774,0.72,0.13,19,1391,1531,12304.42,1.0,2685,1
SHP01912,Supplier_B,Sensors,4622,518,0.91,0.2,21,1298,3917,5309.8,0.4,802,1
SHP01913,Supplier_B,Microchips,564,1859,0.93,0.05,29,2186,7885,12411.46,0.86,2196,1
SHP01914,Supplier_B,Microchips,377,70,0.82,0.1,10,2137,4619,17975.25,0.55,418,1
SHP01915,Supplier_D,Batteries,4214,1348,0.81,0.27,10,730,7564,11359.1,0.67,120,1
SHP01916,Supplier_B,Sensors,165,309,0.98,0.24,20,424,4060,14800.13,0.16,2738,0
SHP01917,Supplier_D,Microchips,4362,1406,0.97,0.07,29,2490,3524,9340.11,0.27,691,1
SHP01918,Supplier_B,Sensors,502,515,0.77,0.16,14,1091,1689,10720.42,0.51,108,1
SHP01919,Supplier_C,Processors,4083,1189,0.93,0.07,2,1600,2100,14053.96,0.88,2296,1
SHP01920,Supplier_A,Displays,4604,1486,0.88,0.3,18,2229,9310,16341.9,0.04,1560,0
SHP01921,Supplier_C,Displays,3578,586,0.74,0.06,5,2387,6301,13359.3,0.51,2646,0
SHP01922,Supplier_A,Displays,3544,1001,0.8,0.24,5,1903,9697,19561.09,0.05,2011,1
SHP01923,Supplier_D,Sensors,4792,1918,0.75,0.22,28,855,8817,16486.54,0.46,396,1
SHP01924,Supplier_C,Sensors,4519,815,0.79,0.18,17,2306,3200,15654.62,0.63,2665,0
SHP01925,Supplier_B,Batteries,3139,1008,0.88,0.11,29,2424,1496,16979.48,0.74,2916,1
SHP01926,Supplier_A,Displays,1537,1996,0.81,0.15,17,2600,5174,5983.61,0.14,2851,0
SHP01927,Supplier_A,Batteries,528,1796,0.81,0.29,16,328,9250,8924.92,0.17,1352,0
SHP01928,Supplier_C,Displays,2782,1890,0.86,0.27,27,1455,6530,11507.03,0.47,1370,0
SHP01929,Supplier_D,Batteries,2877,1906,0.73,0.26,7,837,7969,9516.53,1.0,381,0
SHP01930,Supplier_C,Batteries,3478,983,0.91,0.27,6,1001,2653,17025.43,0.36,2916,1
SHP01931,Supplier_D,Processors,492,900,0.82,0.07,23,1382,8246,1027.84,0.43,356,0
SHP01932,Supplier_D,Batteries,4641,1330,0.84,0.05,11,326,1243,4578.92,0.43,1216,1
SHP01933,Supplier_A,Sensors,441,1241,0.98,0.3,8,2395,3255,17693.28,0.08,2361,0
SHP01934,Supplier_C,Batteries,232,1922,0.8,0.3,8,482,7999,1652.45,0.77,1929,0
SHP01935,Supplier_C,Displays,364,582,0.89,0.24,11,1059,7743,4926.27,0.25,652,0
SHP01936,Supplier_D,Batteries,4288,1671,0.81,0.22,11,1145,3692,7349.38,0.7,2280,1
SHP01937,Supplier_C,Microchips,1785,64,0.96,0.14,26,366,7073,15139.44,0.48,1620,1
SHP01938,Supplier_B,Displays,1534,99,0.95,0.09,16,1261,9230,11423.52,0.61,2233,1
SHP01939,Supplier_B,Microchips,1760,1048,0.77,0.24,7,170,4247,19114.79,0.05,2907,0
SHP01940,Supplier_C,Displays,3917,353,0.9,0.32,25,1415,7621,4943.56,0.89,1670,1
SHP01941,Supplier_C,Sensors,2454,1560,0.72,0.16,3,2750,2615,17506.35,0.24,2396,0
SHP01942,Supplier_D,Sensors,365,465,0.98,0.12,9,353,1019,6016.81,0.67,1966,0
SHP01943,Supplier_B,Sensors,4841,354,0.8,0.11,26,985,1220,5287.22,0.8,1760,0
SHP01944,Supplier_B,Microchips,1236,245,0.94,0.03,21,2818,4771,10218.32,0.54,2711,0
SHP01945,Supplier_A,Processors,4649,1949,0.79,0.19,16,545,8321,1888.49,0.34,2436,1
SHP01946,Supplier_D,Displays,1490,862,0.88,0.35,22,2282,7606,7993.99,0.98,2556,0
SHP01947,Supplier_A,Sensors,1212,849,0.99,0.29,22,2985,8576,7435.68,0.28,2880,1
SHP01948,Supplier_B,Displays,2334,437,0.95,0.32,19,2905,9442,3621.98,0.95,408,1
SHP01949,Supplier_D,Microchips,2966,806,0.75,0.22,6,2429,8828,17285.5,0.16,160,1
SHP01950,Supplier_C,Processors,3168,1938,0.86,0.18,26,762,1506,8024.85,0.39,2928,1
SHP01951,Supplier_D,Microchips,2279,504,0.8,0.35,5,2673,5741,19647.44,0.14,2674,0
SHP01952,Supplier_C,Displays,734,762,0.83,0.17,11,399,5587,18044.31,0.0,2347,0
SHP01953,Supplier_C,Processors,3731,754,0.8,0.32,20,2935,7438,4298.81,0.26,2962,0
SHP01954,Supplier_D,Processors,1499,897,0.8,0.27,15,2417,7600,10349.88,0.09,1198,0
SHP01955,Supplier_C,Microchips,4886,1731,0.86,0.13,24,2634,6357,12235.18,0.99,2083,1
SHP01956,Supplier_A,Sensors,2839,1383,0.76,0.19,25,2509,1739,16469.73,0.76,2903,0
SHP01957,Supplier_B,Displays,3270,1200,0.86,0.15,14,955,9615,17770.03,0.0,1394,0
SHP01958,Supplier_C,Batteries,1965,224,0.78,0.06,11,1877,4055,12668.35,0.22,1144,1
SHP01959,Supplier_A,Batteries,2055,1207,0.78,0.14,23,2630,5387,1185.12,0.67,297,1
SHP01960,Supplier_C,Microchips,4777,1139,0.91,0.31,7,551,3203,9884.89,0.4,1276,1
SHP01961,Supplier_B,Displays,2318,1466,0.71,0.27,14,1227,4922,17753.67,0.83,2191,1
SHP01962,Supplier_A,Displays,1489,1438,0.81,0.11,22,963,2957,14424.75,0.5,2788,1
SHP01963,Supplier_B,Microchips,4979,328,0.82,0.14,12,1565,6326,17467.77,0.65,2701,1
SHP01964,Supplier_B,Displays,3230,807,0.84,0.22,23,576,2789,13644.56,0.6,2133,1
SHP01965,Supplier_A,Sensors,4376,412,0.89,0.16,26,1242,7401,1358.68,0.64,1668,1
SHP01966,Supplier_A,Microchips,4214,1822,0.81,0.19,16,2076,1584,19376.13,0.23,970,1
SHP01967,Supplier_A,Sensors,1349,220,0.76,0.25,3,760,7178,18401.36,0.37,609,0
SHP01968,Supplier_D,Displays,3266,1124,0.96,0.17,27,2090,4200,2968.3,0.05,2563,1
SHP01969,Supplier_A,Microchips,1345,1401,0.98,0.08,28,2847,2342,2697.48,0.59,2556,0
SHP01970,Supplier_A,Displays,153,1944,0.71,0.19,16,161,5190,11012.03,0.46,395,0
SHP01971,Supplier_A,Microchips,3010,714,0.86,0.14,20,2560,5785,15262.49,0.76,1988,0
SHP01972,Supplier_A,Displays,2496,641,0.8,0.12,18,2149,5756,7952.38,0.21,2774,0
SHP01973,Supplier_C,Sensors,542,980,0.78,0.13,21,1722,7025,3159.45,0.44,2350,0
SHP01974,Supplier_D,Sensors,4775,1218,0.8,0.16,19,2352,8455,10455.84,0.18,675,1
SHP01975,Supplier_B,Displays,3711,323,0.89,0.31,7,1700,2062,7082.54,0.61,1014,1
SHP01976,Supplier_A,Microchips,4477,1228,0.76,0.26,16,349,9717,7359.55,0.85,1084,0
SHP01977,Supplier_C,Batteries,2507,1984,0.96,0.24,18,1007,5502,13077.22,0.77,895,0
SHP01978,Supplier_C,Sensors,922,557,0.84,0.18,25,2524,5981,17769.36,0.94,2093,0
SHP01979,Supplier_C,Sensors,3802,1922,0.79,0.02,27,1940,7612,11392.54,0.97,1858,1
SHP01980,Supplier_B,Batteries,3039,412,0.92,0.13,23,356,5968,13908.25,0.77,947,0
SHP01981,Supplier_A,Displays,4836,1398,0.7,0.29,10,2196,7066,13368.97,0.29,1491,0
SHP01982,Supplier_D,Microchips,1131,897,0.83,0.15,13,170,6400,11247.35,0.22,1721,1
SHP01983,Supplier_D,Displays,2116,704,0.8,0.21,23,2068,6684,6559.78,0.45,2886,1
SHP01984,Supplier_C,Processors,662,347,0.8,0.09,27,2327,7838,7866.99,0.99,461,1
SHP01985,Supplier_B,Sensors,2638,543,0.8,0.32,24,2748,8353,6656.22,0.41,575,0
SHP01986,Supplier_B,Processors,440,595,0.71,0.32,6,1327,2987,18391.21,0.2,403,0
SHP01987,Supplier_B,Sensors,4667,353,0.74,0.07,15,1477,5067,16619.06,0.94,2332,1
SHP01988,Supplier_D,Sensors,3875,1540,0.74,0.26,25,1567,6068,11797.27,0.39,2412,1
SHP01989,Supplier_C,Processors,2396,953,0.99,0.04,9,1235,5104,18288.75,0.69,1537,0
SHP01990,Supplier_A,Processors,334,288,0.71,0.22,27,1981,9877,17784.97,0.79,501,1
SHP01991,Supplier_D,Displays,1216,699,0.75,0.08,26,1505,8806,18590.04,0.84,2320,1
SHP01992,Supplier_C,Processors,2008,1839,0.98,0.07,29,1229,7654,4824.59,0.82,1851,1
SHP01993,Supplier_C,Displays,1517,1590,0.88,0.02,23,1396,4734,14491.31,0.84,977,1
SHP01994,Supplier_A,Displays,1391,933,0.83,0.33,18,678,7804,12379.88,0.67,1713,1
SHP01995,Supplier_A,Displays,3588,1249,0.72,0.29,10,1264,2241,14809.7,0.4,1445,1
SHP01996,Supplier_A,Sensors,4827,1958,0.89,0.05,4,1249,4500,5635.9,0.67,1006,0
SHP01997,Supplier_B,Sensors,3754,459,0.74,0.22,26,2011,6730,14048.78,0.84,445,1
SHP01998,Supplier_A,Processors,628,775,0.89,0.1,8,566,6530,8491.66,0.35,1195,0
SHP01999,Supplier_C,Sensors,3424,1437,0.98,0.11,13,894,4261,16764.79,0.3,1906,0
SHP02000,Supplier_A,Processors,2080,1096,0.85,0.31,4,1597,8264,16009.63,0.34,2000,0
SHP02001,Supplier_C,Sensors,3039,367,0.76,0.06,10,1644,4843,4621.47,0.55,2955,0
SHP02002,Supplier_D,Microchips,1429,574,0.88,0.22,15,2930,5825,4085.18,0.05,1776,1
SHP02003,Supplier_B,Microchips,1333,954,0.85,0.15,24,869,2981,14495.77,0.78,307,0
SHP02004,Supplier_D,Processors,1853,1826,0.85,0.08,24,2908,1647,11234.26,0.14,1465,1
SHP02005,Supplier_D,Sensors,2900,1349,0.84,0.17,24,811,4923,11365.52,0.13,1156,0
SHP02006,Supplier_C,Sensors,3033,1073,0.9,0.33,19,1412,2982,15174.05,0.2,1505,0
SHP02007,Supplier_D,Displays,2859,1677,0.87,0.28,12,2416,6255,17171.93,0.58,1509,1
SHP02008,Supplier_C,Batteries,2875,669,0.99,0.06,5,160,3019,5159.8,0.29,1088,0
SHP02009,Supplier_A,Processors,3587,1002,0.94,0.3,27,1891,5674,11333.02,0.37,261,0
SHP02010,Supplier_A,Batteries,3950,1302,0.78,0.33,9,856,9071,16664.62,0.93,2163,0
SHP02011,Supplier_C,Batteries,2627,1737,0.91,0.11,29,1546,7980,17519.49,0.85,2890,0
SHP02012,Supplier_A,Processors,990,1181,0.76,0.13,19,1293,3832,6104.48,0.85,345,0
SHP02013,Supplier_B,Sensors,2165,850,0.93,0.06,14,536,8102,2531.0,0.58,1169,1
SHP02014,Supplier_D,Processors,1288,965,0.74,0.13,5,860,6991,5040.05,0.87,2702,1
SHP02015,Supplier_B,Batteries,4397,1249,0.84,0.24,11,2093,5208,18937.24,0.78,1171,0
SHP02016,Supplier_D,Sensors,840,369,0.93,0.11,9,566,4675,9518.35,0.95,1827,0
SHP02017,Supplier_A,Microchips,1469,1359,0.78,0.02,13,884,2779,8662.19,0.06,2861,0
SHP02018,Supplier_B,Processors,1489,925,0.94,0.13,20,673,5696,755.14,0.03,1577,0
SHP02019,Supplier_A,Processors,2100,378,0.89,0.17,13,1097,5537,1494.79,0.18,2289,0
SHP02020,Supplier_D,Sensors,1571,1950,0.82,0.21,23,1614,9419,13539.57,0.93,2597,1
SHP02021,Supplier_C,Microchips,1636,802,0.82,0.25,29,1205,1873,12001.63,0.61,1312,0
SHP02022,Supplier_C,Microchips,418,706,0.97,0.04,3,2653,5766,11722.8,0.43,1854,0
SHP02023,Supplier_B,Sensors,2364,1429,0.76,0.18,25,1394,4428,2651.3,0.51,1580,1
SHP02024,Supplier_A,Displays,1994,1087,0.9,0.11,9,546,6604,7365.19,0.83,1887,0
SHP02025,Supplier_A,Processors,3811,1348,0.91,0.33,29,2985,4549,16340.98,0.93,1072,1
SHP02026,Supplier_B,Processors,4919,120,0.97,0.14,14,2479,9312,3910.77,0.73,1912,1
SHP02027,Supplier_C,Batteries,2922,876,0.91,0.05,2,2313,9933,17712.4,0.76,2970,0
SHP02028,Supplier_D,Sensors,4608,1268,0.87,0.03,4,2853,4881,2868.83,0.32,215,1
SHP02029,Supplier_B,Batteries,1375,914,0.96,0.11,3,592,5789,3798.41,0.47,2661,1
SHP02030,Supplier_D,Batteries,3183,1885,0.94,0.08,24,965,8445,9816.12,0.89,112,1
SHP02031,Supplier_C,Microchips,500,977,0.91,0.23,24,1851,5352,18933.35,0.79,2424,1
SHP02032,Supplier_A,Processors,823,1952,0.71,0.3,21,131,8471,6926.18,0.68,1375,1
SHP02033,Supplier_C,Batteries,2429,1596,0.81,0.12,29,1043,8059,13335.25,0.07,1015,1
SHP02034,Supplier_B,Microchips,1235,155,0.88,0.21,29,1229,6649,11979.09,0.04,992,1
SHP02035,Supplier_A,Sensors,2870,819,0.85,0.26,9,215,6008,3417.64,0.13,2375,0
SHP02036,Supplier_B,Batteries,4946,942,0.79,0.15,4,2305,8317,5339.25,0.58,316,1
SHP02037,Supplier_B,Processors,367,245,0.74,0.04,26,2121,9785,18637.98,0.54,2896,0
SHP02038,Supplier_C,Batteries,669,194,0.86,0.1,22,856,2033,4104.18,0.94,393,0
SHP02039,Supplier_B,Sensors,2656,1805,0.78,0.31,16,2984,1211,14052.69,0.69,2915,1
SHP02040,Supplier_C,Batteries,2073,1423,0.77,0.29,3,2788,7057,19311.54,0.29,2428,0
SHP02041,Supplier_A,Processors,645,1497,0.82,0.05,26,381,6508,2830.37,0.16,1289,0
SHP02042,Supplier_C,Microchips,2922,520,0.93,0.09,18,1635,6017,8284.05,0.85,1266,0
SHP02043,Supplier_A,Processors,4560,1759,0.84,0.27,28,1584,9122,4866.68,0.46,597,1
SHP02044,Supplier_C,Microchips,4742,265,0.76,0.18,25,1666,9125,4820.45,0.65,1076,1
SHP02045,Supplier_D,Displays,370,1166,0.73,0.27,7,2338,7479,2820.22,0.57,849,0
SHP02046,Supplier_D,Processors,838,309,0.84,0.09,29,2933,5062,13166.25,0.11,803,1
SHP02047,Supplier_B,Processors,1357,983,0.93,0.33,2,230,8348,15053.7,0.06,368,0
SHP02048,Supplier_C,Sensors,158,624,0.89,0.28,5,1366,8942,13697.48,0.38,2356,0
SHP02049,Supplier_C,Batteries,4281,1614,0.77,0.09,20,2066,8945,18530.8,0.36,2993,0
SHP02050,Supplier_A,Microchips,4958,1860,0.83,0.2,8,1156,4238,3340.74,0.67,1660,1
SHP02051,Supplier_B,Microchips,489,1932,0.95,0.06,24,1639,2493,6736.98,0.63,2452,0
SHP02052,Supplier_C,Sensors,818,334,0.75,0.14,23,2187,2577,7219.17,0.97,1111,1
SHP02053,Supplier_B,Sensors,4344,533,0.85,0.24,15,2536,2597,5025.6,0.86,2235,0
SHP02054,Supplier_D,Batteries,4778,421,0.8,0.13,27,1788,3428,3273.0,0.5,1243,1
SHP02055,Supplier_C,Batteries,220,119,0.74,0.24,15,2640,1312,9990.72,0.5,1348,0
SHP02056,Supplier_C,Processors,2752,428,0.71,0.1,11,2290,7686,16771.57,0.67,862,1
SHP02057,Supplier_B,Displays,2403,1352,0.86,0.26,29,537,5075,19113.52,0.11,822,0
SHP02058,Supplier_C,Batteries,4961,1816,0.71,0.14,25,661,1003,3022.14,1.0,1505,0
SHP02059,Supplier_B,Sensors,3011,351,0.73,0.28,8,1162,8061,16551.57,0.52,2158,0
SHP02060,Supplier_C,Batteries,899,304,0.8,0.07,17,1447,6218,16579.33,0.91,538,0
SHP02061,Supplier_A,Microchips,3480,1757,0.71,0.14,5,1506,1191,8085.07,0.97,414,1
SHP02062,Supplier_B,Displays,2206,993,0.82,0.17,8,2243,3380,2645.58,0.58,2212,0
SHP02063,Supplier_C,Processors,1209,741,0.74,0.16,16,1387,2235,19805.16,0.1,1000,0
SHP02064,Supplier_D,Microchips,1350,1337,0.8,0.16,18,376,8762,13284.06,0.57,691,1
SHP02065,Supplier_C,Microchips,2740,1768,0.93,0.17,4,2250,8931,19652.82,0.6,1591,1
SHP02066,Supplier_D,Displays,1749,883,0.88,0.35,17,451,3403,9931.28,0.79,744,0
SHP02067,Supplier_D,Processors,1445,766,0.83,0.08,3,2917,7021,8206.26,0.05,294,0
SHP02068,Supplier_A,Sensors,3056,473,0.73,0.27,8,537,8420,5320.12,0.47,1537,1
SHP02069,Supplier_B,Processors,2546,1834,0.88,0.2,26,2164,7734,19679.65,0.92,2009,1
SHP02070,Supplier_C,Batteries,3464,262,0.75,0.16,17,2186,9453,5438.52,0.99,100,1
SHP02071,Supplier_A,Microchips,584,1744,0.72,0.23,22,1208,3369,963.37,0.19,467,1
SHP02072,Supplier_C,Batteries,902,149,0.89,0.3,10,2299,3467,10493.13,0.87,2046,1
SHP02073,Supplier_D,Sensors,1815,1902,0.96,0.17,13,2525,5427,7852.48,0.15,2778,0
SHP02074,Supplier_B,Batteries,2015,1185,0.83,0.31,25,1252,2259,5596.96,0.84,2523,1
SHP02075,Supplier_C,Processors,3583,357,0.71,0.05,2,2436,3054,12874.86,0.28,389,0
SHP02076,Supplier_C,Batteries,1857,727,0.96,0.24,15,128,1533,7603.24,0.96,899,1
SHP02077,Supplier_D,Sensors,1909,524,0.72,0.13,12,1670,3119,8343.89,0.7,2775,1
SHP02078,Supplier_C,Sensors,3107,1621,0.95,0.15,19,1606,2523,949.39,0.4,334,1
SHP02079,Supplier_C,Sensors,3325,161,0.81,0.21,23,427,4457,11986.88,0.28,1353,0
SHP02080,Supplier_D,Processors,3595,1160,0.81,0.18,6,214,3589,2880.39,0.24,1553,0
SHP02081,Supplier_A,Sensors,2420,232,0.86,0.15,16,1613,5419,4669.19,0.68,295,0
SHP02082,Supplier_D,Microchips,1770,646,0.98,0.12,28,798,8092,14483.8,0.9,1590,1
SHP02083,Supplier_A,Sensors,4715,1854,0.96,0.22,8,1770,7744,6608.23,0.75,2588,1
SHP02084,Supplier_B,Batteries,1251,214,0.84,0.19,26,1895,2940,3682.6,0.83,889,1
SHP02085,Supplier_A,Batteries,4847,864,0.9,0.13,15,204,4736,11759.77,0.78,2304,1
SHP02086,Supplier_A,Batteries,2323,139,0.87,0.09,21,1196,1072,4690.64,0.98,453,1
SHP02087,Supplier_B,Processors,2767,504,0.9,0.28,9,1113,3887,5784.08,0.76,912,1
SHP02088,Supplier_A,Batteries,310,287,0.94,0.28,5,2266,6357,12616.12,0.21,1808,0
SHP02089,Supplier_D,Processors,2594,583,0.71,0.09,4,2889,2345,14927.3,0.79,934,0
SHP02090,Supplier_A,Processors,4781,1752,0.79,0.11,13,1403,3006,14923.36,0.32,2680,1
SHP02091,Supplier_B,Sensors,4362,776,0.98,0.1,19,1513,9602,9903.75,1.0,1631,1
SHP02092,Supplier_D,Microchips,2607,107,0.98,0.31,25,1566,2819,9358.79,0.38,504,0
SHP02093,Supplier_B,Sensors,3063,591,0.7,0.28,16,2451,7794,15859.08,0.29,2847,0
SHP02094,Supplier_B,Sensors,3528,1987,0.76,0.04,12,377,8213,4264.18,0.24,2944,0
SHP02095,Supplier_C,Processors,3475,1071,0.99,0.29,25,2595,4092,3467.95,0.66,2436,1
SHP02096,Supplier_C,Processors,4055,667,0.84,0.03,12,1576,6289,13461.55,0.11,1825,0
SHP02097,Supplier_B,Batteries,3805,451,0.87,0.1,13,2442,3591,8485.39,0.95,189,0
SHP02098,Supplier_B,Batteries,3505,1055,0.75,0.32,20,2740,8583,14344.97,0.29,1505,1
SHP02099,Supplier_B,Sensors,4138,891,0.96,0.31,18,838,3502,5503.7,0.3,1066,1
SHP02100,Supplier_C,Displays,1152,1752,0.77,0.28,7,2474,9853,6835.0,0.05,1424,0
SHP02101,Supplier_C,Displays,813,1935,0.75,0.17,22,1368,4092,17985.21,0.25,1565,0
SHP02102,Supplier_A,Batteries,2988,1739,0.77,0.13,9,2531,8061,8722.3,0.42,2732,1
SHP02103,Supplier_A,Displays,787,888,0.97,0.31,16,2598,2673,12023.59,0.37,1717,0
SHP02104,Supplier_B,Batteries,429,568,0.9,0.24,23,2618,7002,2580.3,0.27,1508,1
SHP02105,Supplier_D,Processors,1846,246,0.92,0.12,21,611,8308,3987.17,0.04,1625,0
SHP02106,Supplier_D,Sensors,1307,1906,0.81,0.17,27,562,7659,1199.81,0.3,1372,0
SHP02107,Supplier_C,Microchips,2242,95,0.96,0.31,11,565,1499,8775.23,0.78,1795,0
SHP02108,Supplier_C,Sensors,884,579,0.93,0.32,29,1589,1325,19783.94,0.44,852,1
SHP02109,Supplier_C,Batteries,2796,1470,0.92,0.24,16,2594,7033,17540.53,0.29,815,0
SHP02110,Supplier_B,Batteries,3920,1738,0.98,0.26,13,2699,1887,12841.72,0.3,2049,1
SHP02111,Supplier_D,Sensors,3818,1049,0.81,0.03,12,1235,4673,17291.38,0.55,2975,0
SHP02112,Supplier_A,Batteries,2793,825,0.88,0.22,19,716,8935,12086.3,0.3,2541,0
SHP02113,Supplier_B,Displays,725,123,0.96,0.25,25,1600,1928,7690.99,0.63,1272,0
SHP02114,Supplier_A,Displays,4334,1489,0.93,0.03,6,2462,5403,3884.15,0.99,574,1
SHP02115,Supplier_A,Batteries,3808,1730,0.86,0.3,13,1617,6426,13234.45,0.04,2921,0
SHP02116,Supplier_B,Batteries,861,1687,0.72,0.33,25,1498,8990,4264.5,0.17,1751,0
SHP02117,Supplier_A,Displays,4079,384,0.89,0.1,6,1016,1624,8639.85,0.18,2589,1
SHP02118,Supplier_D,Batteries,3629,1920,0.85,0.3,23,2030,5344,16603.14,0.45,2155,1
SHP02119,Supplier_A,Batteries,1655,682,0.75,0.24,11,1648,3371,3019.97,0.04,2217,0
SHP02120,Supplier_D,Sensors,3733,737,0.96,0.21,15,2030,5699,3015.92,0.48,802,0
SHP02121,Supplier_D,Microchips,775,624,0.8,0.3,17,413,9250,4875.85,0.93,2187,1
SHP02122,Supplier_D,Displays,4287,345,0.81,0.11,6,157,6116,11262.39,0.01,376,0
SHP02123,Supplier_C,Sensors,136,1157,0.89,0.28,12,672,7237,5408.61,0.36,1411,1
SHP02124,Supplier_A,Microchips,3936,1088,0.84,0.12,20,370,9878,10312.36,0.76,282,0
SHP02125,Supplier_B,Batteries,1887,1940,0.73,0.28,27,559,8627,6388.66,0.15,1038,0
SHP02126,Supplier_B,Batteries,2827,1207,0.81,0.17,9,2769,5610,10371.72,0.08,2669,1
SHP02127,Supplier_A,Sensors,3980,527,0.73,0.06,20,1114,1532,5913.81,0.63,2836,1
SHP02128,Supplier_C,Batteries,1994,682,0.76,0.15,21,353,5497,19610.24,0.01,1722,0
SHP02129,Supplier_C,Processors,236,368,0.7,0.1,23,1018,4852,10108.0,0.8,183,1
SHP02130,Supplier_D,Sensors,3176,1465,0.75,0.05,19,1488,4404,15001.05,0.07,185,0
SHP02131,Supplier_A,Microchips,3983,528,0.8,0.06,24,1467,3768,14160.66,0.52,1842,0
SHP02132,Supplier_A,Sensors,761,1713,0.86,0.28,22,2462,3655,10065.91,0.74,1410,1
SHP02133,Supplier_B,Displays,1910,417,0.97,0.31,13,2835,3140,5157.81,0.24,2691,0
SHP02134,Supplier_A,Sensors,514,416,0.86,0.33,27,1038,8724,10459.01,0.1,1040,0
SHP02135,Supplier_C,Batteries,442,1361,0.9,0.3,14,2249,1573,13778.95,0.18,1136,0
SHP02136,Supplier_A,Batteries,2829,1886,0.8,0.29,22,308,2565,9468.43,0.85,1500,1
SHP02137,Supplier_B,Processors,3550,427,0.92,0.04,22,2804,1436,2097.54,0.71,824,1
SHP02138,Supplier_D,Processors,3765,1765,0.88,0.28,19,2024,4589,850.67,0.2,1753,0
SHP02139,Supplier_B,Processors,3837,512,0.83,0.28,28,2320,2398,6893.6,0.72,717,1
SHP02140,Supplier_B,Microchips,3997,1667,0.76,0.06,16,1339,8691,3429.37,0.71,2162,0
SHP02141,Supplier_D,Processors,4341,62,0.79,0.24,16,279,4266,18170.71,1.0,824,0
SHP02142,Supplier_B,Microchips,4518,585,0.88,0.17,13,2536,7408,3928.74,0.39,287,1
SHP02143,Supplier_B,Processors,2269,1241,0.82,0.32,27,199,4497,8188.51,0.86,2381,0
SHP02144,Supplier_A,Microchips,1978,319,0.96,0.25,10,959,5956,14385.51,0.45,2008,0
SHP02145,Supplier_A,Sensors,4070,1143,0.77,0.33,20,1027,2974,16400.72,0.9,1899,1
SHP02146,Supplier_D,Sensors,4796,1391,0.72,0.05,13,684,6410,9815.41,0.09,834,1
SHP02147,Supplier_A,Batteries,4670,425,0.87,0.03,24,1943,8742,4032.13,0.18,2605,0
SHP02148,Supplier_A,Microchips,2717,1162,0.96,0.34,6,2496,3534,5782.46,0.85,2872,1
SHP02149,Supplier_B,Displays,1615,1774,0.81,0.05,27,671,8573,8669.88,0.82,2292,1
SHP02150,Supplier_C,Batteries,674,306,0.89,0.15,27,2240,9219,7609.59,0.31,616,0
SHP02151,Supplier_A,Sensors,4542,266,0.77,0.23,22,997,4217,7299.12,0.6,2680,1
SHP02152,Supplier_C,Microchips,2967,499,0.86,0.31,21,1143,3335,3071.15,0.38,1238,0
SHP02153,Supplier_A,Processors,3644,943,0.93,0.1,11,103,5676,18309.55,0.01,303,0
SHP02154,Supplier_A,Displays,4577,1617,0.95,0.03,23,893,7395,1080.25,0.03,2047,0
SHP02155,Supplier_D,Sensors,171,1214,0.73,0.19,8,2649,8329,9080.04,0.05,1445,0
SHP02156,Supplier_D,Batteries,2668,1234,0.8,0.18,24,1915,3157,19616.27,0.59,460,1
SHP02157,Supplier_D,Microchips,3537,81,0.89,0.12,12,348,3691,13364.62,0.28,1249,1
SHP02158,Supplier_C,Displays,3080,1897,0.71,0.31,29,2789,7541,7430.51,0.14,1243,1
SHP02159,Supplier_B,Microchips,1217,1225,0.9,0.27,9,2655,4342,3348.9,0.94,313,1
SHP02160,Supplier_A,Processors,2486,1932,0.85,0.3,22,494,2555,19295.52,0.12,1948,1
SHP02161,Supplier_A,Batteries,3608,1333,0.78,0.07,8,147,1275,772.73,0.67,741,1
SHP02162,Supplier_A,Microchips,1459,1801,0.94,0.25,17,2155,3736,13787.06,0.89,705,0
SHP02163,Supplier_C,Sensors,4859,1352,0.78,0.34,29,226,4089,17662.68,0.16,465,1
SHP02164,Supplier_D,Batteries,1615,1358,0.99,0.22,17,768,8578,990.63,0.21,1328,1
SHP02165,Supplier_B,Sensors,139,659,0.94,0.08,15,1358,8968,14640.91,0.57,998,0
SHP02166,Supplier_C,Microchips,1482,966,0.91,0.35,16,2088,3172,19977.34,0.51,286,0
SHP02167,Supplier_D,Batteries,2130,591,0.72,0.19,21,2763,1152,12973.03,0.52,2871,0
SHP02168,Supplier_C,Sensors,2721,1675,0.96,0.3,10,372,2604,8586.24,0.55,2850,1
SHP02169,Supplier_B,Processors,2000,197,0.93,0.07,17,2772,7801,17550.81,0.95,1384,0
SHP02170,Supplier_D,Processors,2317,705,0.77,0.24,17,1773,8724,11306.5,0.05,2981,0
SHP02171,Supplier_C,Microchips,4896,116,0.81,0.32,6,1443,2826,15114.1,0.76,189,1
SHP02172,Supplier_B,Batteries,4706,1942,0.78,0.2,4,2039,9438,11961.69,0.23,2904,0
SHP02173,Supplier_A,Displays,1383,619,0.99,0.12,22,895,6509,1246.68,0.37,1088,1
SHP02174,Supplier_B,Batteries,683,1866,0.95,0.06,26,139,2370,4656.33,0.09,2540,0
SHP02175,Supplier_A,Processors,558,1352,0.97,0.12,14,180,6322,2035.89,0.45,1273,0
SHP02176,Supplier_C,Sensors,2365,797,0.93,0.14,28,1102,6128,2580.41,0.8,2559,1
SHP02177,Supplier_D,Displays,2766,492,0.83,0.25,9,2759,6811,800.41,0.1,1567,0
SHP02178,Supplier_D,Microchips,915,946,0.76,0.08,18,2155,2691,8712.72,0.28,392,0
SHP02179,Supplier_C,Displays,2611,1938,0.76,0.06,6,1130,7674,3983.71,0.37,1589,0
SHP02180,Supplier_D,Microchips,346,448,0.74,0.15,7,1043,4390,17186.08,0.1,730,0
SHP02181,Supplier_D,Displays,4925,1201,0.86,0.17,27,1467,3398,15125.73,0.76,269,1
SHP02182,Supplier_A,Microchips,516,1410,0.97,0.23,28,239,1036,11676.95,0.79,1433,0
SHP02183,Supplier_C,Microchips,4563,531,0.99,0.25,3,2173,2627,10035.92,0.84,1549,1
SHP02184,Supplier_B,Displays,3817,1794,0.78,0.31,23,2468,3339,5489.44,0.58,989,1
SHP02185,Supplier_A,Displays,207,997,0.9,0.12,15,948,7160,9761.55,0.51,1190,0
SHP02186,Supplier_C,Microchips,2731,235,0.87,0.19,26,2948,2371,13003.97,0.26,2203,0
SHP02187,Supplier_A,Processors,938,218,0.84,0.14,5,1810,1676,15753.46,0.66,2715,1
SHP02188,Supplier_B,Displays,4613,1757,0.89,0.02,4,555,6072,2092.8,0.44,250,1
SHP02189,Supplier_B,Batteries,1521,1333,0.81,0.21,10,2016,1252,14315.06,0.97,2465,1
SHP02190,Supplier_C,Sensors,4878,1790,0.97,0.29,19,232,3864,14983.23,0.97,1438,0
SHP02191,Supplier_B,Microchips,4012,1720,0.9,0.03,13,203,2616,11399.96,0.91,1083,1
SHP02192,Supplier_A,Microchips,355,1631,0.92,0.02,10,1342,3231,4679.22,0.36,1919,0
SHP02193,Supplier_B,Sensors,2927,556,0.77,0.26,28,2003,7433,11014.1,0.37,1076,1
SHP02194,Supplier_A,Processors,937,570,0.75,0.25,27,1096,1760,10302.75,0.85,2153,1
SHP02195,Supplier_A,Sensors,3062,1544,0.81,0.15,28,2623,4286,9776.35,0.73,288,0
SHP02196,Supplier_B,Displays,2382,210,0.92,0.24,28,655,7301,9482.48,0.7,2464,1
SHP02197,Supplier_C,Sensors,652,1362,0.97,0.33,19,1416,8066,2661.1,0.28,2878,0
SHP02198,Supplier_D,Microchips,280,389,0.82,0.1,14,2976,7834,4066.4,0.83,1728,0
SHP02199,Supplier_B,Sensors,4352,1973,0.92,0.1,28,2436,1392,2397.98,0.58,2671,1
SHP02200,Supplier_A,Batteries,1577,1906,0.84,0.08,15,2008,9622,5228.32,0.45,1286,0
SHP02201,Supplier_A,Displays,670,1575,0.79,0.26,11,1114,1996,5637.8,0.87,2664,0
SHP02202,Supplier_B,Sensors,1827,1179,0.91,0.14,4,1749,8148,5278.98,0.39,814,0
SHP02203,Supplier_C,Microchips,691,1875,0.93,0.35,8,567,2100,4613.12,0.65,1447,1
SHP02204,Supplier_C,Displays,4616,1548,0.76,0.26,19,2504,9293,14840.73,0.47,1316,1
SHP02205,Supplier_A,Microchips,2360,1926,0.79,0.14,17,187,3260,16462.03,0.59,1488,1
SHP02206,Supplier_A,Processors,3047,1673,0.84,0.07,18,1172,3180,6878.63,0.04,2725,1
SHP02207,Supplier_C,Batteries,447,1536,0.75,0.22,26,2438,6316,6450.01,0.46,766,1
SHP02208,Supplier_D,Processors,265,1556,0.97,0.12,7,1389,2780,16958.63,0.56,687,0
SHP02209,Supplier_B,Batteries,4543,753,0.87,0.32,26,2639,7433,12666.52,0.49,872,1
SHP02210,Supplier_A,Sensors,2996,1226,0.74,0.17,13,2322,5008,6222.05,0.85,953,1
SHP02211,Supplier_A,Displays,4593,872,0.75,0.12,20,2358,8373,14415.44,0.31,1264,1
SHP02212,Supplier_C,Sensors,682,1722,0.98,0.21,4,1152,4286,7219.56,0.88,2483,0
SHP02213,Supplier_B,Batteries,3606,834,0.91,0.07,27,746,5517,11937.83,0.4,957,0
SHP02214,Supplier_C,Batteries,4503,1222,0.91,0.21,29,860,3628,19856.36,0.69,598,1
SHP02215,Supplier_B,Batteries,3138,1261,0.72,0.04,4,522,1538,6381.09,0.09,748,0
SHP02216,Supplier_B,Microchips,2945,1726,0.96,0.22,19,126,2780,18645.26,0.2,2323,0
SHP02217,Supplier_B,Displays,2866,180,0.83,0.19,12,2359,7605,6752.72,0.76,899,0
SHP02218,Supplier_A,Sensors,4294,1525,0.89,0.19,7,1075,3348,11035.59,0.01,950,0
SHP02219,Supplier_D,Sensors,1365,565,0.98,0.25,20,2114,6407,9469.68,0.97,1159,1
SHP02220,Supplier_C,Processors,4353,1564,0.73,0.03,6,393,8169,15771.61,0.19,1087,0
SHP02221,Supplier_D,Batteries,4749,1549,0.84,0.17,14,989,2960,1691.31,0.9,2290,0
SHP02222,Supplier_C,Batteries,4846,1336,0.71,0.17,28,2791,4091,12728.88,0.52,748,1
SHP02223,Supplier_B,Batteries,3067,1611,0.84,0.17,6,895,8097,15333.01,0.56,627,1
SHP02224,Supplier_A,Sensors,2374,1532,0.77,0.34,27,1080,4562,9706.82,0.08,1885,0
SHP02225,Supplier_D,Processors,2570,585,0.96,0.07,4,2343,6081,2553.21,0.37,1627,0
SHP02226,Supplier_A,Microchips,2390,1851,0.82,0.25,20,1035,5901,5273.7,0.16,2153,0
SHP02227,Supplier_C,Displays,2677,790,0.88,0.15,18,223,3304,13753.61,0.53,683,1
SHP02228,Supplier_A,Microchips,3760,830,0.95,0.19,23,895,3485,17961.03,0.55,2820,1
SHP02229,Supplier_A,Sensors,1168,1710,0.99,0.27,4,742,8928,8721.37,0.71,323,0
SHP02230,Supplier_D,Batteries,2836,1757,0.85,0.07,16,1058,9175,11428.03,0.88,2001,1
SHP02231,Supplier_B,Displays,4929,1819,0.83,0.27,18,2378,1648,4953.51,0.47,2503,1
SHP02232,Supplier_A,Sensors,2050,1368,0.72,0.04,14,1382,8890,8538.16,0.23,1950,0
SHP02233,Supplier_B,Sensors,191,1988,0.7,0.18,15,286,4815,7067.4,0.33,1107,0
SHP02234,Supplier_C,Sensors,3193,1508,0.88,0.26,27,2254,7279,13282.75,0.85,1159,0
SHP02235,Supplier_A,Displays,2319,1348,0.72,0.08,17,1324,3632,19701.63,0.15,645,0
SHP02236,Supplier_D,Displays,1487,637,0.81,0.27,26,1294,8903,16359.42,0.63,2021,0
SHP02237,Supplier_C,Processors,4374,1381,0.7,0.08,12,387,2268,4247.21,0.01,624,0
SHP02238,Supplier_C,Processors,2385,775,0.88,0.28,18,1284,2773,11764.73,0.25,1837,0
SHP02239,Supplier_D,Microchips,3306,992,0.82,0.17,6,386,8020,1795.03,0.59,1180,1
SHP02240,Supplier_A,Displays,3024,1046,0.74,0.25,22,1207,4627,5314.85,0.46,2121,1
SHP02241,Supplier_A,Displays,379,425,0.79,0.32,16,1917,2166,3858.24,0.49,1566,1
SHP02242,Supplier_C,Displays,1718,1231,0.87,0.15,19,2868,3548,7043.14,0.66,1438,1
SHP02243,Supplier_A,Processors,2887,1887,0.89,0.1,17,544,2550,13736.87,0.23,2258,0
SHP02244,Supplier_B,Sensors,470,253,0.83,0.31,15,596,3140,10238.17,0.28,1430,0
SHP02245,Supplier_D,Batteries,3283,1038,0.93,0.07,15,210,6502,18691.73,0.68,870,1
SHP02246,Supplier_B,Processors,3934,710,0.73,0.23,14,2086,7008,4648.6,0.54,1790,1
SHP02247,Supplier_A,Displays,1803,124,0.72,0.32,2,2702,7422,7602.08,0.01,1841,0
SHP02248,Supplier_C,Processors,2368,1453,0.71,0.24,7,2484,6846,6932.13,0.67,409,0
SHP02249,Supplier_D,Microchips,403,790,0.86,0.08,24,1791,4520,5101.29,0.62,193,1
SHP02250,Supplier_A,Displays,3874,353,0.9,0.07,12,1557,8928,19866.83,0.08,2949,0
SHP02251,Supplier_A,Microchips,1448,1135,0.74,0.1,12,1575,8125,8050.9,0.75,2707,0
SHP02252,Supplier_C,Displays,2522,619,0.89,0.15,26,1037,9812,18839.93,0.52,1178,1
SHP02253,Supplier_C,Processors,3728,835,0.84,0.07,17,1425,6407,8114.23,0.2,116,0
SHP02254,Supplier_B,Sensors,2528,1181,0.99,0.28,25,1603,3523,4479.79,0.56,1458,0
SHP02255,Supplier_D,Batteries,3133,1260,0.91,0.14,27,2331,5767,2824.52,0.6,2784,1
SHP02256,Supplier_D,Microchips,768,1036,0.89,0.33,4,2073,9362,17183.48,0.92,2896,1
SHP02257,Supplier_C,Processors,599,278,0.87,0.3,26,1967,6644,1125.9,0.74,1696,1
SHP02258,Supplier_B,Sensors,1514,1121,0.99,0.32,18,1918,3419,19305.69,0.3,2080,1
SHP02259,Supplier_D,Processors,629,1904,0.98,0.12,23,1651,7077,8654.73,0.12,655,0
SHP02260,Supplier_C,Microchips,3721,317,0.86,0.21,15,1349,8677,5323.8,0.85,1450,1
SHP02261,Supplier_A,Batteries,3556,776,0.83,0.13,27,760,1938,12540.2,0.85,1251,1
SHP02262,Supplier_D,Processors,854,851,0.83,0.1,3,2556,5930,3091.8,0.18,358,0
SHP02263,Supplier_B,Displays,2447,303,0.82,0.22,27,1526,7352,1906.84,0.06,2860,0
SHP02264,Supplier_B,Sensors,826,1006,0.85,0.29,26,2510,7943,16641.78,0.71,934,0
SHP02265,Supplier_B,Processors,4926,919,0.78,0.05,10,1091,8611,8781.08,0.72,1747,0
SHP02266,Supplier_A,Sensors,2749,136,0.97,0.11,9,121,9064,10605.97,0.18,966,0
SHP02267,Supplier_D,Displays,2146,1254,0.84,0.09,12,2475,4177,3945.57,0.67,1003,1
SHP02268,Supplier_D,Batteries,2915,1098,0.94,0.28,8,2096,6351,1697.77,0.28,2557,0
SHP02269,Supplier_A,Batteries,974,1461,0.84,0.33,23,2779,6100,7671.63,0.26,987,1
SHP02270,Supplier_D,Displays,3379,271,0.91,0.05,3,2931,4796,10369.85,0.32,242,0
SHP02271,Supplier_A,Sensors,3084,1039,0.8,0.15,5,1428,3884,15425.9,0.52,2024,0
SHP02272,Supplier_A,Processors,2278,446,0.88,0.32,27,1867,2272,10270.51,0.8,2544,0
SHP02273,Supplier_A,Displays,3907,987,0.84,0.13,24,2248,7407,15758.89,0.5,1482,0
SHP02274,Supplier_B,Microchips,707,560,0.81,0.26,15,1153,2752,2750.94,0.3,2886,0
SHP02275,Supplier_D,Sensors,734,610,0.96,0.05,14,769,8670,1747.27,0.88,2795,0
SHP02276,Supplier_A,Batteries,4679,895,0.73,0.17,23,2065,8430,3597.79,0.06,2949,1
SHP02277,Supplier_D,Displays,2827,489,0.84,0.19,26,1981,2691,15554.24,0.8,2859,0
SHP02278,Supplier_B,Batteries,1174,1248,0.76,0.27,14,2227,9623,15306.94,0.78,1214,1
SHP02279,Supplier_A,Sensors,2014,1977,0.95,0.12,14,1244,6173,3256.67,0.25,1821,1
SHP02280,Supplier_C,Batteries,688,360,0.77,0.11,6,455,4905,1104.28,0.2,118,0
SHP02281,Supplier_B,Displays,3331,1347,0.88,0.12,29,1995,7046,13863.0,0.87,1502,1
SHP02282,Supplier_C,Sensors,2404,84,0.75,0.2,13,1106,7080,17177.99,0.56,744,0
SHP02283,Supplier_D,Microchips,3938,266,0.82,0.31,7,585,7156,15205.1,0.05,2931,0
SHP02284,Supplier_D,Displays,2073,770,0.96,0.29,27,2294,7814,4454.58,0.89,2516,1
SHP02285,Supplier_B,Processors,2155,1745,0.75,0.04,23,1119,7684,11883.47,0.35,1804,0
SHP02286,Supplier_D,Displays,3580,1065,0.89,0.31,15,323,3104,15268.63,0.34,557,0
SHP02287,Supplier_C,Sensors,2179,1481,0.76,0.05,9,1816,6099,5488.66,0.64,2166,0
SHP02288,Supplier_A,Displays,3152,568,0.82,0.16,25,182,1436,10790.56,0.66,1376,0
SHP02289,Supplier_A,Microchips,4582,318,0.86,0.27,23,313,5325,6631.98,0.35,1316,1
SHP02290,Supplier_A,Microchips,1351,687,0.87,0.05,9,416,8008,4898.72,0.14,1780,1
SHP02291,Supplier_B,Processors,3895,524,0.87,0.03,8,2922,9813,19406.99,0.55,778,1
SHP02292,Supplier_D,Batteries,3922,1953,0.89,0.13,18,2102,9826,18295.35,0.63,1708,1
SHP02293,Supplier_C,Sensors,4402,1398,0.78,0.26,22,2366,2993,9190.52,0.86,2792,0
SHP02294,Supplier_D,Sensors,3489,1429,0.82,0.19,12,900,3675,3167.17,0.48,1196,0
SHP02295,Supplier_D,Batteries,1880,139,0.71,0.16,27,2830,6861,14694.19,0.65,726,1
SHP02296,Supplier_D,Microchips,2704,1115,0.92,0.29,11,1779,3340,5486.17,0.05,1390,1
SHP02297,Supplier_A,Microchips,3788,1438,0.94,0.27,14,1494,4816,3786.1,0.89,721,1
SHP02298,Supplier_C,Displays,4988,1744,0.76,0.28,11,1419,3281,7939.82,0.33,1291,1
SHP02299,Supplier_C,Processors,1824,1275,0.76,0.17,22,1998,8463,10832.07,0.63,827,0
SHP02300,Supplier_D,Processors,2884,1439,0.71,0.03,27,2166,6822,2400.09,0.92,2244,1
SHP02301,Supplier_A,Processors,3819,1867,0.98,0.08,15,2897,9728,11649.06,0.81,999,1
SHP02302,Supplier_A,Displays,1777,1031,0.93,0.26,10,407,9996,799.29,0.64,1715,1
SHP02303,Supplier_C,Processors,548,1917,0.8,0.27,8,1761,7682,17891.45,0.7,2876,1
SHP02304,Supplier_A,Batteries,4787,337,0.84,0.34,8,1459,9097,18454.46,0.92,797,0
SHP02305,Supplier_A,Displays,181,1676,0.78,0.08,27,374,1555,14794.88,0.81,2084,1
SHP02306,Supplier_A,Batteries,1506,530,0.87,0.06,19,800,9067,9597.71,0.61,1702,1
SHP02307,Supplier_B,Displays,1580,686,0.91,0.07,17,305,6341,5470.48,0.66,195,0
SHP02308,Supplier_D,Processors,1179,550,0.83,0.08,9,2516,6043,15010.19,0.15,2589,1
SHP02309,Supplier_C,Batteries,3698,1711,0.95,0.19,17,2308,8400,18670.05,0.47,2598,1
SHP02310,Supplier_C,Batteries,4614,101,0.85,0.34,20,960,7029,3591.41,0.3,2026,0
SHP02311,Supplier_B,Batteries,4283,1989,0.74,0.21,16,633,7818,9583.53,0.43,2381,0
SHP02312,Supplier_D,Displays,3780,152,0.88,0.19,26,626,3094,6647.6,0.66,1798,0
SHP02313,Supplier_C,Sensors,2803,1434,0.83,0.24,16,2263,4478,7456.46,0.15,1280,1
SHP02314,Supplier_A,Processors,4410,1497,0.97,0.04,7,2311,3930,8412.28,0.02,2123,1
SHP02315,Supplier_C,Batteries,3856,748,0.81,0.29,10,2626,9445,19060.03,0.4,892,0
SHP02316,Supplier_A,Sensors,1858,1278,0.82,0.23,16,1921,4520,5543.42,0.32,2175,1
SHP02317,Supplier_B,Processors,2699,1087,0.89,0.08,26,1202,1058,10107.18,0.42,1022,0
SHP02318,Supplier_A,Processors,2650,1689,0.85,0.23,8,2100,4702,19054.01,0.93,1581,1
SHP02319,Supplier_C,Batteries,3953,1702,0.81,0.22,27,944,3607,9783.11,0.71,2991,1
SHP02320,Supplier_C,Batteries,2846,519,0.99,0.04,29,2993,6110,17340.19,0.33,841,0
SHP02321,Supplier_C,Displays,2392,1539,0.79,0.11,9,1833,9456,1645.91,0.18,1003,1
SHP02322,Supplier_B,Sensors,1601,1377,0.78,0.15,19,1143,2707,19084.09,0.62,2133,1
SHP02323,Supplier_B,Sensors,4504,1678,0.95,0.1,22,2149,3293,4156.86,0.66,1545,0
SHP02324,Supplier_D,Batteries,330,476,0.7,0.1,17,486,3484,19608.73,0.48,474,0
SHP02325,Supplier_C,Processors,4350,1729,0.76,0.21,16,1071,3735,3923.75,0.21,1772,1
SHP02326,Supplier_A,Batteries,1298,159,0.87,0.18,4,2191,4455,9165.14,0.03,723,1
SHP02327,Supplier_B,Processors,214,1748,0.75,0.24,2,2684,1937,6517.98,0.27,2446,0
SHP02328,Supplier_C,Processors,1513,1638,0.99,0.34,14,2700,1877,8948.01,0.46,1148,1
SHP02329,Supplier_C,Batteries,4506,564,0.83,0.24,23,2183,9738,5385.23,0.79,705,0
SHP02330,Supplier_B,Microchips,1092,117,0.87,0.21,13,567,3462,19323.69,0.85,2213,0
SHP02331,Supplier_D,Sensors,2447,1319,0.75,0.3,10,791,5493,6461.64,0.41,2676,1
SHP02332,Supplier_B,Processors,1141,438,0.78,0.23,3,2074,7135,13238.86,0.8,1744,1
SHP02333,Supplier_B,Processors,111,1723,0.88,0.07,10,2527,8981,3180.23,0.99,1514,1
SHP02334,Supplier_A,Microchips,3776,357,0.86,0.12,9,912,3215,16575.56,0.72,377,0
SHP02335,Supplier_A,Displays,4925,1998,0.93,0.26,28,2091,6726,11078.9,0.73,2157,1
SHP02336,Supplier_D,Microchips,3165,1425,0.78,0.26,26,2926,6947,19599.2,0.91,1264,1
SHP02337,Supplier_C,Microchips,2136,1872,0.89,0.35,6,92,9421,8756.34,0.34,127,0
SHP02338,Supplier_B,Processors,3146,1139,0.78,0.23,14,1897,2427,4311.23,0.01,1310,0
SHP02339,Supplier_D,Sensors,2450,509,0.87,0.32,3,1783,7287,7247.37,0.99,2540,0
SHP02340,Supplier_A,Microchips,640,396,0.88,0.04,11,453,2699,14870.83,0.49,2867,0
SHP02341,Supplier_B,Displays,2960,374,0.74,0.21,27,1376,3145,13352.58,0.79,948,0
SHP02342,Supplier_C,Batteries,176,716,0.86,0.32,7,1255,9198,15677.77,0.81,360,0
SHP02343,Supplier_A,Microchips,3167,1672,0.7,0.11,8,2266,7958,1932.67,0.4,137,0
SHP02344,Supplier_A,Microchips,123,1106,0.85,0.07,4,2300,5272,11817.19,0.54,1189,0
SHP02345,Supplier_A,Displays,775,117,0.9,0.14,15,2803,2823,18677.29,0.54,1598,0
SHP02346,Supplier_D,Sensors,2494,236,0.72,0.28,17,2640,4984,2604.09,0.22,566,1
SHP02347,Supplier_C,Microchips,4367,241,0.97,0.05,7,2199,9822,2339.54,0.12,2211,0
SHP02348,Supplier_B,Microchips,3498,1286,0.83,0.22,23,1649,9461,14473.79,0.54,2894,1
SHP02349,Supplier_D,Sensors,2859,1673,0.97,0.06,9,2443,4771,6646.06,0.12,1303,0
SHP02350,Supplier_D,Displays,588,477,0.73,0.16,2,2700,1500,13342.29,0.35,2825,0
SHP02351,Supplier_D,Microchips,1585,1424,0.98,0.34,21,491,6606,11135.0,0.19,2992,1
SHP02352,Supplier_A,Sensors,3759,1181,0.73,0.08,16,299,8939,19728.3,0.71,2112,0
SHP02353,Supplier_C,Microchips,3335,1313,0.83,0.03,18,927,6607,17836.6,0.87,1910,1
SHP02354,Supplier_D,Batteries,2519,265,0.97,0.16,25,1936,3750,13722.42,0.58,2246,1
SHP02355,Supplier_B,Processors,3595,226,0.77,0.21,19,1353,2312,5602.66,0.41,403,1
SHP02356,Supplier_C,Batteries,856,1638,0.71,0.12,25,1790,3153,5607.21,1.0,1196,0
SHP02357,Supplier_B,Microchips,2624,1403,0.93,0.2,4,1162,5736,17703.75,0.02,1046,0
SHP02358,Supplier_C,Displays,4350,610,0.87,0.33,25,1994,1608,11914.15,0.3,1266,1
SHP02359,Supplier_B,Processors,356,930,0.85,0.12,7,2768,6104,15890.99,0.28,313,0
SHP02360,Supplier_A,Batteries,1879,675,0.71,0.12,18,1948,2663,9272.35,0.36,2452,0
SHP02361,Supplier_D,Sensors,4869,1523,0.89,0.18,24,2072,4294,2509.94,0.23,1537,1
SHP02362,Supplier_B,Displays,2215,656,0.75,0.19,14,297,6924,6987.39,0.26,1852,1
SHP02363,Supplier_C,Batteries,3448,1520,0.97,0.02,24,2749,2997,3642.41,0.26,444,1
SHP02364,Supplier_D,Sensors,4868,1610,0.9,0.22,23,2998,7022,15745.74,0.51,843,0
SHP02365,Supplier_D,Microchips,1572,1717,0.91,0.35,18,2188,4185,14159.98,0.39,1721,0
SHP02366,Supplier_C,Sensors,358,228,0.77,0.12,22,617,2531,2224.05,0.64,2641,0
SHP02367,Supplier_B,Batteries,4175,444,0.96,0.23,17,1919,5216,12617.02,0.51,1804,1
SHP02368,Supplier_A,Batteries,406,1218,0.86,0.02,18,1912,8384,17545.64,0.18,2022,0
SHP02369,Supplier_A,Microchips,1218,925,0.95,0.22,2,1238,4706,14098.6,0.81,1248,0
SHP02370,Supplier_B,Sensors,3117,1011,0.78,0.17,17,2645,8259,10466.68,0.47,2988,1
SHP02371,Supplier_D,Sensors,4441,247,0.92,0.19,7,1403,5502,6581.33,0.15,2555,0
SHP02372,Supplier_D,Microchips,2880,1018,0.87,0.2,9,2177,9867,17798.39,0.17,1359,0
SHP02373,Supplier_D,Sensors,1758,1910,0.71,0.08,2,983,6004,8744.7,0.8,756,0
SHP02374,Supplier_D,Microchips,286,1157,0.82,0.27,3,1030,4544,17180.17,0.7,716,0
SHP02375,Supplier_B,Displays,1897,718,0.75,0.2,16,919,4818,15768.5,0.51,2491,0
SHP02376,Supplier_D,Batteries,1024,1158,0.8,0.11,6,218,9087,16416.43,0.31,875,0
SHP02377,Supplier_C,Displays,884,506,0.81,0.33,25,2721,8082,19801.05,0.46,1769,0
SHP02378,Supplier_D,Processors,3544,1549,0.84,0.02,28,428,4443,15100.79,0.64,2211,1
SHP02379,Supplier_A,Processors,3296,1326,0.87,0.26,21,1282,6709,1163.8,0.88,2107,1
SHP02380,Supplier_D,Processors,1460,1960,0.87,0.15,16,1982,2047,4505.96,0.56,601,1
SHP02381,Supplier_B,Microchips,440,121,0.71,0.19,22,1975,3660,1186.31,0.28,1759,1
SHP02382,Supplier_A,Sensors,662,272,0.92,0.12,11,243,8930,4203.31,0.04,706,0
SHP02383,Supplier_B,Displays,4846,325,0.98,0.13,6,313,8058,1698.07,0.18,529,0
SHP02384,Supplier_B,Displays,3099,1868,0.8,0.03,4,1320,7266,10281.53,0.65,1104,1
SHP02385,Supplier_A,Displays,1293,1849,0.75,0.26,7,1703,9955,1050.02,0.16,1369,0
SHP02386,Supplier_B,Displays,3210,1319,0.86,0.25,22,1521,9077,9715.29,0.48,1712,1
SHP02387,Supplier_B,Processors,168,1414,0.9,0.24,16,2065,4408,18027.4,0.7,193,0
SHP02388,Supplier_D,Displays,2528,622,0.9,0.31,19,1813,7301,15097.23,0.31,2462,1
SHP02389,Supplier_C,Sensors,3698,973,0.88,0.32,15,570,8494,18907.14,0.67,2300,0
SHP02390,Supplier_B,Processors,2472,520,0.74,0.2,11,968,2684,4919.61,0.58,1363,1
SHP02391,Supplier_B,Displays,4656,503,0.94,0.25,5,2576,1869,10856.17,0.44,2287,0
SHP02392,Supplier_B,Microchips,943,1844,0.82,0.02,12,1350,6123,6712.3,0.9,1720,0
SHP02393,Supplier_D,Batteries,673,1018,0.76,0.3,21,623,6875,10129.49,0.69,315,1
SHP02394,Supplier_C,Batteries,4314,56,0.73,0.29,8,1587,8212,11362.98,0.36,2941,1
SHP02395,Supplier_A,Batteries,2696,237,0.82,0.03,16,1433,7727,1205.63,0.8,469,0
SHP02396,Supplier_D,Processors,4841,53,0.88,0.2,24,2940,1542,5048.49,0.74,1071,1
SHP02397,Supplier_D,Displays,1578,1816,0.89,0.32,10,1430,3203,14243.07,0.79,2388,1
SHP02398,Supplier_C,Processors,2173,1718,0.98,0.08,16,1573,3935,15572.1,0.64,1080,0
SHP02399,Supplier_C,Sensors,1613,956,0.74,0.14,27,945,1751,11604.3,0.38,1658,1
SHP02400,Supplier_D,Microchips,1068,1198,0.99,0.13,13,1156,3111,5781.17,0.35,2468,0
SHP02401,Supplier_A,Microchips,2296,1088,0.89,0.14,19,566,9612,8399.14,0.65,2192,0
SHP02402,Supplier_D,Batteries,1611,1009,0.83,0.03,7,1073,8276,2372.72,0.13,713,1
SHP02403,Supplier_C,Batteries,754,574,0.96,0.11,19,945,6699,19087.0,0.82,383,0
SHP02404,Supplier_A,Batteries,3092,679,0.9,0.12,26,514,1546,17439.21,0.37,2020,0
SHP02405,Supplier_C,Displays,4750,1313,0.8,0.31,19,1660,5961,1779.25,0.63,2134,1
SHP02406,Supplier_A,Sensors,4620,824,0.96,0.14,23,662,3557,3746.57,0.5,1914,0
SHP02407,Supplier_B,Sensors,392,409,0.89,0.17,25,654,2571,11831.34,0.52,1335,0
SHP02408,Supplier_C,Sensors,2701,567,0.9,0.15,7,1704,7584,5032.39,0.74,771,0
SHP02409,Supplier_C,Sensors,4626,1393,0.96,0.06,29,670,9645,18720.81,0.63,2234,0
SHP02410,Supplier_D,Batteries,4512,1304,0.83,0.35,16,2652,3691,15234.02,0.25,1582,0
SHP02411,Supplier_C,Microchips,4593,1103,0.89,0.29,20,2233,7960,5829.18,0.07,2330,1
SHP02412,Supplier_C,Batteries,1688,1607,0.92,0.2,6,2427,5774,618.98,0.84,1451,0
SHP02413,Supplier_B,Sensors,695,970,0.83,0.18,5,2492,1059,16089.22,0.88,2446,0
SHP02414,Supplier_C,Batteries,2693,1229,0.72,0.23,18,205,7211,8769.75,0.16,2545,0
SHP02415,Supplier_B,Sensors,2223,1703,0.92,0.13,22,2967,2338,13026.37,0.31,113,0
SHP02416,Supplier_B,Processors,2043,901,0.71,0.04,11,2635,9658,6096.01,0.28,2247,0
SHP02417,Supplier_B,Microchips,1015,984,0.91,0.15,13,2765,8001,3286.03,0.94,855,0
SHP02418,Supplier_B,Processors,3969,950,0.96,0.34,6,293,8948,13668.58,0.2,268,1
SHP02419,Supplier_A,Displays,2894,1778,0.8,0.08,8,2644,3471,9281.33,0.17,2379,0
SHP02420,Supplier_D,Batteries,3178,448,0.73,0.19,13,499,9911,5085.81,0.18,1234,0
SHP02421,Supplier_A,Displays,1075,1419,0.77,0.02,24,2375,9754,3183.75,0.73,2761,0
SHP02422,Supplier_C,Batteries,1175,1268,0.86,0.06,3,803,5520,11819.35,0.89,828,0
SHP02423,Supplier_A,Processors,3089,217,0.97,0.21,21,455,9101,14648.22,0.39,339,0
SHP02424,Supplier_A,Sensors,3567,426,0.85,0.12,18,2868,2730,6035.8,0.14,2387,0
SHP02425,Supplier_C,Sensors,1551,1562,0.73,0.32,14,1119,5339,14835.28,0.59,2880,1
SHP02426,Supplier_C,Batteries,3923,1824,0.88,0.15,6,798,8879,4070.88,0.21,369,0
SHP02427,Supplier_C,Sensors,4032,1435,0.91,0.09,6,2869,9037,7099.11,0.06,2687,0
SHP02428,Supplier_A,Processors,2128,1555,0.81,0.2,21,1344,8800,15025.2,0.89,1409,1
SHP02429,Supplier_A,Sensors,462,1317,0.91,0.28,27,1629,4047,13372.8,0.87,2482,1
SHP02430,Supplier_C,Processors,2529,1654,0.79,0.03,13,2335,6225,5775.21,0.98,1689,1
SHP02431,Supplier_D,Displays,3732,656,0.93,0.19,13,2085,2785,2881.63,0.47,542,0
SHP02432,Supplier_D,Processors,2418,1060,0.8,0.28,8,1240,2962,1328.23,0.29,824,1
SHP02433,Supplier_B,Microchips,3185,638,0.77,0.05,7,1449,8246,16839.35,0.77,1007,1
SHP02434,Supplier_C,Microchips,2445,1244,0.95,0.32,11,2298,6965,1965.27,0.18,1626,1
SHP02435,Supplier_B,Microchips,3698,1586,0.86,0.11,20,2843,3678,2739.48,0.24,2517,1
SHP02436,Supplier_D,Batteries,4429,1479,0.78,0.08,17,2329,7105,5135.36,0.26,1243,1
SHP02437,Supplier_B,Batteries,1831,1647,0.97,0.21,3,773,6307,9190.56,0.95,174,1
SHP02438,Supplier_C,Batteries,126,1280,0.9,0.08,5,1491,4123,15900.85,0.73,2570,1
SHP02439,Supplier_C,Processors,192,1227,0.76,0.24,10,1227,4143,5325.87,0.13,169,0
SHP02440,Supplier_C,Batteries,2764,1859,0.88,0.18,27,774,3800,11098.41,0.09,2982,1
SHP02441,Supplier_A,Displays,408,97,0.95,0.06,6,136,1323,2262.26,0.84,844,1
SHP02442,Supplier_B,Microchips,151,1722,0.9,0.32,2,2800,3202,9557.96,0.8,2418,0
SHP02443,Supplier_D,Processors,418,1074,0.77,0.24,12,2917,7202,3963.96,0.67,231,1
SHP02444,Supplier_D,Microchips,2092,1820,0.89,0.2,20,103,8442,4618.24,0.2,1221,1
SHP02445,Supplier_D,Batteries,4376,1978,0.88,0.14,26,1801,2794,7653.15,0.48,201,1
SHP02446,Supplier_A,Processors,3991,1841,0.94,0.06,24,1115,3342,15346.28,0.6,1290,0
SHP02447,Supplier_A,Sensors,4842,1480,0.75,0.25,4,1303,4045,15007.74,0.93,1228,1
SHP02448,Supplier_C,Displays,4056,1180,0.9,0.29,2,791,2307,8591.97,0.17,2089,1
SHP02449,Supplier_D,Batteries,2792,222,0.71,0.06,5,2791,2455,2814.09,0.52,697,0
SHP02450,Supplier_A,Batteries,3118,555,0.9,0.18,10,2533,6391,5973.49,0.16,1672,0
SHP02451,Supplier_C,Displays,2124,1203,0.98,0.18,29,1922,3539,10354.44,0.44,1565,0
SHP02452,Supplier_D,Displays,4531,447,0.75,0.14,17,2691,4618,17453.53,0.2,771,1
SHP02453,Supplier_B,Sensors,1625,343,0.79,0.28,8,2539,3378,19380.96,0.84,734,1
SHP02454,Supplier_C,Batteries,1378,601,0.87,0.05,6,2264,3205,12930.68,0.25,1023,0
SHP02455,Supplier_A,Batteries,613,1520,0.91,0.09,14,1996,2139,7338.39,0.42,2109,0
SHP02456,Supplier_A,Microchips,4437,899,0.8,0.02,12,2663,4591,14022.34,0.41,2999,0
SHP02457,Supplier_C,Processors,1833,1089,0.89,0.14,15,1536,5714,7056.49,0.87,2567,1
SHP02458,Supplier_C,Processors,3470,1712,0.96,0.12,23,122,5714,12696.73,0.76,2408,1
SHP02459,Supplier_A,Microchips,4021,934,0.91,0.31,18,774,5667,5253.45,0.06,1557,0
SHP02460,Supplier_B,Processors,2600,1422,0.91,0.27,24,319,9457,5706.28,0.07,2563,0
SHP02461,Supplier_D,Displays,3564,1053,0.81,0.05,13,268,9293,1966.9,0.55,1478,0
SHP02462,Supplier_B,Processors,2359,1276,0.96,0.26,22,596,8854,8692.75,0.43,2848,1
SHP02463,Supplier_C,Processors,4863,183,0.78,0.24,24,1151,8158,12554.4,0.28,1508,1
SHP02464,Supplier_B,Microchips,4789,820,0.76,0.11,22,2405,4973,15881.5,0.79,2690,1
SHP02465,Supplier_A,Sensors,2759,1599,0.81,0.03,22,1838,3269,16301.8,0.13,1398,1
SHP02466,Supplier_C,Processors,355,557,0.89,0.06,20,2018,3483,19852.67,0.97,2019,0
SHP02467,Supplier_D,Processors,1602,1139,0.95,0.1,6,1977,2213,2211.24,0.02,1811,0
SHP02468,Supplier_A,Sensors,4756,529,0.74,0.29,25,470,5735,10116.17,0.12,2963,0
SHP02469,Supplier_A,Microchips,2210,912,0.94,0.17,9,1309,5429,10666.8,0.31,148,0
SHP02470,Supplier_D,Sensors,506,508,0.94,0.32,3,1907,6995,16188.4,0.51,543,1
SHP02471,Supplier_D,Microchips,2949,1415,0.87,0.28,28,2946,1569,5693.99,0.22,271,1
SHP02472,Supplier_B,Displays,3276,1780,0.92,0.11,18,2983,9095,1852.76,0.74,1029,0
SHP02473,Supplier_C,Microchips,1960,675,0.75,0.3,3,2559,2545,6618.3,0.36,1947,0
SHP02474,Supplier_D,Displays,4454,208,0.75,0.06,28,634,1908,19686.59,0.04,105,0
SHP02475,Supplier_D,Displays,822,210,0.95,0.03,24,1612,5462,18039.1,0.88,1327,1
SHP02476,Supplier_C,Microchips,1382,1327,0.84,0.22,4,2135,5083,8207.32,0.94,2516,0
SHP02477,Supplier_D,Batteries,713,1970,0.77,0.13,25,1839,4340,17587.3,0.62,821,1
SHP02478,Supplier_D,Microchips,3431,989,0.9,0.13,21,2523,7947,1138.71,0.81,1030,1
SHP02479,Supplier_B,Processors,3216,1600,0.96,0.25,27,1942,8039,6626.98,0.12,2428,0
SHP02480,Supplier_A,Processors,2078,1622,0.88,0.3,27,2531,8112,14672.83,0.27,1178,0
SHP02481,Supplier_A,Batteries,912,204,0.8,0.13,25,254,3425,4818.32,0.33,1292,0
SHP02482,Supplier_A,Displays,1886,535,0.84,0.13,19,2802,8155,4368.62,0.96,2575,1
SHP02483,Supplier_A,Batteries,430,481,0.92,0.2,16,791,7670,17305.25,0.51,1635,0
SHP02484,Supplier_D,Processors,2312,1100,0.72,0.24,6,1254,2872,12511.1,0.01,512,0
SHP02485,Supplier_C,Batteries,1316,1053,0.76,0.09,23,2137,5909,19785.94,0.38,938,0
SHP02486,Supplier_C,Microchips,4582,1085,0.83,0.32,18,2938,9397,3126.06,0.01,2195,1
SHP02487,Supplier_B,Batteries,3437,116,0.88,0.24,15,217,1815,7444.5,0.24,1126,1
SHP02488,Supplier_B,Displays,2475,591,0.8,0.23,2,691,1065,6568.66,0.45,784,1
SHP02489,Supplier_D,Microchips,1340,145,0.79,0.32,15,1155,3051,17662.58,0.32,2935,0
SHP02490,Supplier_C,Sensors,419,264,0.71,0.32,10,2784,1002,5478.28,0.03,2476,0
SHP02491,Supplier_C,Processors,4594,243,0.71,0.06,6,1873,8426,7392.49,0.12,2380,1
SHP02492,Supplier_A,Processors,2014,1720,0.78,0.07,5,2697,1324,3285.26,0.55,1799,0
SHP02493,Supplier_D,Batteries,4300,1363,0.85,0.27,2,151,7134,15620.32,0.7,159,0
SHP02494,Supplier_D,Microchips,4891,1617,0.86,0.34,4,2857,1604,5135.21,0.4,689,1
SHP02495,Supplier_A,Sensors,429,934,0.84,0.24,21,2815,5891,1832.25,0.73,2677,1
SHP02496,Supplier_D,Microchips,759,88,0.82,0.16,12,138,3582,8984.62,0.16,2134,0
SHP02497,Supplier_D,Processors,3788,1937,0.77,0.25,17,2442,4122,8133.43,0.12,1189,1
SHP02498,Supplier_B,Microchips,3218,988,0.82,0.1,12,2897,8976,3963.38,0.84,1154,1
SHP02499,Supplier_C,Sensors,2072,988,0.74,0.35,22,1996,4114,3105.15,0.34,1081,1
SHP02500,Supplier_D,Batteries,1893,255,0.73,0.16,11,657,1346,17982.87,0.43,1873,1
SHP02501,Supplier_B,Displays,3318,1972,0.79,0.33,13,2256,4443,1822.97,0.95,876,0
SHP02502,Supplier_C,Microchips,4657,991,0.99,0.16,6,2633,3254,2436.56,0.42,247,0
SHP02503,Supplier_A,Displays,2633,604,0.79,0.33,11,2260,9302,5278.42,0.0,146,1
SHP02504,Supplier_B,Processors,2557,533,0.97,0.13,25,335,1022,19080.36,0.94,1367,1
SHP02505,Supplier_B,Batteries,3200,1410,0.81,0.27,14,914,4816,2164.99,0.01,1601,0
SHP02506,Supplier_C,Batteries,4466,1569,0.83,0.33,20,104,2707,16412.29,0.66,1718,1
SHP02507,Supplier_A,Microchips,2833,820,0.93,0.23,8,625,7715,17895.02,0.32,2503,1
SHP02508,Supplier_B,Batteries,4580,298,0.73,0.24,17,2130,7053,7868.42,0.47,2801,1
SHP02509,Supplier_D,Microchips,4255,1147,0.75,0.05,7,607,4815,6230.94,0.55,1764,1
SHP02510,Supplier_D,Microchips,319,422,0.98,0.18,11,780,9938,13708.87,0.41,2600,0
SHP02511,Supplier_D,Displays,2918,1904,0.85,0.31,28,1042,1514,14201.37,0.77,2669,1
SHP02512,Supplier_A,Batteries,2006,928,0.71,0.1,11,850,7287,15709.55,0.93,2324,1
SHP02513,Supplier_B,Microchips,2711,1881,0.71,0.28,27,245,4039,16696.05,0.09,2122,1
SHP02514,Supplier_D,Displays,2693,1859,0.96,0.24,12,497,6861,5733.71,0.8,309,1
SHP02515,Supplier_A,Sensors,195,884,0.95,0.09,23,1871,3856,13895.75,0.13,286,1
SHP02516,Supplier_D,Displays,1088,920,0.83,0.11,11,1664,3341,3130.66,0.08,1148,1
SHP02517,Supplier_C,Displays,1212,751,0.75,0.16,26,141,9516,10459.26,0.96,1287,0
SHP02518,Supplier_B,Microchips,2378,187,0.94,0.06,15,657,7336,12451.29,0.49,134,1
SHP02519,Supplier_B,Processors,345,997,0.79,0.32,16,1301,4362,3653.77,0.15,2143,1
SHP02520,Supplier_A,Processors,2258,506,0.82,0.26,8,335,8806,1991.88,0.57,1376,0
SHP02521,Supplier_A,Processors,4429,863,0.9,0.14,14,2971,4490,4297.55,0.26,574,1
SHP02522,Supplier_B,Displays,3449,872,0.8,0.12,12,151,3507,8701.48,0.46,858,0
SHP02523,Supplier_D,Microchips,2825,991,0.88,0.25,8,189,9148,17812.9,0.62,569,0
SHP02524,Supplier_D,Batteries,4177,1916,0.96,0.16,12,884,6167,10872.33,0.87,2669,1
SHP02525,Supplier_C,Displays,4998,493,0.93,0.1,15,1728,4178,15095.61,0.0,363,1
SHP02526,Supplier_D,Displays,2766,402,0.81,0.16,18,2363,8431,3895.82,0.21,1228,0
SHP02527,Supplier_A,Microchips,3299,1045,0.78,0.31,17,2670,4324,2566.57,0.1,866,1
SHP02528,Supplier_A,Sensors,2854,843,0.78,0.04,2,584,2544,5172.54,0.1,506,0
SHP02529,Supplier_D,Displays,1517,460,0.8,0.14,10,2620,6851,6620.67,0.95,2793,0
SHP02530,Supplier_A,Sensors,754,727,0.84,0.34,10,65,9717,11187.99,0.94,1329,0
SHP02531,Supplier_B,Sensors,2542,1863,0.82,0.02,29,610,7172,17684.24,0.75,2783,0
SHP02532,Supplier_B,Processors,210,1611,0.74,0.31,28,2975,5633,8808.81,0.64,1339,1
SHP02533,Supplier_D,Microchips,189,502,0.75,0.14,11,2433,7286,10616.56,0.85,2211,1
SHP02534,Supplier_B,Sensors,862,468,0.8,0.08,20,959,3265,589.96,0.06,2961,0
SHP02535,Supplier_B,Microchips,3272,499,0.86,0.02,16,1463,9904,1149.59,0.12,971,0
SHP02536,Supplier_C,Processors,2279,1044,0.87,0.04,17,2267,9258,2133.5,0.32,137,1
SHP02537,Supplier_C,Microchips,2604,1658,0.84,0.08,12,962,9952,14130.38,0.83,859,0
SHP02538,Supplier_B,Displays,1564,1188,0.91,0.03,28,168,7287,9980.73,0.47,764,0
SHP02539,Supplier_D,Sensors,197,100,0.91,0.13,25,2107,6260,4262.74,0.5,2121,1
SHP02540,Supplier_C,Microchips,392,1442,0.82,0.03,26,2527,9656,12055.69,0.23,321,0
SHP02541,Supplier_A,Batteries,1939,1987,0.74,0.25,18,1541,5191,11119.94,0.65,1465,1
SHP02542,Supplier_A,Microchips,1834,1756,0.85,0.29,29,2146,5899,2231.59,0.89,869,1
SHP02543,Supplier_A,Sensors,2719,1853,0.81,0.31,20,2304,2467,12988.05,0.33,572,1
SHP02544,Supplier_D,Processors,4847,1588,0.74,0.2,14,563,5852,15459.52,0.62,2504,1
SHP02545,Supplier_B,Processors,2296,259,0.98,0.33,7,2057,7101,6087.81,0.33,678,1
SHP02546,Supplier_A,Sensors,3566,937,0.81,0.02,16,1283,8547,13906.03,0.79,334,1
SHP02547,Supplier_D,Displays,2006,1047,0.88,0.06,17,1212,3760,4394.53,0.47,2749,0
SHP02548,Supplier_C,Displays,1821,1976,0.84,0.12,5,86,7421,15256.21,0.34,2241,1
SHP02549,Supplier_B,Processors,3791,1042,0.74,0.28,9,2315,2393,18279.6,0.42,2986,1
SHP02550,Supplier_C,Processors,1916,1975,0.72,0.31,26,1529,4693,9116.41,0.09,2336,1
SHP02551,Supplier_D,Sensors,352,899,0.88,0.22,8,1585,6378,5270.13,0.87,748,0
SHP02552,Supplier_A,Displays,4327,1886,0.77,0.15,28,2277,2699,8283.95,0.96,1808,1
SHP02553,Supplier_A,Processors,3619,1968,0.77,0.24,18,1590,2120,5376.51,0.48,115,1
SHP02554,Supplier_D,Displays,2007,1927,0.98,0.08,17,179,6329,524.17,0.22,1498,0
SHP02555,Supplier_A,Processors,2010,676,0.83,0.17,3,2708,2571,13183.9,0.66,463,1
SHP02556,Supplier_B,Microchips,2621,728,0.71,0.19,18,1821,1728,1329.27,0.45,843,1
SHP02557,Supplier_D,Batteries,3949,1508,0.8,0.05,26,2756,1615,4602.62,0.25,2557,0
SHP02558,Supplier_C,Microchips,1158,826,0.87,0.03,5,408,1370,14587.77,0.04,2321,0
SHP02559,Supplier_D,Processors,3638,1300,0.8,0.27,27,2724,7767,13481.64,0.89,2333,1
SHP02560,Supplier_B,Batteries,2422,712,0.71,0.2,15,1672,6338,1929.91,0.8,569,1
SHP02561,Supplier_B,Batteries,286,317,0.83,0.13,9,1631,5942,13371.07,0.83,1503,0
SHP02562,Supplier_D,Processors,1048,165,0.73,0.16,6,1227,2119,18646.21,0.44,411,0
SHP02563,Supplier_D,Processors,2390,1673,0.88,0.34,6,555,7331,1952.8,0.75,2947,1
SHP02564,Supplier_A,Displays,4459,1903,0.88,0.15,6,1582,8019,8605.92,0.58,634,0
SHP02565,Supplier_B,Processors,4717,803,0.71,0.05,28,867,3422,14723.96,0.37,2676,1
SHP02566,Supplier_D,Sensors,4978,1433,0.78,0.17,6,843,8590,13520.6,0.84,2269,1
SHP02567,Supplier_D,Processors,4730,1402,0.82,0.23,4,888,6825,4916.96,1.0,327,1
SHP02568,Supplier_B,Sensors,309,1918,0.86,0.02,7,672,7760,3679.81,0.9,1088,1
SHP02569,Supplier_D,Processors,2193,1113,0.79,0.13,2,2726,9902,15792.82,0.78,1531,0
SHP02570,Supplier_A,Displays,3638,231,0.78,0.15,9,146,5570,19146.77,0.75,1298,1
SHP02571,Supplier_B,Sensors,1663,1563,0.99,0.17,14,2013,1573,15467.88,0.65,2030,0
SHP02572,Supplier_A,Microchips,125,1282,0.71,0.12,21,1355,1507,19282.49,0.85,2700,1
SHP02573,Supplier_A,Sensors,274,952,0.99,0.24,7,1774,7735,12297.41,0.49,114,0
SHP02574,Supplier_A,Displays,1434,1346,0.71,0.33,19,2916,3222,18617.43,0.18,313,0
SHP02575,Supplier_A,Sensors,421,1192,0.78,0.32,19,648,8688,13963.5,0.77,702,0
SHP02576,Supplier_B,Processors,4250,1455,0.84,0.24,17,478,2294,18223.25,0.92,151,1
SHP02577,Supplier_A,Processors,4147,995,0.74,0.19,9,1616,1787,3650.98,0.34,1029,0
SHP02578,Supplier_A,Displays,3327,1609,0.74,0.29,18,1374,5667,16403.52,0.78,156,1
SHP02579,Supplier_D,Batteries,1972,307,0.77,0.3,9,2640,3233,4336.54,0.27,1412,1
SHP02580,Supplier_B,Processors,2167,1556,0.98,0.29,16,2464,9778,1034.87,0.94,2555,1
SHP02581,Supplier_B,Microchips,432,558,0.81,0.07,27,1902,4650,10592.93,0.68,631,0
SHP02582,Supplier_C,Displays,3091,141,0.86,0.03,11,1817,4249,6705.91,0.57,1736,0
SHP02583,Supplier_B,Sensors,1010,1234,0.9,0.34,2,1118,7071,1348.86,0.78,2504,0
SHP02584,Supplier_B,Sensors,4596,198,0.92,0.34,10,1566,5036,19615.94,0.81,799,1
SHP02585,Supplier_C,Microchips,1049,166,0.9,0.21,18,1389,9747,13496.09,0.89,1156,0
SHP02586,Supplier_B,Processors,2175,507,0.8,0.35,21,2149,2709,18085.34,0.9,1666,1
SHP02587,Supplier_B,Displays,2614,614,0.73,0.27,26,613,6212,19982.11,0.05,773,0
SHP02588,Supplier_B,Microchips,3431,863,0.78,0.19,2,2596,2510,8143.35,0.12,1409,0
SHP02589,Supplier_B,Processors,3129,94,0.76,0.15,10,1026,6903,5467.37,0.83,616,1
SHP02590,Supplier_C,Displays,200,1850,0.74,0.22,15,1391,9167,4085.75,0.95,780,0
SHP02591,Supplier_B,Sensors,4746,823,0.71,0.19,25,1483,8552,10546.15,0.31,1808,0
SHP02592,Supplier_B,Displays,2500,1892,0.97,0.35,6,2420,4506,12318.58,0.01,826,0
SHP02593,Supplier_C,Batteries,3471,283,0.97,0.18,7,1664,7078,9712.24,0.32,2264,0
SHP02594,Supplier_D,Displays,2443,1448,0.71,0.3,6,1634,7432,8051.41,0.38,2914,0
SHP02595,Supplier_A,Batteries,452,1620,0.75,0.29,5,1303,4633,3781.31,0.76,368,1
SHP02596,Supplier_D,Displays,3055,1923,0.74,0.04,29,1417,2461,9116.26,0.05,2143,0
SHP02597,Supplier_C,Batteries,1118,1988,0.78,0.05,17,1444,6914,2162.24,0.21,1887,0
SHP02598,Supplier_A,Sensors,1279,246,0.76,0.24,17,605,7352,17368.43,0.89,817,1
SHP02599,Supplier_C,Processors,3636,74,0.97,0.11,11,1320,3171,1414.6,0.15,820,0
SHP02600,Supplier_C,Batteries,3750,444,0.72,0.24,15,268,8928,7922.6,0.76,2287,1
SHP02601,Supplier_B,Batteries,2602,763,0.76,0.07,14,583,9594,2452.69,0.36,243,1
SHP02602,Supplier_A,Sensors,3919,1858,0.72,0.15,29,2739,9475,15612.12,0.66,2369,1
SHP02603,Supplier_B,Batteries,1079,1109,0.98,0.05,5,2616,7806,6598.37,0.07,880,0
SHP02604,Supplier_A,Microchips,4934,1547,0.97,0.11,15,1545,7115,2705.56,0.29,991,0
SHP02605,Supplier_C,Sensors,1076,272,0.91,0.05,27,1423,9432,10864.08,0.42,2735,1
SHP02606,Supplier_C,Microchips,1471,913,0.82,0.34,25,93,5656,18367.4,0.86,729,1
SHP02607,Supplier_D,Sensors,2380,1862,0.76,0.15,25,114,9892,18218.57,0.56,1733,1
SHP02608,Supplier_A,Batteries,4676,579,0.76,0.32,10,295,3670,5368.2,0.05,534,1
SHP02609,Supplier_B,Microchips,207,1261,0.83,0.34,4,1036,5360,14533.36,0.8,1668,0
SHP02610,Supplier_D,Batteries,1072,1475,0.92,0.32,11,1658,3548,1090.54,0.05,2530,0
SHP02611,Supplier_D,Sensors,1726,306,0.78,0.17,16,1774,3326,3071.11,0.93,2581,1
SHP02612,Supplier_D,Batteries,803,703,0.79,0.28,25,2255,3796,10239.71,0.21,1729,0
SHP02613,Supplier_B,Microchips,974,1209,0.87,0.07,20,1548,8046,4960.75,0.49,1573,0
SHP02614,Supplier_D,Microchips,3909,1892,0.77,0.05,3,1098,3206,16066.11,0.07,579,1
SHP02615,Supplier_B,Batteries,2511,640,0.87,0.31,3,2922,6179,18655.91,0.56,1266,1
SHP02616,Supplier_D,Displays,2207,493,0.81,0.03,10,209,2610,584.5,0.5,2169,0
SHP02617,Supplier_B,Sensors,3653,467,0.71,0.34,5,2915,9679,5041.86,0.41,660,0
SHP02618,Supplier_C,Sensors,1373,1365,0.82,0.24,6,1054,1464,9071.29,0.04,2795,1
SHP02619,Supplier_C,Batteries,659,623,0.97,0.16,3,2172,5323,11480.05,0.88,1515,0
SHP02620,Supplier_C,Displays,216,178,0.79,0.07,26,2235,9857,18360.1,0.8,2759,0
SHP02621,Supplier_C,Microchips,3146,1060,0.79,0.26,8,1991,6475,17891.73,0.63,2615,1
SHP02622,Supplier_C,Processors,143,390,0.72,0.21,20,528,7965,12924.82,0.57,2859,0
SHP02623,Supplier_D,Processors,608,859,0.88,0.25,7,2650,1798,5519.07,0.69,2993,0
SHP02624,Supplier_D,Batteries,3539,1330,0.95,0.16,24,1376,3800,15774.11,0.14,2103,0
SHP02625,Supplier_D,Displays,4028,1041,0.8,0.04,17,436,4240,4451.71,0.93,220,0
SHP02626,Supplier_B,Displays,1016,1797,0.77,0.12,15,521,4355,19320.86,0.28,2886,0
SHP02627,Supplier_B,Sensors,3045,1639,0.98,0.12,13,358,4929,613.88,0.66,1561,1
SHP02628,Supplier_B,Microchips,898,1760,0.92,0.02,7,2984,1859,11610.52,0.61,850,0
SHP02629,Supplier_B,Displays,1860,149,0.86,0.02,27,750,9555,2223.75,0.64,888,1
SHP02630,Supplier_C,Processors,2433,88,0.79,0.13,28,1971,8688,8448.19,0.88,1224,1
SHP02631,Supplier_C,Microchips,3375,1999,0.76,0.26,27,1902,6022,12881.2,0.3,994,1
SHP02632,Supplier_C,Microchips,918,312,0.91,0.23,23,2067,8584,13947.17,0.75,1106,0
SHP02633,Supplier_A,Batteries,2268,199,0.85,0.1,14,1128,7402,15818.6,0.6,286,0
SHP02634,Supplier_D,Displays,3835,1706,0.85,0.22,16,835,2774,12069.89,0.08,1282,1
SHP02635,Supplier_B,Batteries,3165,739,0.72,0.23,25,1528,4365,5400.73,0.41,617,1
SHP02636,Supplier_B,Displays,3359,862,0.85,0.19,15,2402,9014,17840.44,0.84,2829,1
SHP02637,Supplier_C,Sensors,1006,1403,0.94,0.19,9,151,9342,16316.59,0.32,1303,0
SHP02638,Supplier_B,Batteries,4208,1193,0.97,0.14,22,824,8425,3621.02,0.48,2047,1
SHP02639,Supplier_B,Batteries,702,1657,0.73,0.06,21,1281,4021,16616.97,0.49,1100,0
SHP02640,Supplier_D,Processors,4395,268,0.88,0.15,12,1388,5237,19466.57,0.62,739,1
SHP02641,Supplier_C,Batteries,2733,955,0.86,0.13,22,621,7394,12925.77,0.88,1931,0
SHP02642,Supplier_D,Displays,1891,1983,0.96,0.22,10,197,4817,5995.2,0.17,829,0
SHP02643,Supplier_A,Processors,3627,1887,0.92,0.3,13,1872,1760,12328.58,0.5,752,1
SHP02644,Supplier_A,Batteries,4643,1196,0.98,0.14,27,646,5451,7179.43,0.42,532,1
SHP02645,Supplier_A,Batteries,1911,293,0.98,0.25,7,1027,5627,13680.96,0.3,2791,0
SHP02646,Supplier_C,Sensors,4011,935,0.77,0.29,20,1120,3739,11123.6,0.92,2910,1
SHP02647,Supplier_B,Batteries,940,636,0.91,0.09,4,2596,8439,18625.07,0.01,200,1
SHP02648,Supplier_C,Microchips,3242,567,0.85,0.32,2,204,6548,12549.22,0.12,2467,1
SHP02649,Supplier_C,Processors,4785,1094,0.76,0.04,16,279,7791,4672.64,0.73,1221,1
SHP02650,Supplier_B,Microchips,2190,239,0.76,0.32,16,207,8916,14639.64,0.26,947,1
SHP02651,Supplier_D,Processors,4715,1298,0.72,0.07,6,972,7845,6367.13,0.72,2426,1
SHP02652,Supplier_A,Sensors,1136,964,0.93,0.13,23,2665,7867,5811.62,0.83,2845,0
SHP02653,Supplier_D,Batteries,824,664,0.79,0.22,25,1224,4943,8139.64,0.25,1978,1
SHP02654,Supplier_A,Batteries,1087,905,0.95,0.32,12,2396,4460,733.94,0.19,1266,0
SHP02655,Supplier_C,Batteries,902,515,0.88,0.1,26,1296,2492,19398.24,0.15,1984,1
SHP02656,Supplier_A,Processors,2682,148,0.9,0.27,24,815,4621,10880.46,0.2,2503,1
SHP02657,Supplier_C,Batteries,3937,879,0.78,0.25,2,2662,9918,15583.13,0.27,1714,0
SHP02658,Supplier_D,Microchips,626,1436,0.83,0.07,24,516,6018,5528.12,0.87,529,0
SHP02659,Supplier_C,Batteries,1765,1046,0.82,0.18,11,535,9162,15059.05,0.77,1162,0
SHP02660,Supplier_D,Sensors,1238,1156,0.77,0.18,26,1625,7750,11559.82,0.0,2572,0
SHP02661,Supplier_B,Microchips,559,1766,0.94,0.12,21,493,5841,8770.81,0.87,1471,0
SHP02662,Supplier_B,Batteries,2652,1737,0.88,0.28,12,1927,8468,19428.05,0.08,528,1
SHP02663,Supplier_B,Batteries,4520,105,0.71,0.33,29,954,1087,10129.95,0.66,1409,0
SHP02664,Supplier_C,Displays,4774,1775,0.94,0.26,8,2960,1562,13320.44,0.15,554,0
SHP02665,Supplier_B,Processors,2908,1095,0.73,0.34,26,1851,2268,799.17,0.06,1447,0
SHP02666,Supplier_A,Microchips,2998,629,0.82,0.04,18,975,6561,6378.38,0.76,618,0
SHP02667,Supplier_D,Displays,3343,234,0.87,0.03,13,2027,7045,17829.49,0.47,1938,0
SHP02668,Supplier_D,Sensors,4168,571,0.7,0.31,27,341,5654,15299.7,0.6,1426,1
SHP02669,Supplier_A,Processors,2431,1651,0.89,0.32,26,1283,4171,10966.7,0.43,309,1
SHP02670,Supplier_C,Microchips,4670,313,0.89,0.06,5,1884,8512,18053.11,0.07,690,0
SHP02671,Supplier_C,Batteries,3785,1298,0.89,0.14,13,801,8852,9981.3,0.74,993,0
SHP02672,Supplier_D,Microchips,731,1708,0.75,0.3,25,1284,3800,11546.89,0.82,966,1
SHP02673,Supplier_B,Batteries,4898,1111,0.77,0.06,4,2972,7846,7951.98,0.04,2591,0
SHP02674,Supplier_C,Processors,2556,1052,0.77,0.11,19,712,6038,12590.78,0.38,275,1
SHP02675,Supplier_C,Batteries,1081,172,0.98,0.24,13,1469,5888,6720.53,0.56,860,0
SHP02676,Supplier_A,Sensors,4754,1903,0.72,0.34,25,1634,5780,8017.1,0.61,316,1
SHP02677,Supplier_A,Batteries,4417,1229,0.82,0.28,25,969,2143,19343.36,0.58,1529,1
SHP02678,Supplier_B,Sensors,1656,1979,0.95,0.28,20,958,7703,2670.52,0.69,1530,1
SHP02679,Supplier_C,Processors,2305,350,0.92,0.13,14,173,1747,2552.48,0.97,703,0
SHP02680,Supplier_C,Processors,4543,882,0.94,0.24,17,117,8094,1344.66,0.39,1552,0
SHP02681,Supplier_A,Microchips,4055,1140,0.98,0.06,9,524,7445,6740.87,0.56,1842,0
SHP02682,Supplier_C,Sensors,1021,1978,0.81,0.35,28,407,4488,8265.47,0.7,919,1
SHP02683,Supplier_D,Sensors,504,694,0.79,0.18,28,1816,3104,2343.06,0.59,1834,1
SHP02684,Supplier_A,Displays,4872,923,0.71,0.23,7,1529,4856,11208.05,0.39,1161,0
SHP02685,Supplier_B,Displays,4784,443,0.74,0.31,11,1419,6119,11874.38,0.62,2571,1
SHP02686,Supplier_A,Displays,1720,1725,0.86,0.02,26,2003,6258,15145.02,0.65,2726,0
SHP02687,Supplier_C,Batteries,3052,1667,0.75,0.34,11,2618,3768,19531.38,0.58,284,0
SHP02688,Supplier_B,Displays,3218,1643,0.91,0.14,7,1956,5059,12577.37,0.21,2422,0
SHP02689,Supplier_A,Sensors,1694,710,0.71,0.13,9,882,2808,2677.19,0.51,701,1
SHP02690,Supplier_D,Batteries,665,1478,0.78,0.07,19,2721,6480,2226.22,0.88,1409,1
SHP02691,Supplier_D,Processors,4899,1522,0.9,0.3,18,1403,1409,15662.16,0.87,1471,1
SHP02692,Supplier_A,Microchips,2968,1204,0.77,0.31,27,2524,1645,13181.52,0.75,2866,0
SHP02693,Supplier_D,Displays,957,118,0.91,0.03,11,1058,2551,3657.33,0.7,629,0
SHP02694,Supplier_D,Processors,1384,1418,0.99,0.04,3,492,6362,5440.52,0.15,1112,0
SHP02695,Supplier_D,Sensors,684,811,0.93,0.32,13,650,2113,15129.69,0.46,2903,1
SHP02696,Supplier_B,Microchips,4427,369,0.8,0.06,21,2859,4587,11540.04,0.11,1954,1
SHP02697,Supplier_D,Processors,1345,226,0.96,0.22,11,1524,1061,11907.5,0.82,106,0
SHP02698,Supplier_D,Microchips,151,633,0.71,0.22,10,536,2727,4595.17,0.29,287,1
SHP02699,Supplier_D,Displays,2263,1602,0.91,0.31,17,2836,5592,12766.63,0.77,1723,0
SHP02700,Supplier_B,Sensors,637,1914,0.71,0.21,8,2745,9168,15527.26,0.81,1239,0
SHP02701,Supplier_A,Microchips,640,1233,0.75,0.16,10,2993,3966,17762.42,0.89,2646,1
SHP02702,Supplier_C,Processors,914,631,0.99,0.34,26,2102,4360,14865.99,0.75,162,0
SHP02703,Supplier_D,Displays,1515,1698,0.8,0.1,26,681,6662,11739.33,0.56,540,0
SHP02704,Supplier_A,Displays,2938,1817,0.94,0.11,25,1804,9070,13628.56,0.6,1467,1
SHP02705,Supplier_D,Processors,1752,1606,0.81,0.05,7,2974,7700,9959.67,0.32,686,0
SHP02706,Supplier_B,Processors,2765,1208,0.94,0.34,28,1628,4630,4924.52,0.18,478,0
SHP02707,Supplier_A,Microchips,4614,1848,0.98,0.25,11,1261,4869,17703.04,0.13,2442,0
SHP02708,Supplier_B,Batteries,4162,160,0.83,0.02,8,75,6200,10886.14,0.18,1806,1
SHP02709,Supplier_D,Displays,2456,1048,0.86,0.25,19,2259,3039,12089.21,0.93,1355,1
SHP02710,Supplier_D,Microchips,3910,807,0.88,0.15,12,2842,8454,19807.12,0.16,2587,1
SHP02711,Supplier_B,Processors,963,332,0.97,0.34,2,2630,2307,19707.81,0.72,2541,0
SHP02712,Supplier_C,Microchips,285,1593,0.77,0.11,22,2980,7634,11933.06,0.18,836,0
SHP02713,Supplier_B,Processors,4456,1869,0.88,0.25,25,2507,2724,1162.17,0.98,973,1
SHP02714,Supplier_D,Sensors,1651,1792,0.79,0.23,20,1713,6670,8224.88,0.37,803,0
SHP02715,Supplier_B,Processors,2307,243,0.76,0.02,24,1146,5690,18777.22,0.41,198,0
SHP02716,Supplier_C,Processors,861,1016,0.72,0.31,6,1306,3455,6121.98,0.4,2559,0
SHP02717,Supplier_B,Processors,4419,1120,0.88,0.07,29,2952,1941,19985.74,0.82,513,0
SHP02718,Supplier_C,Batteries,1379,1027,0.96,0.24,27,1179,8092,2144.19,0.22,413,1
SHP02719,Supplier_C,Processors,4375,391,0.8,0.28,25,950,6295,11578.23,0.83,2473,1
SHP02720,Supplier_B,Displays,4827,1315,0.86,0.23,7,58,8688,10551.26,0.66,2276,1
SHP02721,Supplier_B,Displays,3794,571,0.89,0.05,23,99,4061,5479.38,0.22,1885,0
SHP02722,Supplier_A,Microchips,3381,1443,0.82,0.34,8,1595,9587,18997.84,0.07,1532,0
SHP02723,Supplier_D,Batteries,1636,850,0.96,0.1,24,491,4763,12573.84,0.77,522,1
SHP02724,Supplier_C,Microchips,3264,952,0.81,0.23,5,1851,8694,4989.45,0.22,2798,1
SHP02725,Supplier_A,Displays,2870,180,0.74,0.28,27,1663,3888,7988.94,0.89,329,0
SHP02726,Supplier_B,Displays,2063,1343,0.74,0.33,17,2133,5443,14563.97,0.13,1694,1
SHP02727,Supplier_D,Sensors,3945,863,0.96,0.22,29,2215,5006,6305.09,0.62,776,0
SHP02728,Supplier_A,Processors,3535,110,0.99,0.11,11,751,2086,17652.32,0.69,815,1
SHP02729,Supplier_C,Displays,4810,213,0.78,0.3,27,803,7499,3730.64,0.66,2048,0
SHP02730,Supplier_A,Microchips,661,1598,0.74,0.07,16,1878,2304,5657.85,0.32,2757,1
SHP02731,Supplier_C,Microchips,2521,321,0.84,0.03,14,1585,7510,3325.52,0.88,437,0
SHP02732,Supplier_B,Processors,4817,1793,0.91,0.32,9,279,2014,2531.49,0.77,345,1
SHP02733,Supplier_D,Processors,2235,1831,0.88,0.21,23,609,9412,6356.15,0.51,657,0
SHP02734,Supplier_D,Sensors,2161,182,0.98,0.04,28,1223,6848,19983.99,0.6,303,1
SHP02735,Supplier_D,Batteries,2280,1317,0.94,0.21,14,1928,9664,2339.42,0.57,1316,0
SHP02736,Supplier_B,Microchips,2060,1879,0.95,0.07,25,2305,6120,4653.54,0.95,1677,0
SHP02737,Supplier_C,Processors,3979,1047,0.86,0.03,8,1134,1415,5796.53,0.9,773,0
SHP02738,Supplier_B,Microchips,3379,1507,0.79,0.06,18,1190,2868,12573.03,0.24,835,1
SHP02739,Supplier_D,Processors,3984,87,0.9,0.28,5,288,5112,15034.24,0.26,2431,0
SHP02740,Supplier_B,Displays,3370,1944,0.83,0.27,8,2964,2533,15162.71,0.98,2365,0
SHP02741,Supplier_B,Microchips,4787,1641,0.78,0.22,17,2145,8922,668.4,0.24,1735,1
SHP02742,Supplier_B,Displays,682,1392,0.74,0.09,26,1521,2462,13211.08,0.95,672,1
SHP02743,Supplier_C,Microchips,1713,1583,0.85,0.26,3,2854,8698,12799.37,0.65,281,1
SHP02744,Supplier_A,Batteries,1201,1449,0.87,0.15,22,1541,2865,10594.27,0.05,1694,0
SHP02745,Supplier_A,Sensors,388,1633,0.86,0.19,26,1366,5009,7894.57,0.34,1073,0
SHP02746,Supplier_B,Displays,3959,666,0.73,0.32,26,2095,8973,16050.16,0.48,1040,1
SHP02747,Supplier_A,Processors,3160,523,0.87,0.17,23,566,8710,7205.68,0.83,1346,0
SHP02748,Supplier_A,Batteries,3026,108,0.75,0.23,24,254,9663,4985.24,0.33,307,0
SHP02749,Supplier_B,Microchips,4202,638,0.89,0.34,26,2187,4177,6546.86,0.31,2570,1
SHP02750,Supplier_B,Displays,1283,548,0.82,0.17,15,2597,3865,9073.13,0.92,1293,1
SHP02751,Supplier_D,Microchips,4435,1291,0.95,0.21,15,1181,4197,4674.12,0.08,238,0
SHP02752,Supplier_A,Microchips,1546,1968,0.93,0.21,27,1263,3461,12347.64,0.55,2350,0
SHP02753,Supplier_C,Microchips,1849,616,0.91,0.1,9,1834,8782,17742.08,0.5,353,1
SHP02754,Supplier_B,Sensors,2003,616,0.9,0.26,27,1432,4581,12111.47,0.06,1289,1
SHP02755,Supplier_D,Sensors,3275,1202,0.86,0.26,7,1807,9692,9210.03,0.09,668,0
SHP02756,Supplier_C,Processors,1177,953,0.72,0.09,23,1729,8994,16038.94,0.38,1758,0
SHP02757,Supplier_A,Displays,2477,432,0.89,0.02,8,56,1120,15086.75,0.13,525,0
SHP02758,Supplier_D,Batteries,947,1461,0.84,0.35,8,1935,2775,7657.63,0.48,1260,0
SHP02759,Supplier_B,Batteries,2976,134,0.84,0.21,3,2419,1606,12280.99,0.61,1529,1
SHP02760,Supplier_C,Batteries,1339,1583,0.81,0.08,26,2365,9129,14731.94,0.69,1033,0
SHP02761,Supplier_B,Microchips,1432,1799,0.97,0.11,5,345,8375,5286.53,0.55,1068,0
SHP02762,Supplier_A,Sensors,3606,676,0.77,0.22,14,2667,1819,7642.34,0.38,861,1
SHP02763,Supplier_C,Displays,2479,1510,0.79,0.07,11,1460,1783,2562.63,0.13,668,0
SHP02764,Supplier_A,Microchips,4891,875,0.98,0.03,10,313,2846,19759.77,0.25,2726,0
SHP02765,Supplier_A,Sensors,4222,342,0.93,0.28,16,2187,8560,2174.61,0.42,330,0
SHP02766,Supplier_D,Sensors,3337,1122,0.7,0.26,13,902,1391,3787.82,0.92,1094,0
SHP02767,Supplier_B,Displays,2465,1140,0.96,0.12,28,2585,8880,9856.72,0.2,2433,1
SHP02768,Supplier_C,Displays,2512,836,0.77,0.04,11,1414,2132,17372.8,0.41,1756,1
SHP02769,Supplier_A,Displays,3274,178,0.9,0.18,20,1402,5445,7439.7,0.73,2201,0
SHP02770,Supplier_A,Microchips,472,78,0.86,0.11,22,450,6318,15487.62,0.71,1923,0
SHP02771,Supplier_C,Processors,2049,1416,0.86,0.15,6,406,6562,13682.66,0.97,889,0
SHP02772,Supplier_A,Displays,344,1618,0.91,0.11,8,2852,5439,12953.95,0.19,1515,0
SHP02773,Supplier_D,Processors,1940,1192,0.76,0.08,29,2596,1676,16977.84,0.02,2000,0
SHP02774,Supplier_D,Microchips,3527,741,0.75,0.15,21,883,7251,776.32,0.32,2725,1
SHP02775,Supplier_D,Processors,224,1736,0.89,0.34,12,484,1594,18618.48,0.15,1393,1
SHP02776,Supplier_D,Batteries,4732,182,0.78,0.11,17,168,4324,16669.91,0.55,2536,0
SHP02777,Supplier_A,Processors,2853,1400,0.98,0.13,14,1072,7168,18788.41,0.9,1136,1
SHP02778,Supplier_C,Displays,2019,1258,0.83,0.13,29,2445,7426,15974.96,0.69,442,1
SHP02779,Supplier_C,Microchips,1735,1579,0.73,0.18,5,2636,8730,17632.53,0.14,1712,0
SHP02780,Supplier_C,Displays,1525,695,0.9,0.3,17,1586,3934,4460.02,0.12,438,1
SHP02781,Supplier_C,Batteries,1640,738,0.79,0.15,14,1468,6033,6724.97,0.91,2171,0
SHP02782,Supplier_B,Displays,630,583,0.74,0.29,2,1752,7763,6646.81,0.49,2097,0
SHP02783,Supplier_C,Displays,4449,1314,0.82,0.06,23,579,7086,2628.75,0.92,2045,0
SHP02784,Supplier_B,Displays,3203,1662,0.98,0.32,5,352,5333,14726.8,0.74,685,1
SHP02785,Supplier_B,Sensors,4856,1789,0.82,0.08,28,2299,1839,3155.33,0.99,1609,1
SHP02786,Supplier_D,Batteries,1901,565,0.8,0.03,16,205,3510,1523.93,0.87,521,0
SHP02787,Supplier_B,Displays,1136,1913,0.83,0.07,27,63,5687,15621.21,0.41,1413,0
SHP02788,Supplier_A,Displays,3828,1009,0.7,0.08,27,2853,3887,18140.93,0.76,1413,1
SHP02789,Supplier_B,Displays,4111,214,0.74,0.19,22,938,4043,15400.41,0.47,1142,0
SHP02790,Supplier_D,Microchips,3563,976,0.95,0.17,28,1246,2631,16594.37,0.23,1751,0
SHP02791,Supplier_B,Sensors,1242,982,0.98,0.26,26,494,2405,12114.62,0.24,2525,1
SHP02792,Supplier_A,Microchips,1855,1713,0.75,0.04,17,2219,8632,17811.05,0.4,1277,1
SHP02793,Supplier_A,Sensors,4940,606,0.86,0.18,5,2281,7115,10185.72,0.11,1838,1
SHP02794,Supplier_A,Displays,1729,1291,0.98,0.13,18,1893,7495,19772.29,0.18,1766,0
SHP02795,Supplier_D,Batteries,862,1820,0.75,0.23,12,2768,3489,2516.59,0.5,227,0
SHP02796,Supplier_D,Processors,4989,1721,0.75,0.03,26,98,5490,16279.02,0.95,532,0
SHP02797,Supplier_C,Processors,4939,729,0.97,0.03,6,230,1005,13007.09,0.58,2924,0
SHP02798,Supplier_D,Displays,4057,1042,0.9,0.16,27,1467,3581,11822.6,0.41,2961,1
SHP02799,Supplier_A,Microchips,657,1822,0.74,0.29,14,2238,9411,14653.31,0.24,2085,0
SHP02800,Supplier_A,Batteries,4721,1678,0.81,0.24,13,579,9203,16885.68,0.2,614,1
SHP02801,Supplier_D,Sensors,939,1078,0.72,0.03,28,1725,3842,17326.24,0.66,1465,1
SHP02802,Supplier_B,Displays,102,1741,0.83,0.08,24,633,6504,3919.93,0.85,601,1
SHP02803,Supplier_D,Batteries,1151,806,0.93,0.09,4,2568,7847,4342.2,0.4,1088,0
SHP02804,Supplier_D,Batteries,1504,1945,0.86,0.16,5,1827,9649,815.25,0.55,516,0
SHP02805,Supplier_A,Sensors,256,1154,0.89,0.21,29,1336,9358,3070.93,0.71,199,1
SHP02806,Supplier_C,Batteries,2037,1320,0.79,0.09,11,2240,8283,5645.71,0.06,1517,0
SHP02807,Supplier_A,Microchips,610,904,0.75,0.15,10,756,2973,14560.2,0.35,978,0
SHP02808,Supplier_C,Microchips,3504,542,0.7,0.21,11,343,3195,9777.47,0.73,1176,1
SHP02809,Supplier_A,Microchips,4882,698,0.94,0.15,14,1611,8574,15279.12,0.68,2575,1
SHP02810,Supplier_D,Batteries,1237,1459,0.88,0.07,2,1582,9143,9987.45,0.05,2825,0
SHP02811,Supplier_A,Microchips,4014,1648,0.77,0.18,13,471,8552,11334.15,0.24,2296,0
SHP02812,Supplier_A,Sensors,3421,1041,0.82,0.13,12,1644,4828,2665.8,0.68,2114,0
SHP02813,Supplier_A,Batteries,4766,1380,0.93,0.31,22,2661,6085,15642.89,0.27,2822,0
SHP02814,Supplier_D,Processors,814,677,0.86,0.28,9,2514,5737,15283.47,0.81,550,0
SHP02815,Supplier_D,Batteries,2386,674,0.79,0.08,27,710,1239,6497.45,0.03,1718,0
SHP02816,Supplier_D,Sensors,2754,592,0.78,0.07,24,2156,3952,6907.27,0.19,633,1
SHP02817,Supplier_D,Processors,1090,56,0.76,0.13,15,2355,1855,4783.79,0.28,2679,0
SHP02818,Supplier_C,Batteries,4529,1999,0.94,0.16,15,2890,4238,16369.87,0.93,822,1
SHP02819,Supplier_C,Microchips,2260,1003,0.87,0.33,21,2628,1553,15066.63,0.8,1489,1
SHP02820,Supplier_B,Displays,4557,564,0.91,0.12,24,2263,9134,12378.38,0.88,1447,1
SHP02821,Supplier_D,Displays,2244,1892,0.95,0.31,18,2008,9386,5157.03,0.44,963,1
SHP02822,Supplier_C,Microchips,2163,804,0.99,0.19,23,2101,8338,3851.14,0.82,1643,1
SHP02823,Supplier_A,Displays,2703,1641,0.77,0.31,26,2100,6994,1480.24,0.85,918,0
SHP02824,Supplier_D,Displays,2077,122,0.75,0.25,20,2515,3693,1389.42,0.4,1789,1
SHP02825,Supplier_B,Microchips,475,59,0.83,0.25,21,2459,2971,4149.15,0.99,1686,1
SHP02826,Supplier_B,Microchips,841,1646,0.71,0.19,25,418,6402,2460.38,0.85,2393,0
SHP02827,Supplier_B,Batteries,4585,611,0.93,0.3,29,588,9691,11344.1,0.97,1572,1
SHP02828,Supplier_A,Batteries,2767,171,0.96,0.1,22,2977,5114,7482.76,0.87,2301,0
SHP02829,Supplier_C,Microchips,1340,736,0.9,0.32,22,2443,4773,9176.44,0.78,345,1
SHP02830,Supplier_A,Sensors,3570,562,0.78,0.23,18,780,4647,12084.31,0.94,914,1
SHP02831,Supplier_D,Displays,2467,1039,0.74,0.16,7,946,8909,13352.48,0.42,492,0
SHP02832,Supplier_B,Batteries,2343,490,0.81,0.34,15,1117,3866,13139.93,0.78,262,0
SHP02833,Supplier_A,Displays,3649,1111,0.94,0.3,19,2821,1686,5586.7,0.21,565,1
SHP02834,Supplier_A,Processors,517,751,0.8,0.27,18,613,3067,16287.73,0.73,611,1
SHP02835,Supplier_C,Microchips,706,640,0.71,0.11,7,2299,6907,18395.34,0.79,1270,0
SHP02836,Supplier_C,Sensors,667,1418,0.78,0.34,6,2418,1447,6660.8,0.72,2067,0
SHP02837,Supplier_B,Processors,643,1411,0.99,0.27,14,513,1293,832.78,0.85,947,0
SHP02838,Supplier_A,Processors,983,1775,0.9,0.22,17,1084,5160,18033.51,0.41,2662,0
SHP02839,Supplier_A,Processors,4898,1257,0.96,0.32,22,2730,3546,18509.2,0.54,2293,0
SHP02840,Supplier_C,Microchips,1323,116,0.92,0.07,10,2430,9267,1493.46,0.01,2443,0
SHP02841,Supplier_A,Batteries,2993,66,0.86,0.07,13,64,8044,596.65,0.15,2954,1
SHP02842,Supplier_A,Microchips,2168,1456,0.74,0.21,11,1403,4775,16419.89,0.64,2461,0
SHP02843,Supplier_A,Batteries,3809,417,0.8,0.04,27,2327,5178,6378.54,0.56,2716,1
SHP02844,Supplier_C,Processors,1886,953,0.87,0.24,14,60,4534,18334.35,0.2,2427,1
SHP02845,Supplier_B,Processors,1557,1389,0.95,0.1,20,1706,3053,4726.5,0.24,2624,0
SHP02846,Supplier_D,Sensors,2014,1570,0.78,0.06,17,1297,8112,17292.52,0.34,1242,0
SHP02847,Supplier_B,Batteries,177,1881,0.74,0.16,18,1810,2699,1838.56,0.72,2681,1
SHP02848,Supplier_D,Processors,3713,770,0.86,0.17,17,1710,3518,5582.42,0.61,573,1
SHP02849,Supplier_A,Displays,1408,1418,0.75,0.08,15,1813,6568,19476.01,0.07,2359,0
SHP02850,Supplier_B,Sensors,747,1007,0.88,0.03,17,591,7832,5008.33,0.76,827,0
SHP02851,Supplier_D,Microchips,2287,1626,0.78,0.16,25,1579,9561,3093.75,0.26,687,0
SHP02852,Supplier_C,Sensors,652,957,0.77,0.27,16,2619,4739,17212.57,0.67,1589,1
SHP02853,Supplier_C,Displays,381,1038,0.82,0.31,13,1792,5373,2797.12,0.12,1289,1
SHP02854,Supplier_B,Batteries,1381,522,0.87,0.05,6,2864,1339,2400.39,1.0,579,0
SHP02855,Supplier_B,Microchips,1946,164,0.86,0.19,12,1230,3862,6806.79,0.08,1506,1
SHP02856,Supplier_A,Microchips,2587,149,0.77,0.11,6,2738,1613,12888.91,0.74,160,0
SHP02857,Supplier_B,Batteries,2893,1958,0.96,0.14,25,2667,2103,14359.55,0.54,1940,1
SHP02858,Supplier_A,Sensors,3811,487,0.73,0.33,25,2502,9984,17684.16,0.09,1402,0
SHP02859,Supplier_A,Processors,4299,1418,0.71,0.14,12,1472,7746,11047.77,0.03,2919,0
SHP02860,Supplier_C,Sensors,4961,398,0.87,0.14,3,2804,9258,8171.65,0.36,687,0
SHP02861,Supplier_C,Displays,2876,188,0.74,0.09,20,978,5511,7497.26,0.8,308,0
SHP02862,Supplier_D,Processors,1696,877,0.85,0.34,27,1476,8312,17014.6,0.04,136,1
SHP02863,Supplier_C,Sensors,579,373,0.98,0.17,27,1162,6405,14614.4,0.7,2752,0
SHP02864,Supplier_C,Batteries,3412,895,0.9,0.21,18,1939,1570,18155.87,0.66,1257,1
SHP02865,Supplier_B,Displays,3318,1375,0.88,0.17,20,2690,9731,19298.69,0.27,2559,0
SHP02866,Supplier_C,Displays,2063,343,0.87,0.1,13,2283,6356,6350.99,0.08,2795,0
SHP02867,Supplier_D,Displays,2242,1602,0.75,0.29,21,944,1116,10828.65,0.92,834,1
SHP02868,Supplier_B,Processors,3998,1907,0.83,0.03,28,2176,8224,12820.51,0.3,1520,0
SHP02869,Supplier_D,Microchips,2172,1017,0.8,0.25,24,2242,4031,3695.05,0.11,1626,1
SHP02870,Supplier_C,Processors,1395,1365,0.98,0.22,26,2111,4456,1540.27,0.68,606,1
SHP02871,Supplier_D,Sensors,1038,123,0.77,0.07,29,1704,4051,17421.4,0.22,1714,1
SHP02872,Supplier_B,Microchips,861,1848,0.84,0.07,6,51,9433,10942.71,0.48,1367,0
SHP02873,Supplier_A,Sensors,4849,533,0.97,0.24,13,2613,9656,11630.1,0.05,929,1
SHP02874,Supplier_D,Microchips,1769,65,0.93,0.12,17,2853,8807,11320.83,0.99,1072,1
SHP02875,Supplier_D,Processors,3962,1599,0.98,0.11,2,2163,8302,15221.73,0.45,1490,0
SHP02876,Supplier_B,Displays,2785,1409,0.88,0.04,3,2343,2878,3337.29,1.0,549,0
SHP02877,Supplier_B,Batteries,3999,842,0.8,0.27,11,1675,5881,12473.94,0.39,219,1
SHP02878,Supplier_D,Displays,2031,1946,0.94,0.31,3,1763,5636,9654.85,0.35,733,1
SHP02879,Supplier_C,Processors,4039,565,0.78,0.29,26,621,3534,17990.68,0.91,311,1
SHP02880,Supplier_D,Microchips,1226,974,0.75,0.17,11,485,4809,10632.61,0.33,2431,1
SHP02881,Supplier_B,Displays,3397,1200,0.9,0.2,24,2450,9763,18887.23,0.43,2424,1
SHP02882,Supplier_A,Processors,4770,873,0.89,0.1,19,1761,6605,7388.43,0.08,1164,0
SHP02883,Supplier_A,Sensors,1303,567,0.95,0.08,2,2776,8733,19354.45,0.96,1546,0
SHP02884,Supplier_C,Batteries,4235,178,0.98,0.29,6,432,4641,17565.58,0.09,1632,1
SHP02885,Supplier_D,Displays,3872,560,0.95,0.28,13,1783,1656,11893.13,0.77,2690,1
SHP02886,Supplier_A,Microchips,619,472,0.72,0.28,18,1133,4151,7397.34,0.54,1933,0
SHP02887,Supplier_D,Sensors,2383,434,0.89,0.17,26,1999,5110,7830.51,0.06,2608,0
SHP02888,Supplier_B,Processors,4658,1956,0.93,0.31,20,2567,8207,15568.67,0.0,2600,1
SHP02889,Supplier_A,Batteries,582,281,0.98,0.33,19,1484,1306,11822.31,0.94,1753,1
SHP02890,Supplier_C,Microchips,2577,1008,0.81,0.13,14,1156,9896,8330.96,0.74,2507,1
SHP02891,Supplier_B,Processors,3193,874,0.75,0.09,23,123,5492,12903.07,0.69,1166,1
SHP02892,Supplier_C,Processors,442,1268,0.95,0.17,4,1384,9869,14798.05,0.44,1351,0
SHP02893,Supplier_B,Displays,1562,114,0.79,0.08,22,2123,9402,946.56,0.24,745,1
SHP02894,Supplier_A,Displays,1302,882,0.87,0.31,11,1450,5494,2252.32,0.68,1456,1
SHP02895,Supplier_C,Microchips,1721,664,0.81,0.13,15,884,2396,2342.47,0.61,2816,0
SHP02896,Supplier_C,Processors,2498,1350,0.82,0.21,9,2725,4460,5022.71,0.73,2353,0
SHP02897,Supplier_B,Displays,3696,1743,0.91,0.22,11,1253,5353,8826.31,0.37,2236,1
SHP02898,Supplier_C,Batteries,3635,1297,0.8,0.19,3,823,3162,16171.17,0.99,1035,1
SHP02899,Supplier_B,Batteries,2977,850,0.9,0.07,29,2363,8676,7346.43,0.07,1222,1
SHP02900,Supplier_B,Processors,2490,327,0.7,0.35,14,2647,5544,840.82,0.08,1160,1
SHP02901,Supplier_B,Displays,3451,1767,0.79,0.08,6,1453,4148,9925.56,0.92,2521,1
SHP02902,Supplier_B,Microchips,3013,415,0.79,0.27,12,126,1827,19934.26,0.65,1609,1
SHP02903,Supplier_A,Microchips,1289,565,0.92,0.28,25,1122,3655,7305.91,0.33,2037,1
SHP02904,Supplier_B,Microchips,2440,1288,0.79,0.07,2,1453,7711,19244.46,0.76,2539,0
SHP02905,Supplier_D,Batteries,3680,488,0.88,0.33,27,2544,9691,2476.23,0.45,810,1
SHP02906,Supplier_C,Displays,1703,477,0.9,0.18,11,2603,8864,3875.44,0.02,1093,0
SHP02907,Supplier_D,Displays,3397,778,0.89,0.23,28,1782,8525,14620.38,0.65,1479,1
SHP02908,Supplier_A,Batteries,697,445,0.87,0.23,29,919,6170,10273.64,0.24,154,1
SHP02909,Supplier_D,Microchips,744,1282,0.82,0.19,14,2396,4496,15419.88,0.12,1740,1
SHP02910,Supplier_C,Microchips,4643,1574,0.81,0.07,29,2831,7094,17339.39,0.23,2902,0
SHP02911,Supplier_D,Processors,3002,1536,0.86,0.27,5,1133,5222,5396.16,0.48,2733,0
SHP02912,Supplier_A,Sensors,863,635,0.72,0.21,22,1430,2989,13815.17,0.05,2461,0
SHP02913,Supplier_B,Displays,4930,1300,0.95,0.06,11,2254,7579,12348.22,0.88,1856,0
SHP02914,Supplier_D,Displays,1742,424,0.94,0.25,13,2439,6504,17299.93,0.56,2163,0
SHP02915,Supplier_A,Displays,2397,1573,0.8,0.25,15,1023,5180,8887.03,0.29,1532,0
SHP02916,Supplier_A,Sensors,4796,997,0.86,0.2,28,2991,2382,1511.47,0.69,2176,1
SHP02917,Supplier_C,Processors,2272,142,0.97,0.05,4,1275,5167,11696.63,0.8,875,1
SHP02918,Supplier_C,Sensors,2260,1533,0.78,0.14,29,1852,4166,19198.13,0.61,2103,1
SHP02919,Supplier_D,Microchips,3849,1650,0.92,0.04,3,1840,3635,785.31,0.2,455,0
SHP02920,Supplier_B,Microchips,3022,370,0.72,0.18,29,1608,6545,5185.03,0.11,2842,0
SHP02921,Supplier_A,Displays,679,1083,0.85,0.32,20,1238,6209,6663.32,0.86,663,1
SHP02922,Supplier_D,Batteries,3904,963,0.96,0.02,12,1101,6382,15433.86,0.23,2658,0
SHP02923,Supplier_A,Displays,4978,1376,0.86,0.11,22,363,4983,6803.9,0.02,2494,1
SHP02924,Supplier_A,Batteries,2468,1395,0.88,0.28,8,1638,2405,5162.14,0.64,2992,0
SHP02925,Supplier_B,Sensors,4032,1890,0.96,0.02,19,1357,8737,13146.88,0.15,1021,1
SHP02926,Supplier_B,Microchips,4727,1529,0.91,0.02,15,1371,7200,1404.9,0.99,1626,0
SHP02927,Supplier_D,Batteries,3460,1351,0.9,0.22,8,2572,6742,3826.64,0.87,124,1
SHP02928,Supplier_B,Sensors,4807,1671,0.87,0.28,23,2073,7711,8456.59,0.61,191,0
SHP02929,Supplier_B,Microchips,1200,1611,0.88,0.28,8,2694,2884,7434.2,0.83,2476,0
SHP02930,Supplier_D,Batteries,1770,1803,0.93,0.28,24,1422,6172,7269.73,0.47,2012,0
SHP02931,Supplier_B,Displays,2320,1466,0.98,0.14,10,685,3184,2616.82,0.79,1661,1
SHP02932,Supplier_C,Displays,316,966,0.93,0.31,24,2542,7317,7536.38,0.65,701,1
SHP02933,Supplier_A,Displays,475,144,0.91,0.02,13,1280,8003,16060.86,0.03,1810,0
SHP02934,Supplier_A,Sensors,1709,1829,0.74,0.12,7,466,9410,8569.96,0.95,441,0
SHP02935,Supplier_A,Displays,4206,1008,0.94,0.13,27,488,8430,11930.34,0.86,1571,1
SHP02936,Supplier_A,Processors,3939,1180,0.91,0.07,25,214,5350,3689.8,0.95,2543,1
SHP02937,Supplier_D,Microchips,3039,1463,0.92,0.13,8,1632,9461,1859.37,0.73,641,0
SHP02938,Supplier_A,Sensors,4162,1833,0.77,0.21,23,2517,7367,17659.14,0.41,2673,1
SHP02939,Supplier_A,Displays,1713,1599,0.96,0.19,5,1037,5699,6961.77,0.21,1530,1
SHP02940,Supplier_A,Microchips,3779,1746,0.73,0.13,17,2579,2733,7331.58,0.18,1253,1
SHP02941,Supplier_A,Batteries,1396,120,0.77,0.27,8,566,3967,17614.91,0.14,1846,0
SHP02942,Supplier_C,Displays,4096,713,0.89,0.26,29,131,1072,14301.54,0.22,1272,1
SHP02943,Supplier_A,Microchips,4886,1018,0.9,0.11,9,168,5993,15247.12,0.55,2128,0
SHP02944,Supplier_C,Processors,1255,636,0.79,0.13,9,1710,7117,13799.07,0.68,1399,1
SHP02945,Supplier_D,Batteries,4979,1449,0.9,0.11,29,1376,8885,2562.95,0.31,508,0
SHP02946,Supplier_B,Processors,2466,776,0.81,0.06,29,77,6042,19180.92,0.55,982,0
SHP02947,Supplier_A,Microchips,2991,417,0.7,0.27,21,2074,9061,18228.16,0.34,1759,0
SHP02948,Supplier_B,Processors,2072,100,0.75,0.04,27,2878,1630,5106.29,0.7,170,1
SHP02949,Supplier_B,Microchips,884,1971,0.96,0.07,26,547,6603,16177.89,0.99,1322,1
SHP02950,Supplier_D,Microchips,4592,1216,0.76,0.05,4,2634,1877,8483.23,0.69,644,1
SHP02951,Supplier_B,Processors,1181,1492,0.73,0.29,10,2616,9948,13833.46,0.06,918,0
SHP02952,Supplier_C,Microchips,2133,1621,0.9,0.03,20,243,5293,3729.26,0.48,701,0
SHP02953,Supplier_B,Displays,1714,1573,0.83,0.24,14,641,3540,11001.81,0.77,1588,1
SHP02954,Supplier_B,Microchips,4655,1959,0.93,0.03,8,2539,1081,2969.02,0.54,2091,1
SHP02955,Supplier_B,Sensors,2516,1037,0.95,0.28,21,1907,2331,10955.26,0.95,984,0
SHP02956,Supplier_A,Microchips,4741,1240,0.95,0.32,22,1109,8955,5250.08,0.05,2994,1
SHP02957,Supplier_A,Sensors,3753,1821,0.79,0.18,16,2355,1356,9323.1,0.29,1911,0
SHP02958,Supplier_C,Microchips,596,309,0.85,0.29,20,162,1579,13525.4,0.22,2934,1
SHP02959,Supplier_C,Microchips,604,1265,0.89,0.25,3,1367,1645,17602.95,0.77,1834,1
SHP02960,Supplier_A,Processors,3486,1275,0.79,0.28,13,1787,7263,3723.14,0.52,1051,0
SHP02961,Supplier_C,Displays,2308,1847,0.71,0.27,9,2111,9499,17918.75,0.14,1691,1
SHP02962,Supplier_A,Displays,4913,1258,0.84,0.09,24,1740,1233,8105.73,0.29,1872,1
SHP02963,Supplier_D,Batteries,3316,207,0.7,0.18,24,2237,2034,16954.03,0.52,100,1
SHP02964,Supplier_B,Processors,3766,1831,0.98,0.34,9,1444,7017,10494.68,1.0,1290,0
SHP02965,Supplier_B,Processors,1508,1695,0.93,0.13,14,1500,6121,17313.07,0.36,648,1
SHP02966,Supplier_C,Displays,4464,148,0.76,0.34,2,2794,2735,13425.07,0.16,1909,1
SHP02967,Supplier_A,Processors,4177,290,0.78,0.21,29,1415,5277,10419.96,0.5,1067,0
SHP02968,Supplier_A,Displays,1577,1564,0.99,0.17,25,2967,1941,6594.5,0.31,2738,1
SHP02969,Supplier_C,Processors,2497,251,0.81,0.24,11,2286,1349,19393.73,0.57,1365,1
SHP02970,Supplier_A,Microchips,209,683,0.93,0.29,29,2179,2405,16117.5,0.47,2281,1
SHP02971,Supplier_D,Displays,3654,1582,0.83,0.15,22,1007,8464,7933.15,0.69,968,1
SHP02972,Supplier_B,Displays,749,1702,0.95,0.03,25,2995,2545,3751.11,0.91,1902,1
SHP02973,Supplier_C,Sensors,1599,1169,0.9,0.25,10,1178,5320,15700.94,0.2,2877,1
SHP02974,Supplier_C,Processors,695,795,0.71,0.34,3,2478,2746,19803.91,0.82,1195,0
SHP02975,Supplier_A,Processors,1078,539,0.79,0.23,20,2819,8896,5940.01,0.95,620,1
SHP02976,Supplier_C,Displays,830,628,0.86,0.08,23,2426,2354,18359.33,0.37,1008,0
SHP02977,Supplier_D,Microchips,156,1961,0.97,0.1,26,2169,8330,2944.73,0.11,2022,0
SHP02978,Supplier_A,Microchips,2343,1291,0.73,0.32,15,1746,5288,19068.02,0.82,2086,1
SHP02979,Supplier_A,Microchips,1801,576,0.87,0.02,11,182,5766,15034.11,0.7,1830,0
SHP02980,Supplier_A,Processors,1386,322,0.79,0.2,11,619,6957,7258.63,0.21,1937,0
SHP02981,Supplier_A,Sensors,211,1292,0.96,0.07,9,2558,7835,6440.32,0.45,2943,0
SHP02982,Supplier_D,Displays,4906,835,0.92,0.11,15,174,3585,13046.99,0.58,600,0
SHP02983,Supplier_A,Batteries,1301,1956,0.81,0.12,14,1084,5707,12073.39,0.17,2125,0
SHP02984,Supplier_C,Sensors,1047,1732,0.75,0.09,7,2124,1900,18419.27,0.71,1922,0
SHP02985,Supplier_D,Batteries,4221,1405,0.7,0.28,22,256,4341,15441.74,0.69,1431,1
SHP02986,Supplier_B,Sensors,857,1929,0.88,0.13,14,361,8694,11037.12,0.89,350,0
SHP02987,Supplier_B,Microchips,3488,502,0.82,0.13,4,2479,1127,18587.53,0.57,1726,1
SHP02988,Supplier_C,Processors,1941,1225,0.79,0.17,29,1835,2675,12058.25,0.57,1327,1
SHP02989,Supplier_C,Batteries,3635,396,0.99,0.32,21,1388,2777,17068.85,0.62,2155,0
SHP02990,Supplier_D,Sensors,2393,865,0.84,0.25,14,345,6165,16898.38,0.27,2255,0
SHP02991,Supplier_B,Processors,1204,463,0.92,0.04,24,451,9425,18424.3,0.76,1868,1
SHP02992,Supplier_B,Batteries,761,1600,0.75,0.03,24,1508,1583,1818.24,0.66,1977,1
SHP02993,Supplier_B,Displays,1008,480,0.7,0.21,20,1646,2466,11884.48,0.84,2964,1
SHP02994,Supplier_B,Sensors,4717,428,0.82,0.31,17,171,9694,9633.66,0.77,2670,0
SHP02995,Supplier_B,Displays,1956,1047,0.89,0.13,5,800,7750,10065.58,0.64,1496,1
SHP02996,Supplier_A,Microchips,2411,944,0.85,0.1,4,155,2155,9468.26,0.16,485,1
SHP02997,Supplier_C,Displays,889,477,0.96,0.27,16,2888,8960,16830.6,0.92,2048,0
SHP02998,Supplier_A,Displays,271,1939,0.83,0.22,16,1109,1935,6709.44,0.37,282,0
SHP02999,Supplier_B,Sensors,4460,1996,0.79,0.21,19,1623,1355,9523.65,0.96,1302,1
SHP03000,Supplier_D,Microchips,2086,1157,0.97,0.07,23,121,2994,4413.31,0.4,1114,0
SHP03001,Supplier_D,Displays,1985,241,0.82,0.08,8,617,6156,5408.47,0.15,1727,0
SHP03002,Supplier_B,Processors,575,90,0.78,0.11,21,1294,7281,13378.19,0.88,1991,1
SHP03003,Supplier_B,Batteries,1149,1937,0.73,0.09,6,125,8409,2780.25,0.8,1135,0
SHP03004,Supplier_D,Displays,4229,1909,0.93,0.34,9,2819,6364,4162.53,0.79,1373,1
SHP03005,Supplier_A,Microchips,2411,1846,0.94,0.03,26,1059,4974,10796.67,0.09,2345,0
SHP03006,Supplier_A,Displays,1261,1382,0.71,0.23,24,2325,3504,1353.57,0.88,1571,0
SHP03007,Supplier_B,Batteries,915,1451,0.8,0.19,11,502,3146,2975.08,0.6,136,0
SHP03008,Supplier_A,Microchips,3866,185,0.92,0.13,2,815,8669,17335.38,0.47,520,0
SHP03009,Supplier_D,Sensors,3022,1863,0.97,0.31,12,536,8304,16999.86,0.91,2312,0
SHP03010,Supplier_A,Microchips,853,155,0.81,0.24,4,2765,2210,7281.63,0.67,219,0
SHP03011,Supplier_B,Sensors,4761,568,0.95,0.35,28,1547,7179,7285.83,0.13,843,1
SHP03012,Supplier_D,Microchips,561,1991,0.81,0.08,22,879,9821,18762.05,0.52,2519,0
SHP03013,Supplier_A,Batteries,3339,863,0.75,0.05,4,2888,5882,1003.9,0.64,2380,0
SHP03014,Supplier_C,Batteries,2802,1615,0.7,0.07,16,1990,7824,11815.76,0.9,1553,1
SHP03015,Supplier_D,Microchips,180,175,0.8,0.11,18,1020,7198,12149.12,0.28,2434,0
SHP03016,Supplier_D,Displays,2904,1430,0.81,0.16,19,539,2107,15863.8,0.79,837,1
SHP03017,Supplier_C,Batteries,969,449,0.97,0.3,9,2473,5986,19059.14,0.8,1518,0
SHP03018,Supplier_C,Sensors,4794,128,0.76,0.11,24,2328,4434,7438.64,0.13,1543,1
SHP03019,Supplier_D,Sensors,906,438,0.81,0.32,14,1985,9023,9037.75,0.02,551,0
SHP03020,Supplier_C,Processors,2034,1652,0.71,0.17,11,2799,3815,13590.32,0.58,2804,0
SHP03021,Supplier_B,Sensors,803,1608,0.92,0.23,4,524,8061,19361.8,0.79,2141,0
SHP03022,Supplier_B,Processors,2623,1774,0.97,0.11,21,1153,3035,17870.45,0.55,1885,1
SHP03023,Supplier_B,Microchips,2739,123,0.77,0.07,15,1759,7807,13507.53,0.81,1395,1
SHP03024,Supplier_D,Microchips,4682,1078,0.82,0.31,14,1649,7973,17206.11,0.62,1409,1
SHP03025,Supplier_C,Microchips,4009,1992,0.74,0.06,4,1245,1169,2161.49,0.65,1162,0
SHP03026,Supplier_C,Displays,4901,1536,0.83,0.28,14,275,9823,7853.98,0.03,1679,0
SHP03027,Supplier_A,Displays,1264,131,0.74,0.21,21,2240,9996,755.3,0.09,1064,1
SHP03028,Supplier_A,Processors,719,1610,0.85,0.3,25,757,6015,3960.71,0.73,1611,0
SHP03029,Supplier_C,Sensors,3166,825,0.91,0.26,26,1764,7897,12794.61,0.76,471,1
SHP03030,Supplier_C,Sensors,4972,1040,0.86,0.11,24,103,4034,17768.45,0.54,2696,1
SHP03031,Supplier_C,Microchips,546,1478,0.77,0.21,10,2293,5480,12839.22,0.59,1102,1
SHP03032,Supplier_D,Batteries,2437,1587,0.8,0.02,26,1802,4412,13450.69,0.61,1379,1
SHP03033,Supplier_C,Displays,308,327,0.89,0.18,17,2942,5988,2524.52,0.1,2623,0
SHP03034,Supplier_A,Displays,2560,889,0.87,0.05,24,2395,8130,13464.78,0.67,2358,0
SHP03035,Supplier_D,Microchips,3542,1928,0.74,0.16,24,1503,4869,9359.76,0.48,504,0
SHP03036,Supplier_C,Displays,2811,273,0.95,0.06,9,2634,7099,13203.08,0.6,2751,0
SHP03037,Supplier_A,Microchips,2437,1657,0.84,0.34,13,628,1791,6860.38,0.56,1654,0
SHP03038,Supplier_D,Processors,1391,1141,0.75,0.19,27,1748,4841,11838.98,0.76,2759,1
SHP03039,Supplier_C,Sensors,2298,1393,0.74,0.32,29,549,4356,8769.35,0.32,1518,1
SHP03040,Supplier_C,Batteries,1500,655,0.98,0.03,13,2721,8522,11393.42,0.37,680,0
SHP03041,Supplier_C,Sensors,2755,68,0.78,0.23,20,2938,5925,3368.25,0.39,2172,0
SHP03042,Supplier_D,Sensors,4112,689,0.96,0.12,25,255,6074,8218.58,0.76,726,0
SHP03043,Supplier_A,Processors,804,1416,0.82,0.16,18,1991,7700,7798.43,0.43,1921,0
SHP03044,Supplier_A,Displays,925,1667,0.81,0.31,16,2977,3094,14859.69,0.18,1396,1
SHP03045,Supplier_B,Batteries,1104,1839,0.9,0.34,23,1210,7250,14274.99,0.98,440,1
SHP03046,Supplier_C,Displays,3560,1806,0.7,0.1,19,2505,9807,18222.74,0.49,311,1
SHP03047,Supplier_B,Sensors,476,1416,0.8,0.33,8,328,6252,12825.08,0.11,1746,0
SHP03048,Supplier_B,Microchips,1072,146,0.79,0.25,14,1518,8003,6633.67,0.67,2099,1
SHP03049,Supplier_A,Sensors,4313,1125,0.95,0.33,20,726,5296,15772.88,0.74,2735,0
SHP03050,Supplier_D,Displays,3176,224,0.85,0.21,17,990,3301,10191.45,0.5,2443,1
SHP03051,Supplier_D,Sensors,543,1411,0.81,0.34,12,2368,6269,4273.12,0.65,1513,0
SHP03052,Supplier_A,Microchips,854,1767,0.78,0.31,27,490,1504,15074.52,0.17,1109,0
SHP03053,Supplier_D,Processors,3704,1426,0.87,0.06,6,1301,2945,3084.36,0.37,2574,0
SHP03054,Supplier_B,Displays,4835,1464,0.74,0.12,27,2224,2861,3973.99,0.16,1012,1
SHP03055,Supplier_C,Sensors,2271,1188,0.77,0.1,3,1343,4722,15295.74,0.39,2002,0
SHP03056,Supplier_A,Displays,2805,397,0.79,0.21,2,1893,4683,15517.82,0.56,154,0
SHP03057,Supplier_C,Processors,3565,50,0.88,0.28,17,1833,1403,15920.23,0.44,1727,0
SHP03058,Supplier_D,Sensors,2811,112,0.81,0.27,6,1925,5331,6219.84,0.59,2912,0
SHP03059,Supplier_C,Sensors,2507,1833,0.85,0.26,26,2584,3906,17398.46,0.5,980,0
SHP03060,Supplier_D,Displays,722,1816,0.89,0.14,26,597,5728,14592.03,0.32,2073,1
SHP03061,Supplier_D,Displays,1823,275,0.98,0.07,8,1035,8709,16762.36,0.14,2102,0
SHP03062,Supplier_B,Microchips,3422,472,0.92,0.09,10,2869,2569,14317.81,0.25,1899,0
SHP03063,Supplier_D,Processors,2019,1092,0.82,0.26,5,2116,1139,11802.13,0.2,2984,0
SHP03064,Supplier_B,Microchips,1018,80,0.92,0.07,20,474,5683,2633.2,0.71,1422,1
SHP03065,Supplier_B,Sensors,4315,894,0.98,0.09,28,2155,7730,14363.26,0.82,1733,0
SHP03066,Supplier_B,Displays,681,682,0.84,0.16,21,2520,6062,13963.99,0.72,2709,0
SHP03067,Supplier_A,Sensors,3981,73,0.82,0.04,16,1848,5665,6593.58,0.64,824,1
SHP03068,Supplier_A,Sensors,1786,886,0.72,0.09,8,2941,3172,14848.49,0.31,2151,0
SHP03069,Supplier_D,Batteries,4009,1032,0.96,0.07,25,1733,7079,11233.86,0.71,2511,0
SHP03070,Supplier_B,Batteries,2099,1284,0.77,0.33,19,1998,4420,11408.42,0.61,1415,0
SHP03071,Supplier_A,Sensors,2811,210,0.72,0.08,6,115,7277,7668.29,0.05,1512,0
SHP03072,Supplier_B,Displays,500,1328,0.86,0.3,22,864,2249,2777.31,0.91,852,0
SHP03073,Supplier_C,Sensors,3748,1644,0.95,0.06,26,1224,7064,4730.1,0.08,1654,1
SHP03074,Supplier_C,Batteries,2728,163,0.82,0.31,14,2999,3697,15492.22,0.5,525,0
SHP03075,Supplier_C,Displays,1756,553,0.93,0.22,4,1859,3753,5793.11,0.51,498,0
SHP03076,Supplier_D,Sensors,720,1745,0.94,0.3,29,486,5934,543.93,0.84,403,0
SHP03077,Supplier_B,Processors,346,1004,0.83,0.31,7,839,7465,19941.84,0.91,2987,0
SHP03078,Supplier_C,Processors,3439,1293,0.87,0.22,27,2070,4884,4608.3,0.94,1836,1
SHP03079,Supplier_A,Sensors,3110,406,0.85,0.32,13,284,8254,13279.97,0.57,203,0
SHP03080,Supplier_C,Displays,4819,218,0.97,0.21,22,1788,1094,18574.98,0.68,463,0
SHP03081,Supplier_C,Sensors,2468,1597,0.91,0.26,19,724,5291,12194.4,0.09,1205,1
SHP03082,Supplier_C,Sensors,4094,1018,0.97,0.16,19,2195,6780,16081.1,0.49,1954,0
SHP03083,Supplier_D,Batteries,1939,291,0.76,0.32,5,1082,6083,19539.25,0.9,666,0
SHP03084,Supplier_A,Processors,3003,1448,0.79,0.29,29,976,9204,17277.09,0.46,2947,1
SHP03085,Supplier_B,Batteries,4495,188,0.72,0.08,21,810,3301,11379.13,0.07,1871,0
SHP03086,Supplier_A,Batteries,4598,146,0.84,0.21,24,2524,5083,7592.21,0.2,2823,1
SHP03087,Supplier_B,Sensors,3791,196,0.95,0.32,15,276,7119,9908.06,0.43,1208,1
SHP03088,Supplier_D,Batteries,3941,1255,0.79,0.28,29,1826,7224,16915.61,0.24,1342,1
SHP03089,Supplier_D,Processors,4448,1130,0.74,0.34,15,2114,1372,17140.41,0.39,2515,1
SHP03090,Supplier_D,Batteries,1492,1115,0.72,0.1,2,2660,5489,16994.17,0.33,1997,1
SHP03091,Supplier_D,Processors,3850,915,0.83,0.14,12,2325,6851,12145.88,0.32,824,0
SHP03092,Supplier_B,Batteries,4355,1784,0.75,0.19,23,755,7028,9800.64,0.09,814,1
SHP03093,Supplier_C,Processors,3108,592,0.8,0.1,28,1865,9609,6571.09,0.88,2972,1
SHP03094,Supplier_B,Batteries,4400,741,0.94,0.15,10,1311,1816,565.54,0.69,1935,0
SHP03095,Supplier_A,Batteries,3438,1075,0.81,0.2,19,1460,4612,15407.46,0.62,1365,1
SHP03096,Supplier_D,Displays,3614,1361,0.88,0.08,29,718,8747,5901.47,0.61,1302,1
SHP03097,Supplier_D,Processors,859,1211,0.85,0.1,6,2351,7350,6928.72,0.4,2088,0
SHP03098,Supplier_A,Processors,2868,1690,0.91,0.06,11,1895,8439,16947.88,0.82,191,0
SHP03099,Supplier_B,Processors,3188,1585,0.75,0.26,16,1387,2332,1518.9,0.93,1623,1
SHP03100,Supplier_C,Microchips,2215,953,0.97,0.14,28,1374,7361,18588.6,0.01,1773,1
SHP03101,Supplier_C,Batteries,4328,779,0.89,0.09,11,167,1755,526.56,0.08,1629,0
SHP03102,Supplier_A,Processors,1823,1295,0.78,0.19,17,1918,4525,18813.8,0.67,723,0
SHP03103,Supplier_C,Microchips,3066,380,0.74,0.04,5,2147,2796,9367.79,0.24,268,0
SHP03104,Supplier_B,Displays,529,666,0.74,0.32,5,1863,4059,2491.39,0.91,2534,1
SHP03105,Supplier_B,Processors,2455,453,0.93,0.12,9,1637,3177,13646.15,0.67,2248,0
SHP03106,Supplier_A,Processors,2559,557,0.87,0.31,7,592,3050,17969.2,0.37,1419,1
SHP03107,Supplier_B,Microchips,4292,1989,0.81,0.18,24,2424,2989,9042.42,0.42,2340,0
SHP03108,Supplier_D,Batteries,1818,1200,0.8,0.3,12,1576,8518,13981.48,0.69,1584,0
SHP03109,Supplier_A,Displays,1365,1338,0.95,0.1,29,1319,9746,19597.57,0.14,969,1
SHP03110,Supplier_B,Processors,1408,1785,0.95,0.08,26,651,6809,5193.67,0.88,2866,0
SHP03111,Supplier_A,Batteries,1150,1837,0.87,0.3,14,2199,6613,16498.76,0.0,1579,0
SHP03112,Supplier_C,Displays,3573,1088,0.85,0.09,20,437,9457,6257.12,0.98,1074,1
SHP03113,Supplier_B,Sensors,2349,275,0.94,0.27,12,1652,9725,8813.58,0.17,2375,0
SHP03114,Supplier_D,Sensors,2909,1033,0.92,0.13,3,1777,6976,5994.43,0.74,460,0
SHP03115,Supplier_B,Displays,3021,914,0.82,0.27,4,2746,2693,9197.23,0.04,142,0
SHP03116,Supplier_A,Microchips,4776,1178,0.72,0.32,16,388,3051,599.24,0.43,2328,1
SHP03117,Supplier_A,Displays,4141,794,0.92,0.34,25,2281,3920,6417.06,0.63,2658,1
SHP03118,Supplier_B,Displays,2517,542,0.75,0.14,14,105,5845,9183.23,0.07,2609,1
SHP03119,Supplier_D,Microchips,632,368,0.7,0.14,26,1355,5167,12828.68,0.44,1982,0
SHP03120,Supplier_D,Microchips,998,1292,0.94,0.34,11,2669,7231,12928.55,0.3,2433,1
SHP03121,Supplier_D,Batteries,2754,1350,0.87,0.3,6,1201,5623,11883.82,0.5,1420,1
SHP03122,Supplier_A,Batteries,1569,822,0.96,0.03,25,766,7746,6214.12,0.5,1679,1
SHP03123,Supplier_B,Microchips,3020,1966,0.84,0.21,12,1799,7139,18974.38,0.79,2008,0
SHP03124,Supplier_C,Sensors,1352,1414,0.97,0.08,24,1712,2458,8143.41,0.12,1884,1
SHP03125,Supplier_A,Sensors,869,501,0.8,0.35,29,2313,4795,4729.43,0.08,2025,0
SHP03126,Supplier_D,Displays,933,1442,0.91,0.07,15,363,4410,11313.0,0.4,2015,0
SHP03127,Supplier_B,Processors,2309,993,0.79,0.2,29,2330,5024,15104.11,0.89,356,1
SHP03128,Supplier_D,Displays,4749,897,0.7,0.24,26,2842,7269,738.55,0.86,1340,1
SHP03129,Supplier_C,Displays,3524,1066,0.81,0.33,21,2672,1562,5888.71,0.56,2669,0
SHP03130,Supplier_D,Processors,1191,1547,0.91,0.3,16,937,7092,16587.07,0.89,849,0
SHP03131,Supplier_D,Microchips,1296,1263,0.74,0.1,14,296,7992,10386.91,0.81,756,0
SHP03132,Supplier_C,Sensors,4014,933,0.85,0.21,27,2539,8008,8465.52,0.28,2467,1
SHP03133,Supplier_B,Displays,1760,468,0.76,0.33,4,1972,8796,18652.57,0.17,833,0
SHP03134,Supplier_A,Processors,4754,1783,0.72,0.26,10,2232,6659,2245.93,0.3,2558,1
SHP03135,Supplier_B,Batteries,360,914,0.88,0.25,9,1075,7084,12503.62,0.23,2606,0
SHP03136,Supplier_C,Displays,2364,838,0.98,0.27,16,210,3971,7172.68,0.62,2486,1
SHP03137,Supplier_D,Sensors,1285,1921,0.79,0.13,24,2237,1344,1881.06,0.58,327,1
SHP03138,Supplier_B,Microchips,2549,544,0.87,0.26,2,2401,7611,4668.02,0.6,1359,0
SHP03139,Supplier_A,Displays,3633,1112,0.98,0.1,3,1533,8124,12744.7,0.19,2513,1
SHP03140,Supplier_C,Displays,4470,211,0.89,0.16,10,1787,7284,1051.4,0.79,2581,0
SHP03141,Supplier_B,Processors,4401,170,0.9,0.31,22,174,3716,12048.85,0.43,2596,0
SHP03142,Supplier_A,Batteries,3444,1965,0.75,0.03,18,1958,6660,19158.58,0.47,2654,1
SHP03143,Supplier_C,Batteries,966,448,0.84,0.16,10,1420,8232,16004.37,1.0,2209,0
SHP03144,Supplier_A,Microchips,192,1335,0.81,0.11,2,1667,5893,7239.14,0.28,286,1
SHP03145,Supplier_C,Sensors,3278,777,0.84,0.09,9,2027,2119,3195.05,0.39,1660,0
SHP03146,Supplier_D,Microchips,1451,1897,0.93,0.3,6,2504,3262,9568.76,0.68,1628,1
SHP03147,Supplier_B,Displays,464,610,0.83,0.25,12,213,1742,8162.53,0.88,950,0
SHP03148,Supplier_A,Displays,3818,653,0.72,0.06,29,911,6001,19448.79,0.13,2755,0
SHP03149,Supplier_C,Batteries,2024,1202,0.96,0.18,7,2337,6303,19802.43,0.74,1444,0
SHP03150,Supplier_A,Sensors,3195,1906,0.86,0.17,18,1286,8330,8506.4,0.92,1316,1
SHP03151,Supplier_A,Processors,2638,589,0.97,0.07,19,2246,1782,3401.29,0.42,2401,1
SHP03152,Supplier_B,Sensors,1396,405,0.87,0.28,24,2681,1096,18256.89,0.29,678,1
SHP03153,Supplier_D,Displays,2376,709,0.72,0.14,19,1256,9778,15974.07,0.68,413,0
SHP03154,Supplier_A,Processors,102,481,0.86,0.27,6,554,7661,10469.85,0.25,530,0
SHP03155,Supplier_C,Sensors,3592,1913,0.87,0.08,28,574,5911,7624.42,0.38,1479,0
SHP03156,Supplier_C,Sensors,1853,1138,0.76,0.12,26,1453,3238,9239.23,0.9,1515,1
SHP03157,Supplier_D,Processors,1010,1291,0.84,0.05,6,1817,4349,18086.68,0.59,2369,0
SHP03158,Supplier_C,Displays,406,612,0.83,0.07,29,2872,3488,4100.55,0.09,2465,0
SHP03159,Supplier_D,Sensors,4331,1500,0.88,0.31,20,750,4793,16232.28,0.33,2907,0
SHP03160,Supplier_C,Processors,4115,866,0.78,0.06,28,1067,8817,854.72,0.63,1797,1
SHP03161,Supplier_B,Displays,1538,1994,0.87,0.05,14,99,3837,18451.15,0.48,1899,1
SHP03162,Supplier_A,Processors,972,1147,0.77,0.33,23,744,3386,10255.8,0.66,1342,1
SHP03163,Supplier_B,Processors,1241,1533,0.83,0.23,8,75,8396,4921.58,0.76,2913,0
SHP03164,Supplier_A,Sensors,765,1498,0.74,0.05,27,2747,2841,555.7,0.48,2102,0
SHP03165,Supplier_A,Displays,308,760,0.71,0.34,15,60,6366,11411.16,0.99,2874,1
SHP03166,Supplier_A,Sensors,1051,1265,0.79,0.07,28,857,9064,5267.51,0.91,1715,1
SHP03167,Supplier_B,Microchips,1157,1262,0.78,0.27,27,1175,5769,12809.65,0.06,2219,0
SHP03168,Supplier_A,Microchips,4844,61,0.82,0.03,28,2108,9921,5982.8,0.27,1698,1
SHP03169,Supplier_B,Displays,4822,288,0.98,0.23,9,2869,1316,2216.47,0.3,1089,1
SHP03170,Supplier_D,Processors,4720,1945,0.85,0.2,4,2867,8453,10348.51,0.18,555,0
SHP03171,Supplier_C,Sensors,4108,1666,0.86,0.09,28,1022,1075,11507.47,0.31,1386,1
SHP03172,Supplier_C,Sensors,1968,502,0.97,0.23,5,2504,6069,9325.51,0.42,1592,0
SHP03173,Supplier_A,Displays,4964,432,0.97,0.22,11,1118,1203,9431.69,0.05,709,1
SHP03174,Supplier_B,Displays,871,831,0.96,0.28,5,891,8895,11998.18,0.13,2744,1
SHP03175,Supplier_C,Microchips,4935,1875,0.73,0.31,19,2814,7567,10763.89,0.1,2984,1
SHP03176,Supplier_B,Batteries,4130,97,0.88,0.19,24,408,8460,3085.07,0.05,1941,1
SHP03177,Supplier_B,Displays,621,366,0.93,0.18,13,2651,4775,4343.17,0.48,1038,0
SHP03178,Supplier_A,Batteries,3455,258,0.94,0.23,21,334,9078,3264.93,0.33,2932,0
SHP03179,Supplier_C,Displays,1500,1620,0.87,0.26,21,2497,7924,14019.26,0.94,1784,0
SHP03180,Supplier_A,Processors,3838,1192,0.71,0.14,16,1524,8580,10807.67,0.1,2665,1
SHP03181,Supplier_A,Processors,4443,626,0.98,0.19,14,1685,6558,8882.17,0.93,1744,1
SHP03182,Supplier_C,Microchips,3823,364,0.84,0.21,13,2485,5355,16067.61,0.09,1322,1
SHP03183,Supplier_C,Microchips,3347,803,0.81,0.35,9,2881,4051,6853.0,0.62,2990,0
SHP03184,Supplier_D,Batteries,1958,1109,0.81,0.21,23,474,3663,11578.08,0.25,2185,1
SHP03185,Supplier_D,Displays,4881,1536,0.82,0.09,23,1079,9623,1950.95,0.83,2466,1
SHP03186,Supplier_B,Sensors,4164,1837,0.77,0.21,28,1969,8384,15015.88,0.06,2787,1
SHP03187,Supplier_C,Microchips,4781,964,0.79,0.29,10,2538,4162,14056.25,0.95,239,1
SHP03188,Supplier_D,Sensors,2498,804,0.99,0.3,21,405,9389,16146.4,0.05,1894,1
SHP03189,Supplier_B,Sensors,242,603,0.81,0.28,10,2862,6078,17747.28,0.24,1782,0
SHP03190,Supplier_B,Displays,2951,1654,0.85,0.31,18,603,1038,15281.55,0.46,526,1
SHP03191,Supplier_B,Batteries,3569,452,0.95,0.13,28,1936,9920,16967.55,0.76,2117,1
SHP03192,Supplier_D,Displays,3795,1180,0.85,0.19,26,317,4165,7240.26,0.95,1318,1
SHP03193,Supplier_C,Microchips,817,88,0.79,0.28,2,1965,5779,7195.08,0.43,314,0
SHP03194,Supplier_A,Sensors,742,630,0.85,0.11,24,1290,7186,18913.87,0.76,2012,0
SHP03195,Supplier_B,Displays,3540,229,0.73,0.14,7,113,3124,18334.2,0.73,2792,1
SHP03196,Supplier_D,Displays,2648,61,0.74,0.29,8,2539,8399,11195.7,0.57,640,1
SHP03197,Supplier_D,Displays,3793,1412,0.9,0.27,10,2638,5134,7647.9,0.69,2536,1
SHP03198,Supplier_A,Microchips,469,992,0.97,0.34,11,1348,7294,17387.03,0.04,1552,0
SHP03199,Supplier_A,Batteries,3750,1789,0.91,0.35,5,519,4771,6806.52,0.44,1817,0
SHP03200,Supplier_D,Displays,886,597,0.72,0.1,17,2069,6538,3495.88,0.79,2299,0
SHP03201,Supplier_C,Microchips,1049,1199,0.82,0.32,13,1886,4257,12970.11,0.47,1528,1
SHP03202,Supplier_A,Sensors,621,112,0.7,0.05,10,2073,7461,1331.13,0.87,1411,0
SHP03203,Supplier_D,Processors,3043,893,0.85,0.25,4,1639,6388,7892.49,0.83,846,1
SHP03204,Supplier_A,Microchips,454,1155,0.76,0.09,27,927,8900,16249.44,0.86,2280,1
SHP03205,Supplier_C,Processors,2435,1058,0.95,0.12,28,1267,2244,6256.72,0.13,2889,0
SHP03206,Supplier_B,Displays,1582,1892,0.73,0.33,28,2809,1657,18660.65,0.24,2739,1
SHP03207,Supplier_A,Displays,1747,1372,0.7,0.11,10,2110,2699,19138.58,0.03,853,0
SHP03208,Supplier_C,Microchips,3145,83,0.83,0.24,18,271,5456,16408.42,0.98,2491,1
SHP03209,Supplier_D,Processors,4731,801,0.75,0.08,15,1778,7068,19759.04,0.24,583,1
SHP03210,Supplier_A,Displays,2315,1682,0.91,0.05,6,1469,9047,10849.9,0.37,487,1
SHP03211,Supplier_A,Sensors,4816,98,0.97,0.13,27,930,6963,11599.39,0.27,1888,0
SHP03212,Supplier_D,Batteries,527,707,0.71,0.23,22,888,7235,16805.25,0.04,644,1
SHP03213,Supplier_B,Batteries,2637,1710,0.81,0.1,2,801,5535,10109.7,0.26,2846,0
SHP03214,Supplier_D,Displays,644,750,0.99,0.12,2,319,8273,8431.04,0.1,680,0
SHP03215,Supplier_A,Processors,2864,1130,0.91,0.25,4,1684,2976,12487.7,0.39,1261,0
SHP03216,Supplier_D,Displays,3865,1934,0.98,0.05,10,781,8937,13324.36,0.97,230,0
SHP03217,Supplier_C,Processors,758,158,0.75,0.17,24,2941,4669,15142.47,0.7,1758,0
SHP03218,Supplier_D,Sensors,2927,1590,0.76,0.33,7,665,5192,13529.91,0.71,465,0
SHP03219,Supplier_A,Processors,2158,1034,0.74,0.15,10,1481,1937,15041.58,0.45,520,0
SHP03220,Supplier_D,Displays,3427,73,0.79,0.16,5,2162,6596,13653.91,0.81,523,1
SHP03221,Supplier_B,Sensors,830,270,0.91,0.26,21,2125,2289,9868.68,0.91,1908,1
SHP03222,Supplier_D,Microchips,1932,364,0.75,0.28,20,1362,5670,3131.22,0.96,1878,1
SHP03223,Supplier_B,Batteries,508,343,0.85,0.27,6,1952,3150,15816.14,0.1,2309,0
SHP03224,Supplier_C,Displays,4279,1083,0.78,0.35,6,2334,8421,1100.19,0.88,194,1
SHP03225,Supplier_B,Displays,3347,1750,0.94,0.04,29,433,9704,19853.75,0.23,1285,1
SHP03226,Supplier_D,Displays,4902,1069,0.7,0.34,15,2423,2516,16654.94,0.4,934,1
SHP03227,Supplier_A,Sensors,233,1554,0.76,0.33,11,134,2404,13582.76,0.35,1919,0
SHP03228,Supplier_B,Microchips,4983,1800,0.88,0.3,24,2846,5492,19348.83,0.68,1239,1
SHP03229,Supplier_C,Processors,766,1067,0.73,0.17,17,295,7170,12443.17,0.6,2368,1
SHP03230,Supplier_B,Microchips,376,687,0.84,0.31,24,2485,3353,1600.44,0.11,562,0
SHP03231,Supplier_B,Sensors,3407,316,0.83,0.09,7,2363,1580,11407.95,0.78,1030,1
SHP03232,Supplier_B,Displays,981,1865,0.95,0.28,21,2858,4329,5905.48,0.44,780,1
SHP03233,Supplier_C,Batteries,2160,137,0.88,0.08,24,853,9293,7704.81,0.0,1453,0
SHP03234,Supplier_D,Displays,2182,504,0.89,0.29,15,2325,5550,9461.91,0.41,756,1
SHP03235,Supplier_B,Processors,1337,1699,0.98,0.22,19,289,3963,15604.71,0.52,2433,1
SHP03236,Supplier_B,Batteries,2552,1606,0.98,0.05,29,1146,1298,10307.12,0.07,1305,1
SHP03237,Supplier_A,Displays,258,1221,0.89,0.32,10,437,5116,9756.27,0.15,2967,1
SHP03238,Supplier_C,Batteries,2696,806,0.85,0.21,8,2475,1044,6388.46,0.99,555,0
SHP03239,Supplier_B,Microchips,3915,1851,0.88,0.24,19,2309,8647,11027.51,0.87,1018,0
SHP03240,Supplier_C,Sensors,4474,1802,0.81,0.11,11,2892,3543,5343.62,0.13,374,1
SHP03241,Supplier_B,Displays,2626,480,0.99,0.31,3,725,4859,5589.38,0.58,2184,1
SHP03242,Supplier_D,Processors,210,1825,0.9,0.2,14,2746,5778,15266.55,0.38,2590,0
SHP03243,Supplier_D,Microchips,641,960,0.78,0.16,7,220,5394,7179.67,0.54,974,0
SHP03244,Supplier_B,Displays,1238,1817,0.72,0.2,28,1225,4552,1502.29,0.47,167,1
SHP03245,Supplier_D,Microchips,3383,1817,0.71,0.25,24,1750,4155,7201.71,0.05,1533,1
SHP03246,Supplier_B,Processors,3710,291,0.76,0.25,10,858,1287,12952.16,0.32,2130,0
SHP03247,Supplier_D,Displays,4555,751,0.77,0.14,21,2201,4705,16372.72,0.13,459,0
SHP03248,Supplier_A,Processors,3657,951,0.82,0.15,9,1355,1516,19257.77,0.49,2864,0
SHP03249,Supplier_A,Batteries,2519,790,0.76,0.21,11,2469,3201,15051.3,0.91,1047,1
SHP03250,Supplier_A,Processors,1856,115,0.88,0.33,17,178,7577,8862.61,1.0,2629,0
SHP03251,Supplier_C,Batteries,3186,1021,0.76,0.27,16,2317,9102,6332.83,0.94,2436,1
SHP03252,Supplier_C,Displays,2406,427,0.75,0.15,14,1246,4658,3027.78,0.99,2001,1
SHP03253,Supplier_A,Batteries,1075,437,0.84,0.13,19,521,7922,12739.89,0.02,2237,0
SHP03254,Supplier_C,Displays,822,1864,0.96,0.19,7,1933,5286,10442.72,0.73,2359,0
SHP03255,Supplier_D,Displays,2670,830,0.84,0.31,21,2705,4936,13715.18,0.27,674,1
SHP03256,Supplier_B,Sensors,424,258,0.82,0.02,25,1575,1990,5124.1,0.87,1195,1
SHP03257,Supplier_B,Displays,1629,1488,0.87,0.25,10,2191,5971,6811.06,0.81,2995,1
SHP03258,Supplier_B,Batteries,2045,65,0.77,0.12,19,1649,8721,6195.86,0.42,2088,1
SHP03259,Supplier_A,Sensors,4586,1370,0.8,0.09,8,1094,2851,16054.21,0.47,389,0
SHP03260,Supplier_C,Sensors,2530,1035,0.76,0.02,24,2203,9189,3838.98,0.27,2514,0
SHP03261,Supplier_D,Displays,4211,1293,0.87,0.32,25,1921,3709,12365.21,0.29,2174,1
SHP03262,Supplier_D,Processors,3610,1842,0.9,0.32,6,1273,5007,1501.42,0.98,2567,0
SHP03263,Supplier_A,Processors,945,416,0.9,0.04,12,1917,3621,11215.79,0.89,1485,0
SHP03264,Supplier_D,Sensors,667,829,0.77,0.19,14,1425,3178,1746.32,0.19,1688,0
SHP03265,Supplier_D,Displays,3788,1302,0.93,0.07,4,1355,1838,3929.59,0.28,1877,0
SHP03266,Supplier_D,Processors,2279,1704,0.77,0.27,2,661,5934,2703.99,0.11,1578,1
SHP03267,Supplier_D,Displays,2119,489,0.74,0.24,5,2946,9104,7261.14,0.99,904,0
SHP03268,Supplier_C,Displays,3419,739,0.8,0.12,20,1612,8338,7202.76,0.91,711,1
SHP03269,Supplier_D,Sensors,2420,1605,0.87,0.06,19,997,2168,16615.18,0.55,571,0
SHP03270,Supplier_B,Sensors,1746,1523,0.74,0.29,7,1648,8348,4900.91,0.69,2069,0
SHP03271,Supplier_A,Microchips,4103,1109,0.89,0.24,24,903,1947,2184.54,0.75,468,1
SHP03272,Supplier_C,Processors,4009,896,0.95,0.02,11,1959,1160,12268.48,0.2,509,1
SHP03273,Supplier_D,Processors,3520,471,0.79,0.23,8,2526,3627,13905.29,0.93,1725,0
SHP03274,Supplier_C,Processors,2631,1991,0.83,0.29,13,2027,3535,6249.06,0.53,260,1
SHP03275,Supplier_D,Batteries,456,1693,0.77,0.21,9,1111,3272,12254.88,0.09,1836,1
SHP03276,Supplier_B,Displays,3181,1262,0.8,0.16,14,1492,4463,15633.1,0.4,2825,1
SHP03277,Supplier_A,Sensors,2380,1251,0.71,0.21,19,351,5804,7277.28,0.6,1857,0
SHP03278,Supplier_D,Processors,4231,657,0.98,0.22,15,688,1160,10744.4,0.35,112,0
SHP03279,Supplier_D,Microchips,2560,1388,0.82,0.23,12,120,2784,3359.35,0.7,2086,0
SHP03280,Supplier_D,Processors,2887,69,0.93,0.34,29,1972,7598,961.11,0.88,1978,0
SHP03281,Supplier_D,Displays,4309,725,0.74,0.08,11,695,4182,19636.68,0.77,2235,1
SHP03282,Supplier_A,Displays,1297,431,0.94,0.23,7,1838,4624,6344.75,0.64,538,1
SHP03283,Supplier_A,Sensors,1378,658,0.95,0.08,14,2622,9958,5938.59,0.51,520,0
SHP03284,Supplier_B,Batteries,565,192,0.91,0.09,23,223,3027,19478.28,0.25,1775,1
SHP03285,Supplier_A,Sensors,4100,111,0.96,0.24,11,2048,9376,14700.55,0.45,1399,0
SHP03286,Supplier_D,Processors,3448,1315,0.75,0.32,13,139,2896,11913.31,0.29,1130,1
SHP03287,Supplier_B,Microchips,1587,287,0.84,0.07,2,2465,3404,14136.81,0.93,599,1
SHP03288,Supplier_B,Sensors,4697,1204,0.88,0.34,19,2898,3539,14343.57,0.91,345,1
SHP03289,Supplier_B,Batteries,4636,1678,0.87,0.13,14,2416,1732,15385.05,0.16,445,1
SHP03290,Supplier_D,Sensors,425,1676,0.95,0.15,26,873,1577,1810.19,0.82,1875,0
SHP03291,Supplier_C,Displays,1865,1718,0.76,0.07,25,600,3161,8550.21,0.7,579,0
SHP03292,Supplier_D,Processors,4262,1196,0.75,0.22,29,109,9569,6255.04,0.98,1217,1
SHP03293,Supplier_A,Processors,403,1513,0.77,0.22,5,1178,4848,1876.11,0.46,1433,0
SHP03294,Supplier_A,Processors,4679,976,0.96,0.17,7,1312,2308,8545.68,0.72,2667,1
SHP03295,Supplier_D,Processors,1540,391,0.97,0.18,19,1535,1841,12515.38,0.52,2052,0
SHP03296,Supplier_D,Processors,248,1492,0.87,0.23,29,176,3171,3980.7,0.07,2577,0
SHP03297,Supplier_B,Processors,3134,1703,0.85,0.21,6,132,9347,6448.02,0.05,269,0
SHP03298,Supplier_D,Microchips,2731,504,0.88,0.14,19,1293,7253,12963.83,0.12,218,0
SHP03299,Supplier_B,Batteries,195,1271,0.88,0.31,6,995,4385,11796.83,0.3,857,0
SHP03300,Supplier_A,Processors,3555,331,0.75,0.24,8,1690,5821,17441.32,0.26,1857,1
SHP03301,Supplier_B,Batteries,4477,935,0.9,0.09,24,2002,6813,15929.0,0.73,2210,1
SHP03302,Supplier_D,Processors,2469,1074,0.83,0.13,10,2045,2413,19329.42,0.72,208,0
SHP03303,Supplier_A,Sensors,3567,772,0.85,0.28,4,2683,1044,12145.27,0.97,845,0
SHP03304,Supplier_C,Processors,628,1848,0.71,0.05,13,2744,2686,14120.11,0.31,1616,1
SHP03305,Supplier_B,Displays,2410,1405,0.92,0.27,21,939,6236,17279.87,0.94,2864,1
SHP03306,Supplier_A,Microchips,4775,1285,0.94,0.14,26,623,7625,16879.85,0.61,1723,1
SHP03307,Supplier_B,Sensors,1763,136,0.88,0.2,15,562,3725,14515.07,0.5,516,1
SHP03308,Supplier_A,Sensors,3464,714,0.92,0.11,9,1959,9009,10255.0,0.67,1448,1
SHP03309,Supplier_A,Displays,2441,911,0.85,0.35,13,114,5014,5827.53,0.7,809,0
SHP03310,Supplier_B,Processors,792,1772,0.88,0.32,8,2014,6780,17605.71,0.17,717,0
SHP03311,Supplier_C,Microchips,4430,110,0.81,0.33,25,2280,5595,15644.78,0.75,351,1
SHP03312,Supplier_A,Sensors,1051,846,0.93,0.08,10,1139,9265,16839.19,0.73,837,0
SHP03313,Supplier_A,Microchips,1460,144,0.84,0.3,13,2932,4018,3245.39,1.0,1536,1
SHP03314,Supplier_A,Sensors,638,835,0.9,0.2,5,2151,7292,6638.85,0.91,2651,0
SHP03315,Supplier_C,Processors,919,1626,0.88,0.25,6,1294,2560,8785.26,0.68,2301,0
SHP03316,Supplier_C,Sensors,3262,1220,0.9,0.09,10,2333,1472,16847.86,0.71,2371,1
SHP03317,Supplier_D,Sensors,4025,1319,0.93,0.25,8,938,6435,17911.29,0.95,697,0
SHP03318,Supplier_B,Batteries,371,1717,0.85,0.32,15,661,3217,6055.41,0.97,1676,0
SHP03319,Supplier_C,Processors,1128,1010,0.94,0.11,21,487,9892,13885.37,0.83,2993,0
SHP03320,Supplier_B,Displays,3765,346,0.84,0.1,23,1176,1052,2017.38,0.77,1541,0
SHP03321,Supplier_D,Displays,1342,1196,0.98,0.05,28,1509,3987,8486.68,0.11,1608,0
SHP03322,Supplier_B,Processors,1241,1728,0.92,0.11,18,2791,9330,9990.05,0.83,783,0
SHP03323,Supplier_C,Displays,692,743,0.75,0.2,2,1494,3137,15429.84,0.25,2020,0
SHP03324,Supplier_B,Processors,1705,1777,0.94,0.29,26,573,1827,17893.46,0.56,1795,1
SHP03325,Supplier_C,Displays,4310,1529,0.86,0.11,16,1516,9164,7077.02,0.41,2307,1
SHP03326,Supplier_B,Batteries,3477,448,0.99,0.22,25,2501,2248,10790.91,0.35,1174,1
SHP03327,Supplier_C,Displays,4171,1792,0.91,0.18,16,2440,5835,13125.24,0.31,1753,1
SHP03328,Supplier_C,Sensors,4402,995,0.72,0.12,2,849,9377,6909.4,0.86,2319,1
SHP03329,Supplier_B,Processors,3794,1304,0.81,0.19,16,2311,4442,19718.0,0.77,2479,0
SHP03330,Supplier_D,Microchips,2450,583,0.85,0.08,28,1073,8402,17577.6,0.52,1719,1
SHP03331,Supplier_A,Microchips,4307,451,0.94,0.23,3,1629,4193,6279.86,0.66,1975,0
SHP03332,Supplier_D,Processors,1540,1665,0.91,0.06,5,371,5928,10404.95,0.98,2213,0
SHP03333,Supplier_B,Batteries,3726,179,0.81,0.26,18,2881,8596,5001.39,0.4,2113,1
SHP03334,Supplier_D,Displays,1982,341,0.89,0.08,17,2953,3916,10532.83,0.55,370,0
SHP03335,Supplier_C,Batteries,3811,325,0.87,0.35,19,229,5537,13824.98,0.53,1184,1
SHP03336,Supplier_A,Microchips,284,961,0.74,0.29,22,2477,8051,2167.66,0.94,2836,1
SHP03337,Supplier_B,Processors,320,1908,0.77,0.13,17,1754,6645,17467.29,0.35,1989,0
SHP03338,Supplier_B,Processors,3288,1449,0.8,0.16,9,499,5261,12078.04,0.99,728,1
SHP03339,Supplier_B,Batteries,1193,975,0.76,0.11,7,1334,2935,19797.26,0.3,1259,0
SHP03340,Supplier_A,Batteries,3045,104,0.74,0.27,23,1710,9041,999.03,0.11,1101,0
SHP03341,Supplier_C,Displays,2574,1651,0.72,0.15,21,2228,5538,16714.22,0.19,2406,1
SHP03342,Supplier_B,Sensors,2715,788,0.95,0.27,3,1307,5426,15943.28,0.43,1379,1
SHP03343,Supplier_D,Sensors,2112,1099,0.78,0.03,20,953,2358,3090.62,0.65,2478,0
SHP03344,Supplier_B,Displays,2590,1514,0.78,0.06,14,1227,2769,7038.46,0.52,2930,0
SHP03345,Supplier_B,Sensors,700,814,0.76,0.14,23,379,2192,17753.53,0.38,1667,1
SHP03346,Supplier_B,Microchips,1260,1270,0.84,0.06,23,686,3816,10609.86,0.56,1377,1
SHP03347,Supplier_B,Sensors,4699,691,0.85,0.22,22,1939,7267,8324.99,0.84,2137,1
SHP03348,Supplier_C,Displays,4413,1316,0.76,0.04,7,1964,8025,18157.18,0.84,2414,0
SHP03349,Supplier_D,Sensors,2835,1897,0.88,0.3,28,2150,5856,2320.22,0.73,2022,1
SHP03350,Supplier_C,Processors,2318,773,0.91,0.27,7,1917,6217,9725.89,0.95,893,0
SHP03351,Supplier_D,Batteries,4807,1263,0.81,0.09,14,2565,2042,13221.29,0.59,1130,1
SHP03352,Supplier_B,Microchips,1252,851,0.87,0.18,2,2737,6243,12366.56,0.01,959,0
SHP03353,Supplier_A,Processors,156,787,0.85,0.17,23,462,9417,5653.39,0.29,538,0
SHP03354,Supplier_C,Processors,1304,807,0.76,0.26,22,2593,7755,11484.6,0.33,650,1
SHP03355,Supplier_A,Displays,4441,1641,0.91,0.15,25,1590,7467,14316.95,0.55,2151,1
SHP03356,Supplier_C,Batteries,243,616,0.93,0.03,10,2465,4977,11905.27,0.9,1665,0
SHP03357,Supplier_B,Batteries,467,1349,0.89,0.11,23,2636,2883,13847.01,0.84,777,0
SHP03358,Supplier_C,Microchips,1582,1891,0.79,0.17,13,2734,1540,5493.54,0.23,2454,1
SHP03359,Supplier_B,Displays,715,1482,0.97,0.34,13,1525,9837,16740.55,0.52,561,0
SHP03360,Supplier_C,Microchips,3738,389,0.83,0.31,27,1614,6085,9268.95,0.66,1671,0
SHP03361,Supplier_B,Sensors,3428,202,0.78,0.08,5,564,5801,19750.86,0.99,1622,1
SHP03362,Supplier_B,Processors,3327,1638,0.82,0.26,20,530,5726,954.06,0.03,1334,1
SHP03363,Supplier_D,Microchips,1688,1471,0.9,0.33,17,2511,8022,7916.15,0.46,1236,0
SHP03364,Supplier_B,Processors,2589,1517,0.95,0.02,27,2325,2688,4019.26,0.99,216,0
SHP03365,Supplier_D,Displays,3103,1696,0.8,0.26,13,2234,7634,11334.39,0.98,1439,0
SHP03366,Supplier_B,Sensors,798,1053,0.77,0.17,2,2888,1404,5242.5,0.33,662,1
SHP03367,Supplier_A,Displays,2923,476,0.88,0.24,24,2932,4343,14880.82,0.0,1556,1
SHP03368,Supplier_B,Sensors,1044,1052,0.97,0.22,22,2569,8811,17696.38,0.59,2348,0
SHP03369,Supplier_A,Sensors,3981,1560,0.75,0.34,5,567,8018,4612.24,0.87,223,1
SHP03370,Supplier_A,Processors,1022,253,0.93,0.12,10,1534,9711,3633.21,0.32,255,0
SHP03371,Supplier_B,Displays,1846,1185,0.84,0.28,8,354,2407,17569.47,0.93,508,0
SHP03372,Supplier_A,Displays,4220,374,0.93,0.1,11,704,8030,7544.8,0.33,565,1
SHP03373,Supplier_D,Microchips,2953,1331,0.85,0.16,14,2027,8359,8974.38,0.61,853,1
SHP03374,Supplier_C,Displays,1659,999,0.81,0.34,9,230,5530,4808.91,0.72,1287,1
SHP03375,Supplier_B,Microchips,1183,1601,0.9,0.27,21,79,8928,8793.64,0.35,871,1
SHP03376,Supplier_A,Batteries,3638,1000,0.96,0.12,11,814,5067,5010.35,0.35,1400,1
SHP03377,Supplier_B,Batteries,533,1423,0.79,0.22,29,89,7206,13485.59,0.47,2984,0
SHP03378,Supplier_D,Batteries,3026,988,0.83,0.04,11,2284,3181,10228.09,0.84,1103,1
SHP03379,Supplier_B,Displays,1189,1006,0.77,0.11,9,2416,4232,15867.18,0.1,2897,0
SHP03380,Supplier_B,Displays,3057,1751,0.75,0.26,21,2829,9616,6598.2,0.63,493,0
SHP03381,Supplier_A,Microchips,2712,1886,0.93,0.21,16,941,2551,10359.1,0.68,2197,1
SHP03382,Supplier_D,Sensors,4291,943,0.76,0.17,2,2421,1357,5560.7,0.56,2872,0
SHP03383,Supplier_C,Microchips,3859,484,0.93,0.25,28,1976,2594,18722.24,0.94,1901,1
SHP03384,Supplier_C,Batteries,4363,1499,0.82,0.15,16,992,6128,10677.75,0.6,243,0
SHP03385,Supplier_A,Microchips,2189,1353,0.99,0.03,25,1116,9388,3882.52,0.63,265,1
SHP03386,Supplier_B,Sensors,2002,420,0.76,0.17,18,2753,1348,5818.93,0.6,1143,0
SHP03387,Supplier_A,Displays,2667,1743,0.73,0.32,14,2271,2658,2116.59,0.72,2770,1
SHP03388,Supplier_A,Microchips,2098,982,0.72,0.3,13,1832,9766,1042.41,0.14,168,0
SHP03389,Supplier_A,Batteries,3214,298,0.94,0.15,4,734,2819,10755.48,0.89,2601,1
SHP03390,Supplier_B,Batteries,3094,940,0.83,0.03,24,1114,7471,7073.9,0.04,124,1
SHP03391,Supplier_D,Displays,2110,230,0.7,0.23,20,2506,6881,19293.58,0.64,2457,1
SHP03392,Supplier_A,Microchips,4944,752,0.95,0.26,25,1635,7655,3840.96,0.62,111,1
SHP03393,Supplier_B,Sensors,1991,1048,0.95,0.12,6,1396,5008,15981.3,0.21,676,0
SHP03394,Supplier_D,Displays,930,1724,0.93,0.18,4,2277,7043,6661.44,0.04,2841,0
SHP03395,Supplier_A,Microchips,148,127,0.77,0.35,22,2951,1483,4858.98,0.14,333,0
SHP03396,Supplier_C,Processors,4310,968,0.81,0.21,6,1232,4912,19407.92,0.27,2982,1
SHP03397,Supplier_D,Batteries,1278,934,0.92,0.14,25,86,1357,16150.24,0.88,1016,0
SHP03398,Supplier_A,Sensors,3133,385,0.84,0.23,29,2503,9445,12797.11,0.86,1821,1
SHP03399,Supplier_D,Sensors,170,99,0.74,0.08,10,588,2190,14093.86,0.06,690,1
SHP03400,Supplier_D,Sensors,166,134,0.77,0.09,7,2473,5564,19831.94,0.29,1767,1
SHP03401,Supplier_D,Batteries,1877,1768,0.98,0.33,17,1971,6979,12067.54,0.89,1398,0
SHP03402,Supplier_D,Microchips,2328,744,0.74,0.1,11,2353,9684,2487.06,0.24,2996,0
SHP03403,Supplier_D,Displays,1889,53,0.91,0.12,17,2375,4409,1764.89,1.0,1946,0
SHP03404,Supplier_D,Microchips,712,1042,0.84,0.2,4,298,9243,13498.83,0.26,1952,0
SHP03405,Supplier_A,Displays,1986,366,0.92,0.32,19,742,9453,13323.22,0.74,1835,0
SHP03406,Supplier_C,Sensors,1722,1184,0.89,0.28,12,1090,2908,15089.39,0.42,712,0
SHP03407,Supplier_B,Microchips,796,1407,0.83,0.03,20,1441,4646,2621.19,0.14,251,0
SHP03408,Supplier_D,Sensors,1337,1924,0.8,0.25,26,2222,8715,18925.59,0.26,2363,0
SHP03409,Supplier_B,Processors,2506,812,0.92,0.19,24,1385,3377,11247.59,0.68,758,1
SHP03410,Supplier_A,Sensors,348,1206,0.79,0.18,16,2309,5336,13166.33,0.34,409,1
SHP03411,Supplier_D,Sensors,737,661,0.93,0.25,12,2569,6404,1179.62,0.6,248,0
SHP03412,Supplier_C,Displays,1049,1054,0.9,0.08,28,2846,6958,19239.0,0.21,2484,1
SHP03413,Supplier_B,Processors,2004,963,0.87,0.34,26,1488,2625,11470.54,0.45,1602,1
SHP03414,Supplier_D,Sensors,3687,1757,0.81,0.23,23,549,6418,11485.58,0.51,2654,0
SHP03415,Supplier_A,Sensors,1211,848,0.76,0.14,25,860,5386,18899.33,0.41,1304,0
SHP03416,Supplier_C,Processors,275,168,0.91,0.22,11,1785,7354,18622.33,0.2,2581,1
SHP03417,Supplier_B,Processors,822,399,0.73,0.09,28,938,2389,4795.82,0.46,1919,0
SHP03418,Supplier_B,Microchips,3942,966,0.98,0.23,10,1260,6909,18656.43,0.69,2351,0
SHP03419,Supplier_D,Displays,3774,736,0.98,0.03,4,1973,2487,14864.12,0.96,563,0
SHP03420,Supplier_C,Processors,4966,591,0.74,0.13,24,2036,7501,868.56,0.79,1073,1
SHP03421,Supplier_C,Processors,2047,1128,0.73,0.27,10,1541,1710,5176.94,0.16,426,0
SHP03422,Supplier_C,Batteries,802,410,0.82,0.29,19,224,2886,8553.11,0.27,248,0
SHP03423,Supplier_C,Processors,2228,757,0.98,0.1,13,2414,3216,11865.04,0.08,1400,0
SHP03424,Supplier_A,Displays,1026,1526,0.82,0.2,24,873,2320,14175.93,0.14,134,1
SHP03425,Supplier_C,Sensors,4333,1626,0.81,0.19,22,2967,8906,4599.1,0.25,2001,1
SHP03426,Supplier_B,Sensors,3604,734,0.9,0.16,25,980,5445,16815.66,0.2,100,1
SHP03427,Supplier_B,Sensors,2617,379,0.75,0.1,17,2984,5831,16991.45,0.21,2615,0
SHP03428,Supplier_A,Sensors,2497,268,0.81,0.25,5,2064,8817,12882.48,0.23,2751,0
SHP03429,Supplier_B,Batteries,1249,257,0.78,0.1,2,318,7984,18461.33,0.3,2613,0
SHP03430,Supplier_B,Processors,3480,1743,0.87,0.32,28,1867,9592,16353.16,0.13,2598,1
SHP03431,Supplier_C,Sensors,1978,894,0.75,0.19,14,2567,1750,4821.66,0.28,2750,0
SHP03432,Supplier_B,Microchips,1353,1813,0.86,0.31,27,273,6594,16074.2,0.69,2217,1
SHP03433,Supplier_A,Sensors,1583,134,0.95,0.12,9,1325,8171,19087.44,0.24,1767,0
SHP03434,Supplier_C,Processors,409,734,0.85,0.29,7,2927,8491,3183.33,0.17,2404,0
SHP03435,Supplier_D,Sensors,4052,294,0.9,0.06,9,1197,2887,19584.61,0.07,2040,1
SHP03436,Supplier_C,Batteries,3149,921,0.72,0.27,20,287,4685,987.36,0.5,1120,0
SHP03437,Supplier_A,Displays,1664,1072,0.83,0.15,25,2172,2418,10682.26,0.84,191,0
SHP03438,Supplier_C,Displays,1600,1758,0.73,0.18,25,549,3603,15590.92,0.06,693,0
SHP03439,Supplier_C,Processors,4965,1408,0.87,0.08,13,1595,4771,15913.54,0.54,2519,0
SHP03440,Supplier_A,Displays,115,1285,0.78,0.03,2,317,6100,14826.12,0.65,2246,0
SHP03441,Supplier_C,Displays,705,645,0.78,0.24,5,1560,4487,10822.35,0.59,2657,0
SHP03442,Supplier_A,Microchips,1481,734,0.72,0.21,24,1036,6910,13193.8,0.88,1688,1
SHP03443,Supplier_A,Processors,3483,1256,0.79,0.23,14,1673,7308,14148.68,0.87,1976,1
SHP03444,Supplier_D,Processors,994,1206,0.85,0.1,28,772,5733,10143.51,0.06,1085,0
SHP03445,Supplier_B,Displays,1667,1063,0.87,0.1,18,1145,4169,12115.86,0.36,1068,1
SHP03446,Supplier_B,Displays,513,1063,0.72,0.29,20,239,2023,17004.18,0.67,1061,0
SHP03447,Supplier_C,Displays,4220,1965,0.89,0.27,20,1045,2393,6601.14,0.95,2086,1
SHP03448,Supplier_C,Batteries,2104,1873,0.84,0.13,23,1635,6239,10702.52,0.8,345,1
SHP03449,Supplier_D,Sensors,415,1847,0.86,0.23,6,615,3346,665.35,0.18,2948,0
SHP03450,Supplier_D,Batteries,4766,399,0.94,0.29,29,1042,1855,13905.01,0.28,378,1
SHP03451,Supplier_D,Processors,4920,331,0.8,0.31,12,2833,3754,4310.02,0.76,2921,1
SHP03452,Supplier_A,Microchips,3155,342,0.75,0.02,8,205,2665,9879.52,0.47,952,0
SHP03453,Supplier_D,Sensors,1949,1342,0.86,0.29,4,1945,5038,4599.0,0.55,530,0
SHP03454,Supplier_D,Microchips,2053,1934,0.97,0.14,12,1636,4687,958.91,0.61,2589,1
SHP03455,Supplier_C,Processors,488,1270,0.85,0.26,18,1826,2116,9922.8,0.1,1384,0
SHP03456,Supplier_D,Processors,2869,1610,0.94,0.14,12,1915,5542,8784.26,0.86,1378,1
SHP03457,Supplier_A,Microchips,4639,1726,0.92,0.22,16,722,1733,8790.42,0.86,2412,1
SHP03458,Supplier_A,Microchips,3146,1033,0.85,0.23,20,1714,3921,4571.72,0.47,2662,1
SHP03459,Supplier_C,Microchips,2515,1808,0.89,0.15,9,1158,4498,18970.49,0.63,2592,1
SHP03460,Supplier_D,Processors,2489,69,0.82,0.19,17,2166,5717,568.39,0.66,2370,0
SHP03461,Supplier_D,Displays,403,808,0.85,0.26,22,2470,5854,17885.14,0.19,2909,0
SHP03462,Supplier_A,Microchips,863,1913,0.85,0.18,16,104,2858,14869.59,0.11,2339,0
SHP03463,Supplier_D,Sensors,2073,1786,0.91,0.02,4,134,6473,3855.4,0.02,2705,0
SHP03464,Supplier_D,Processors,915,454,0.82,0.02,25,1930,3513,9707.74,0.91,906,0
SHP03465,Supplier_D,Batteries,977,1188,0.73,0.24,7,2938,5960,19782.58,0.35,368,0
SHP03466,Supplier_B,Batteries,4898,1968,0.93,0.3,4,641,4515,13052.12,0.09,2798,1
SHP03467,Supplier_C,Sensors,2426,750,0.9,0.28,6,2829,3316,2983.85,0.47,2188,0
SHP03468,Supplier_B,Displays,2529,1029,0.98,0.12,2,2009,3014,9424.02,0.08,1298,0
SHP03469,Supplier_C,Microchips,2160,75,0.82,0.18,23,2719,3167,9629.96,0.09,532,0
SHP03470,Supplier_A,Processors,4498,615,0.72,0.1,15,1058,4028,16144.13,0.49,902,1
SHP03471,Supplier_D,Microchips,1679,1755,0.74,0.35,13,2414,5231,18365.18,0.51,2138,0
SHP03472,Supplier_C,Processors,4355,444,0.92,0.11,14,2722,4148,2103.71,0.58,1030,1
SHP03473,Supplier_B,Batteries,2301,1050,0.72,0.16,15,301,8521,6623.73,0.66,2470,1
SHP03474,Supplier_D,Microchips,3697,1454,0.96,0.24,26,2249,1000,6319.54,0.67,999,1
SHP03475,Supplier_A,Sensors,1303,572,0.78,0.31,13,1409,9268,19922.94,0.43,1403,1
SHP03476,Supplier_C,Displays,2524,1612,0.96,0.04,24,959,8611,11404.93,0.64,1217,0
SHP03477,Supplier_C,Sensors,3975,911,0.92,0.12,28,1836,3628,17656.71,0.3,2487,1
SHP03478,Supplier_C,Displays,2923,1156,0.95,0.21,14,2963,7134,8807.64,0.44,2567,1
SHP03479,Supplier_D,Microchips,3385,851,0.76,0.22,25,649,1573,14593.1,0.39,1328,1
SHP03480,Supplier_B,Microchips,2163,599,0.87,0.04,7,1056,2548,6088.42,0.33,667,0
SHP03481,Supplier_B,Displays,2079,1518,0.73,0.24,28,1173,9377,18279.83,0.24,842,1
SHP03482,Supplier_C,Batteries,4448,136,0.76,0.19,22,1193,7045,9375.35,0.08,2407,0
SHP03483,Supplier_A,Processors,3231,882,0.79,0.29,16,352,4492,16172.65,0.51,2879,1
SHP03484,Supplier_A,Sensors,3192,436,0.91,0.09,29,1789,9225,5488.43,0.54,2827,0
SHP03485,Supplier_B,Sensors,4926,1012,0.71,0.08,23,1274,8839,14025.28,0.34,782,1
SHP03486,Supplier_A,Sensors,3764,717,0.96,0.28,24,1076,6689,8400.59,0.98,1949,1
SHP03487,Supplier_B,Microchips,2436,1471,0.72,0.25,17,449,2896,1113.07,0.56,1514,1
SHP03488,Supplier_C,Sensors,3714,1893,0.81,0.28,10,117,3455,8553.66,0.89,1401,1
SHP03489,Supplier_B,Processors,597,335,0.72,0.28,9,203,6416,11225.42,0.57,1895,0
SHP03490,Supplier_B,Processors,3917,747,0.92,0.05,6,1064,6383,3459.35,0.19,995,0
SHP03491,Supplier_C,Displays,4743,1767,0.74,0.11,16,1567,2405,4086.31,0.97,1031,1
SHP03492,Supplier_A,Microchips,231,1014,0.96,0.11,8,231,5538,9564.82,0.89,580,0
SHP03493,Supplier_B,Processors,957,418,0.85,0.33,25,574,2186,7183.23,0.47,1574,1
SHP03494,Supplier_B,Batteries,620,704,0.98,0.18,18,2286,3139,9094.44,0.24,390,0
SHP03495,Supplier_C,Microchips,129,1495,0.78,0.06,17,69,3678,9486.13,0.22,2948,1
SHP03496,Supplier_A,Microchips,3496,1791,0.83,0.12,25,900,4794,3231.48,0.81,2794,0
SHP03497,Supplier_B,Processors,4704,703,0.9,0.31,12,2995,3719,4033.29,0.07,2252,1
SHP03498,Supplier_C,Batteries,1360,746,0.94,0.3,8,2107,9048,17039.23,0.64,2074,0
SHP03499,Supplier_B,Displays,1658,1516,0.82,0.32,12,2797,5602,3673.01,0.64,1500,1
SHP03500,Supplier_D,Processors,115,1826,0.96,0.15,29,1930,5450,13485.33,0.18,289,1
SHP03501,Supplier_C,Batteries,3705,1593,0.73,0.23,29,704,4957,8661.3,0.7,1318,0
SHP03502,Supplier_A,Microchips,1707,1073,0.91,0.11,3,1376,7069,19380.62,0.71,1699,0
SHP03503,Supplier_A,Batteries,3617,1657,0.8,0.08,3,2338,9679,1789.04,0.35,476,1
SHP03504,Supplier_A,Microchips,2116,964,0.73,0.03,29,2249,1278,16692.58,0.48,2830,0
SHP03505,Supplier_A,Processors,3674,337,0.81,0.09,7,2881,3591,10083.26,0.83,1141,1
SHP03506,Supplier_B,Processors,1843,144,0.96,0.22,4,2285,9841,604.37,0.52,358,0
SHP03507,Supplier_B,Sensors,3891,718,0.98,0.32,2,2561,1354,5641.37,0.62,926,1
SHP03508,Supplier_A,Sensors,3734,90,0.81,0.06,25,771,3242,8450.09,0.41,2519,0
SHP03509,Supplier_A,Sensors,1188,380,0.96,0.32,24,2997,5899,6626.8,0.15,1825,1
SHP03510,Supplier_A,Processors,1461,1886,0.85,0.13,21,2803,7236,7567.76,1.0,1930,1
SHP03511,Supplier_B,Displays,3472,1854,0.91,0.16,17,1250,3480,18375.1,0.53,2979,1
SHP03512,Supplier_A,Processors,4573,1228,0.71,0.14,15,930,1557,7538.21,0.34,2740,1
SHP03513,Supplier_A,Batteries,575,553,0.86,0.15,18,2512,4486,8667.17,0.71,2207,0
SHP03514,Supplier_D,Processors,1389,324,0.72,0.11,19,627,1161,15342.07,0.62,2252,0
SHP03515,Supplier_D,Processors,428,1739,0.78,0.25,26,359,7244,15979.75,0.23,1549,0
SHP03516,Supplier_A,Microchips,4144,1638,0.86,0.27,5,1075,1698,2139.75,0.88,1890,0
SHP03517,Supplier_C,Microchips,1939,228,0.93,0.29,4,366,4544,14229.37,0.07,743,0
SHP03518,Supplier_A,Microchips,1286,1825,0.86,0.13,9,1856,4777,9910.15,0.61,1600,0
SHP03519,Supplier_D,Processors,4633,186,0.97,0.27,5,1582,3205,3110.15,0.48,2414,1
SHP03520,Supplier_C,Displays,3514,816,0.93,0.23,24,1069,1491,5661.86,0.32,1055,1
SHP03521,Supplier_C,Batteries,3636,1037,0.75,0.34,16,417,2992,1378.19,0.83,1657,1
SHP03522,Supplier_A,Batteries,1873,1809,0.81,0.16,14,604,2032,7524.63,0.66,1816,0
SHP03523,Supplier_D,Displays,2163,1253,0.89,0.35,15,2702,4283,5480.43,0.76,1272,0
SHP03524,Supplier_D,Displays,1944,1255,0.97,0.26,15,1299,7016,7951.02,0.41,2427,0
SHP03525,Supplier_C,Batteries,2658,1332,0.99,0.28,6,529,5919,11816.64,0.94,624,1
SHP03526,Supplier_A,Sensors,1362,292,0.92,0.03,6,1871,6974,14780.62,0.34,2173,0
SHP03527,Supplier_B,Microchips,3391,1169,0.87,0.18,28,989,9977,12304.36,0.53,2699,0
SHP03528,Supplier_B,Microchips,1118,246,0.92,0.19,23,63,2833,13728.36,0.93,1405,0
SHP03529,Supplier_D,Batteries,1889,1977,0.78,0.03,29,2125,1991,17379.96,0.08,1607,1
SHP03530,Supplier_B,Displays,3624,575,0.78,0.12,14,191,7984,17539.58,0.11,2064,1
SHP03531,Supplier_D,Sensors,3604,681,0.89,0.34,5,639,7346,17284.03,0.99,897,1
SHP03532,Supplier_D,Batteries,906,1460,0.95,0.16,19,1832,2783,3486.79,0.97,2258,0
SHP03533,Supplier_D,Microchips,2766,457,0.98,0.08,7,522,6184,5395.85,0.77,521,0
SHP03534,Supplier_B,Processors,504,1342,0.8,0.19,6,1597,2184,10295.34,0.48,1004,0
SHP03535,Supplier_D,Displays,693,1244,0.93,0.03,4,1257,2668,7495.42,0.51,825,0
SHP03536,Supplier_C,Processors,4049,1998,0.95,0.19,21,366,7833,3067.54,0.26,1563,1
SHP03537,Supplier_A,Batteries,4207,1657,0.88,0.22,4,1434,6824,6111.13,0.43,2441,1
SHP03538,Supplier_A,Microchips,3380,740,0.8,0.14,4,494,1571,19520.86,0.43,1272,0
SHP03539,Supplier_D,Sensors,2312,219,0.88,0.27,21,2393,5300,7265.07,0.04,1263,0
SHP03540,Supplier_A,Processors,1642,208,0.87,0.06,3,2501,4738,8668.82,0.45,2951,0
SHP03541,Supplier_B,Sensors,713,1582,0.88,0.31,21,2849,1583,624.83,0.48,1245,1
SHP03542,Supplier_B,Microchips,968,496,0.88,0.34,27,2011,8323,14528.59,0.67,483,0
SHP03543,Supplier_A,Processors,911,1739,0.95,0.02,28,2360,9499,8564.23,0.52,2086,0
SHP03544,Supplier_B,Sensors,1922,1987,0.75,0.3,19,896,9253,2511.23,0.86,2430,1
SHP03545,Supplier_A,Sensors,4962,1067,0.81,0.19,11,2474,8540,19386.86,0.37,2911,1
SHP03546,Supplier_A,Processors,4277,1155,0.87,0.17,25,634,6579,15659.95,0.41,1570,0
SHP03547,Supplier_A,Microchips,1844,1130,0.78,0.1,27,848,5570,14659.93,0.57,1066,1
SHP03548,Supplier_D,Sensors,2356,1592,0.98,0.17,22,520,6691,19178.51,0.2,2341,1
SHP03549,Supplier_A,Batteries,4142,161,0.78,0.33,8,781,2959,8445.86,0.39,941,1
SHP03550,Supplier_D,Processors,3767,97,0.84,0.09,28,1021,9030,14511.4,0.69,1716,1
SHP03551,Supplier_A,Displays,621,1665,0.95,0.08,21,2144,6126,4521.05,0.41,718,0
SHP03552,Supplier_A,Displays,1625,1960,0.72,0.1,27,2121,4762,14093.85,0.91,1119,0
SHP03553,Supplier_A,Microchips,1569,425,0.94,0.2,23,1363,3786,774.54,0.62,2053,0
SHP03554,Supplier_B,Batteries,2775,877,0.87,0.33,29,2928,2542,2962.95,0.15,305,1
SHP03555,Supplier_D,Sensors,1613,82,0.71,0.21,15,2500,2675,8792.55,0.49,738,1
SHP03556,Supplier_D,Displays,4976,553,0.96,0.1,11,1097,1033,735.81,0.76,163,1
SHP03557,Supplier_A,Microchips,1551,676,0.71,0.17,21,1137,3799,9508.33,0.64,1558,1
SHP03558,Supplier_A,Batteries,4754,1969,0.85,0.15,17,1733,8496,10694.44,0.89,1811,1
SHP03559,Supplier_B,Batteries,3530,1076,0.71,0.04,7,1701,2855,12621.33,0.75,327,0
SHP03560,Supplier_B,Microchips,3107,1559,0.72,0.19,18,1312,7923,2457.54,0.06,801,0
SHP03561,Supplier_B,Microchips,3224,1589,0.96,0.06,7,332,3685,4029.73,0.11,494,1
SHP03562,Supplier_D,Sensors,1853,1941,0.92,0.3,23,2190,2057,12459.03,0.65,1336,1
SHP03563,Supplier_D,Microchips,1712,1845,0.76,0.2,19,1448,7938,13334.66,0.24,2880,0
SHP03564,Supplier_D,Sensors,3375,91,0.88,0.3,29,2783,5501,1005.05,0.59,1959,0
SHP03565,Supplier_A,Sensors,655,58,0.93,0.34,11,2407,8597,11037.16,0.79,1797,0
SHP03566,Supplier_D,Processors,4351,1049,0.96,0.33,11,2985,7571,15807.14,0.58,2445,1
SHP03567,Supplier_C,Batteries,2149,868,0.84,0.05,10,1822,5388,1847.47,0.42,1548,0
SHP03568,Supplier_C,Batteries,924,706,0.96,0.33,23,56,7022,8556.87,0.65,1120,0
SHP03569,Supplier_B,Batteries,2949,1986,0.85,0.28,29,837,3627,6866.97,0.14,2908,1
SHP03570,Supplier_D,Processors,3130,1682,0.9,0.28,16,92,4820,18316.48,0.72,2849,0
SHP03571,Supplier_C,Sensors,1181,1861,0.98,0.05,12,2822,8247,4123.15,0.7,2671,0
SHP03572,Supplier_B,Sensors,3425,1215,0.77,0.08,8,250,4643,6708.03,0.51,652,1
SHP03573,Supplier_D,Microchips,592,839,0.75,0.34,19,2992,7191,18019.67,0.28,1521,0
SHP03574,Supplier_A,Processors,4864,1509,0.8,0.09,3,2764,4762,6947.74,0.8,1383,1
SHP03575,Supplier_C,Microchips,174,1100,0.75,0.08,3,1738,6987,10861.28,0.51,2273,0
SHP03576,Supplier_A,Processors,3091,1116,0.78,0.14,27,597,9798,1144.19,0.06,2373,0
SHP03577,Supplier_D,Microchips,3460,1204,0.92,0.32,14,275,3355,19705.6,0.92,2869,1
SHP03578,Supplier_C,Displays,470,1289,0.84,0.18,12,682,2333,16586.46,0.77,432,0
SHP03579,Supplier_D,Batteries,4782,1679,0.81,0.32,26,1594,5008,12870.82,0.58,429,0
SHP03580,Supplier_A,Batteries,428,1593,0.81,0.13,20,1408,3473,1684.73,0.44,1388,1
SHP03581,Supplier_C,Sensors,4785,647,0.76,0.09,21,1254,7143,1959.96,0.96,2318,1
SHP03582,Supplier_A,Displays,1890,1418,0.83,0.18,2,2291,4733,11126.99,0.78,2148,0
SHP03583,Supplier_D,Batteries,876,1581,0.88,0.22,18,587,3086,6058.76,0.53,975,1
SHP03584,Supplier_D,Sensors,2122,1723,0.74,0.15,21,530,4350,12644.39,0.65,1844,1
SHP03585,Supplier_A,Displays,4774,1954,0.98,0.13,19,479,9567,12164.75,0.28,2388,0
SHP03586,Supplier_C,Batteries,4416,1486,0.83,0.09,9,1400,2952,16853.7,0.2,683,1
SHP03587,Supplier_A,Microchips,1287,985,0.97,0.11,14,994,4710,5986.85,0.27,700,0
SHP03588,Supplier_D,Processors,1603,1319,0.74,0.24,5,1978,2693,11768.34,0.29,2167,0
SHP03589,Supplier_A,Displays,3391,1522,0.92,0.14,20,1873,9263,15658.58,0.74,1438,1
SHP03590,Supplier_D,Sensors,3425,1061,0.88,0.05,4,2675,2774,10070.07,0.14,2620,0
SHP03591,Supplier_A,Displays,287,70,0.94,0.07,7,160,1573,16697.55,0.78,2104,1
SHP03592,Supplier_C,Sensors,1314,1048,0.87,0.14,29,261,7485,3059.89,0.52,2288,1
SHP03593,Supplier_C,Displays,3386,1481,0.98,0.33,7,1756,5664,14811.01,0.38,786,1
SHP03594,Supplier_A,Sensors,3546,506,0.88,0.15,23,900,6059,18888.15,0.3,2197,1
SHP03595,Supplier_A,Batteries,1209,1517,0.93,0.04,7,2975,6362,6971.72,0.51,1729,0
SHP03596,Supplier_C,Microchips,2621,1063,0.95,0.16,25,1036,5066,7643.56,0.32,1584,1
SHP03597,Supplier_D,Batteries,3979,1995,0.91,0.24,9,1045,7471,2129.22,0.43,1803,1
SHP03598,Supplier_C,Microchips,630,314,0.85,0.22,26,2668,7113,13009.11,0.74,490,1
SHP03599,Supplier_D,Batteries,1170,1733,0.78,0.11,18,2049,9344,11272.79,0.63,1178,0
SHP03600,Supplier_A,Batteries,3236,233,0.95,0.25,11,1960,6374,1286.74,0.75,589,1
SHP03601,Supplier_A,Displays,1062,276,0.84,0.23,25,715,9920,15168.13,0.71,1455,0
SHP03602,Supplier_D,Processors,1505,1877,0.88,0.08,6,399,4663,16671.05,0.82,2021,0
SHP03603,Supplier_A,Sensors,3237,1621,0.72,0.07,20,1587,7694,18188.83,0.2,369,1
SHP03604,Supplier_D,Sensors,616,1319,0.84,0.2,12,2778,7141,11141.81,1.0,461,0
SHP03605,Supplier_B,Sensors,3264,1146,0.9,0.24,11,300,7286,9325.31,0.48,244,1
SHP03606,Supplier_C,Microchips,1591,1223,0.87,0.34,4,1616,7160,17584.67,0.72,688,0
SHP03607,Supplier_B,Sensors,3789,1586,0.83,0.16,23,2416,8142,8274.59,0.68,1252,1
SHP03608,Supplier_D,Sensors,4328,1142,0.76,0.27,25,1256,6021,13281.14,0.57,474,1
SHP03609,Supplier_C,Displays,4509,1018,0.79,0.06,11,2982,7870,12499.56,1.0,1746,1
SHP03610,Supplier_D,Batteries,690,854,0.9,0.31,3,2286,7308,7757.14,0.22,2685,1
SHP03611,Supplier_C,Sensors,1643,1303,0.77,0.23,29,2822,5742,2194.35,0.42,1751,0
SHP03612,Supplier_C,Processors,3156,772,0.88,0.23,10,1369,4145,917.6,0.13,1297,1
SHP03613,Supplier_C,Sensors,2306,1145,0.87,0.07,6,1995,9143,8850.64,0.18,417,0
SHP03614,Supplier_C,Microchips,3439,1051,0.98,0.03,22,128,3715,9883.43,0.71,684,0
SHP03615,Supplier_D,Microchips,2808,924,0.72,0.25,18,595,9545,16542.23,0.0,2710,0
SHP03616,Supplier_C,Microchips,4129,1681,0.73,0.06,7,1543,6393,8581.03,0.89,1850,0
SHP03617,Supplier_C,Sensors,847,1470,0.85,0.06,12,973,5082,5982.62,0.63,2700,0
SHP03618,Supplier_B,Displays,900,133,0.85,0.08,28,668,4731,9510.88,0.44,410,0
SHP03619,Supplier_A,Processors,1597,789,0.71,0.05,6,354,9701,5140.81,0.33,193,0
SHP03620,Supplier_A,Sensors,1479,1372,0.94,0.23,8,2296,2537,2281.53,0.13,288,0
SHP03621,Supplier_B,Displays,779,1821,0.84,0.16,8,1647,9092,2704.34,0.92,746,0
SHP03622,Supplier_B,Displays,3870,1366,0.8,0.11,5,2651,1177,6723.51,0.71,1841,0
SHP03623,Supplier_D,Sensors,3442,1807,0.79,0.17,22,1097,3376,747.19,0.34,2351,0
SHP03624,Supplier_D,Sensors,996,272,0.95,0.3,11,1748,8738,4793.96,0.07,1614,0
SHP03625,Supplier_D,Displays,1646,842,0.76,0.33,25,1534,9992,15856.7,0.33,1791,0
SHP03626,Supplier_B,Displays,3226,782,0.75,0.18,19,2280,7831,5075.04,0.18,2201,1
SHP03627,Supplier_B,Displays,783,1289,0.76,0.21,2,1918,4243,2659.23,0.79,1071,1
SHP03628,Supplier_C,Sensors,1395,1304,0.88,0.1,15,2704,4666,19007.07,0.72,193,0
SHP03629,Supplier_D,Displays,1485,454,0.94,0.19,7,132,1937,12638.17,0.5,2461,1
SHP03630,Supplier_D,Microchips,1042,1242,0.8,0.27,12,142,4027,1670.51,0.89,2066,1
SHP03631,Supplier_D,Sensors,3380,378,0.75,0.18,15,2714,3020,1713.76,0.18,459,1
SHP03632,Supplier_A,Microchips,1133,475,0.76,0.12,21,2670,8202,12436.38,0.45,2315,1
SHP03633,Supplier_C,Batteries,2886,1627,0.88,0.21,27,2678,2974,11032.51,0.71,1081,1
SHP03634,Supplier_D,Sensors,2333,819,0.77,0.33,4,1517,2258,1833.31,0.07,1909,1
SHP03635,Supplier_D,Batteries,3745,1269,0.95,0.31,17,2074,8052,4874.15,0.37,497,0
SHP03636,Supplier_D,Displays,1720,1977,0.73,0.27,17,823,4110,18616.34,0.57,636,1
SHP03637,Supplier_A,Displays,3635,657,0.71,0.11,8,2950,3753,11654.21,0.37,493,0
SHP03638,Supplier_A,Processors,3305,1902,0.73,0.1,9,1443,6794,9086.35,0.48,1479,1
SHP03639,Supplier_B,Displays,2982,575,0.95,0.3,28,2748,3675,5378.03,0.61,147,0
SHP03640,Supplier_C,Batteries,270,674,0.89,0.08,29,841,1419,3107.11,0.37,1555,1
SHP03641,Supplier_B,Displays,1653,126,0.98,0.22,5,525,9844,8351.32,0.11,2848,1
SHP03642,Supplier_C,Sensors,3997,1350,0.8,0.16,13,553,3871,18486.15,0.14,2200,1
SHP03643,Supplier_A,Displays,1695,969,0.76,0.17,13,1920,1867,1449.87,0.53,2388,0
SHP03644,Supplier_D,Processors,1723,995,0.86,0.17,11,280,9365,19824.09,0.17,1309,0
SHP03645,Supplier_B,Displays,4222,515,0.86,0.32,13,2975,9004,4552.35,0.89,1264,1
SHP03646,Supplier_D,Batteries,1191,1521,0.87,0.05,12,1636,5732,8470.96,0.83,1060,0
SHP03647,Supplier_B,Batteries,2937,1393,0.8,0.28,12,1824,5127,1378.5,0.35,2122,0
SHP03648,Supplier_A,Displays,507,1995,0.7,0.3,16,2787,5592,11903.25,0.83,1180,0
SHP03649,Supplier_A,Batteries,4269,1233,0.71,0.33,7,2306,3242,9929.33,0.53,549,1
SHP03650,Supplier_A,Batteries,779,541,0.89,0.17,28,180,3488,13500.79,0.16,1229,1
SHP03651,Supplier_B,Processors,336,362,0.85,0.19,12,792,2512,11082.22,0.61,532,0
SHP03652,Supplier_C,Sensors,2874,1704,0.94,0.34,3,433,6616,8264.47,0.68,1803,0
SHP03653,Supplier_B,Processors,3537,1234,0.79,0.17,25,1616,3771,14886.26,0.08,946,0
SHP03654,Supplier_C,Microchips,3457,357,0.94,0.19,23,2459,2643,987.91,0.31,1881,1
SHP03655,Supplier_B,Processors,2977,1936,0.82,0.13,28,810,1023,11050.07,0.01,1849,1
SHP03656,Supplier_B,Displays,2523,1219,0.73,0.03,10,1197,3337,2720.59,0.32,1637,0
SHP03657,Supplier_A,Sensors,4814,1748,0.98,0.16,12,992,3943,9002.16,0.34,2073,0
SHP03658,Supplier_D,Displays,3247,1469,0.85,0.24,17,2745,9022,15926.94,0.63,1522,0
SHP03659,Supplier_D,Microchips,1132,740,0.88,0.25,14,1346,5726,3277.98,0.2,2329,0
SHP03660,Supplier_C,Sensors,2954,138,0.89,0.02,14,2452,2716,18748.3,0.03,1425,1
SHP03661,Supplier_D,Batteries,3040,784,0.81,0.28,23,2197,8094,17825.84,0.32,282,1
SHP03662,Supplier_B,Processors,3801,827,0.92,0.18,23,2828,5133,8590.65,0.83,1633,1
SHP03663,Supplier_B,Displays,4170,800,0.95,0.19,29,1689,7529,616.51,0.4,1218,0
SHP03664,Supplier_A,Microchips,3232,1381,0.81,0.34,19,350,1744,15900.02,0.42,255,1
SHP03665,Supplier_A,Batteries,3560,1619,0.89,0.11,22,658,5177,17677.47,0.47,1815,1
SHP03666,Supplier_D,Processors,2023,420,0.92,0.27,26,1901,9185,3907.39,0.75,2244,0
SHP03667,Supplier_C,Batteries,733,500,0.76,0.21,2,931,6940,18365.75,0.48,1036,0
SHP03668,Supplier_D,Processors,4203,216,0.8,0.25,21,2300,1049,18324.9,0.09,1492,1
SHP03669,Supplier_D,Sensors,1492,441,0.73,0.16,11,1271,7812,9690.17,0.21,888,1
SHP03670,Supplier_D,Batteries,3546,1710,0.87,0.11,27,2209,7217,16061.68,0.19,2385,1
SHP03671,Supplier_D,Batteries,3198,785,0.93,0.2,20,2478,4049,9176.49,0.51,2160,1
SHP03672,Supplier_B,Batteries,161,540,0.88,0.14,18,804,6225,11498.9,0.03,1424,1
SHP03673,Supplier_C,Sensors,2569,974,0.75,0.09,2,1256,8868,6736.86,0.28,957,1
SHP03674,Supplier_B,Microchips,1917,1223,0.86,0.3,2,845,4889,3609.65,0.61,281,0
SHP03675,Supplier_C,Processors,732,1541,0.94,0.18,18,2434,8951,15057.46,0.35,2038,1
SHP03676,Supplier_A,Batteries,4987,1774,0.79,0.3,16,2044,8635,527.16,0.71,1278,0
SHP03677,Supplier_D,Sensors,2698,1116,0.94,0.18,3,1373,6775,11801.28,0.39,862,0
SHP03678,Supplier_B,Microchips,3551,994,0.93,0.2,12,271,4355,17361.38,0.98,1514,0
SHP03679,Supplier_C,Processors,1400,78,0.71,0.35,22,1061,9345,4814.91,0.97,2940,1
SHP03680,Supplier_A,Sensors,2753,1947,0.77,0.33,3,2857,7261,6991.54,0.8,2324,1
SHP03681,Supplier_A,Processors,1554,1705,0.86,0.11,21,738,3314,11955.97,0.95,682,0
SHP03682,Supplier_D,Batteries,1238,1922,0.91,0.31,10,167,4456,5313.97,0.2,2043,1
SHP03683,Supplier_C,Microchips,3292,1104,0.96,0.15,20,223,8408,17025.99,0.75,980,1
SHP03684,Supplier_B,Sensors,4720,742,0.89,0.04,3,1292,5266,7648.76,0.32,2216,1
SHP03685,Supplier_D,Microchips,2310,1747,0.81,0.21,17,2416,9808,11841.47,0.73,407,0
SHP03686,Supplier_B,Batteries,4982,177,0.75,0.34,21,2094,4049,4909.36,0.37,1799,1
SHP03687,Supplier_A,Microchips,3859,816,0.92,0.34,10,490,5643,1307.03,0.29,2838,0
SHP03688,Supplier_B,Microchips,3129,1367,0.76,0.06,21,1274,6304,3887.16,0.96,2200,0
SHP03689,Supplier_B,Displays,1460,490,0.9,0.27,29,1649,2925,1400.88,0.21,2363,1
SHP03690,Supplier_D,Microchips,2526,918,0.75,0.28,22,2512,7845,9637.78,0.76,813,1
SHP03691,Supplier_B,Processors,4368,1461,0.73,0.14,5,1077,7810,11939.43,0.67,2185,1
SHP03692,Supplier_D,Sensors,163,1839,0.77,0.24,25,999,3457,1371.17,0.3,1551,1
SHP03693,Supplier_A,Displays,1445,1715,0.78,0.18,14,132,7882,2264.4,0.46,1497,0
SHP03694,Supplier_D,Sensors,1074,573,0.89,0.1,16,1038,8820,9967.74,0.14,2178,0
SHP03695,Supplier_D,Sensors,4261,1620,0.75,0.27,21,2590,5241,16084.01,0.92,2540,0
SHP03696,Supplier_C,Batteries,3728,1783,0.97,0.11,3,2103,4109,12746.18,0.97,899,1
SHP03697,Supplier_B,Batteries,1722,809,0.86,0.13,29,2802,6245,2541.85,0.73,524,0
SHP03698,Supplier_A,Displays,557,159,0.84,0.08,21,1802,8963,17807.07,0.85,1128,0
SHP03699,Supplier_D,Batteries,3430,1401,0.83,0.26,19,396,5440,18390.28,0.08,790,1
SHP03700,Supplier_A,Batteries,1840,1478,0.86,0.17,26,583,8610,6836.66,0.38,2927,0
SHP03701,Supplier_C,Batteries,3126,1318,0.71,0.17,28,2754,2998,12512.35,0.33,299,1
SHP03702,Supplier_B,Sensors,2054,1835,0.99,0.22,25,1870,2131,10100.38,0.56,1396,0
SHP03703,Supplier_D,Displays,379,1951,0.86,0.07,10,500,2992,18869.46,0.18,875,1
SHP03704,Supplier_B,Sensors,2491,1902,0.71,0.32,21,967,9047,10420.6,0.56,325,1
SHP03705,Supplier_C,Processors,1140,212,0.87,0.17,2,1003,9705,19219.33,0.65,570,0
SHP03706,Supplier_C,Sensors,1061,609,0.83,0.14,4,263,6040,4387.18,0.13,2165,0
SHP03707,Supplier_A,Processors,3945,448,0.71,0.06,24,949,1712,7237.97,0.13,1878,0
SHP03708,Supplier_D,Microchips,1317,632,0.97,0.08,18,1239,1214,15736.23,0.04,728,1
SHP03709,Supplier_A,Microchips,3320,448,0.7,0.32,12,2470,6746,15780.41,0.76,2157,0
SHP03710,Supplier_C,Processors,474,1566,0.87,0.17,25,702,9795,14777.57,0.33,140,0
SHP03711,Supplier_B,Processors,4230,1719,0.98,0.26,26,2604,7981,17262.42,0.23,2767,0
SHP03712,Supplier_A,Sensors,1492,288,0.77,0.05,9,1032,4769,14199.65,0.78,2191,0
SHP03713,Supplier_A,Processors,2176,1538,0.77,0.23,22,625,5867,12903.66,0.14,2344,1
SHP03714,Supplier_B,Displays,874,1653,0.7,0.32,13,382,9861,9449.04,0.43,398,1
SHP03715,Supplier_A,Microchips,4416,1863,0.72,0.12,12,261,2080,9608.21,0.74,308,1
SHP03716,Supplier_B,Microchips,3524,1105,0.71,0.21,29,338,1474,8420.15,0.57,2066,1
SHP03717,Supplier_D,Processors,2223,1196,0.94,0.33,14,2707,1862,12594.13,0.55,558,1
SHP03718,Supplier_B,Batteries,4689,1607,0.94,0.26,16,2263,5272,8429.95,0.16,978,1
SHP03719,Supplier_D,Batteries,3693,1740,0.91,0.04,26,2223,9678,3376.14,0.18,1811,1
SHP03720,Supplier_B,Processors,379,159,0.8,0.14,21,1105,9883,2577.33,0.58,1910,0
SHP03721,Supplier_C,Displays,4941,1344,0.94,0.05,26,1980,4108,18527.21,0.02,888,1
SHP03722,Supplier_C,Batteries,2911,1453,0.86,0.3,18,323,1267,982.41,0.87,2662,0
SHP03723,Supplier_D,Processors,2442,349,0.79,0.23,13,1374,9976,2556.61,0.35,482,0
SHP03724,Supplier_D,Displays,1574,1700,0.83,0.34,28,2712,4873,9183.45,0.42,1550,0
SHP03725,Supplier_C,Displays,1957,1805,0.72,0.03,20,2373,7531,5627.06,0.26,1377,0
SHP03726,Supplier_D,Sensors,2989,1051,0.97,0.16,21,1080,3401,8414.05,0.88,2695,1
SHP03727,Supplier_B,Displays,1159,1815,0.88,0.05,12,1932,5909,2790.22,0.64,606,1
SHP03728,Supplier_B,Batteries,2022,813,0.91,0.14,11,1528,3316,3052.69,0.45,429,1
SHP03729,Supplier_C,Batteries,3899,298,0.9,0.07,18,1203,9176,16112.83,0.59,2635,0
SHP03730,Supplier_A,Processors,4692,570,0.89,0.13,29,146,8609,15302.62,0.38,913,1
SHP03731,Supplier_B,Processors,2573,83,0.71,0.29,23,326,2201,2532.93,0.47,2629,0
SHP03732,Supplier_D,Displays,4239,277,0.85,0.07,14,1358,6186,13521.91,0.36,2619,0
SHP03733,Supplier_A,Microchips,1951,634,0.94,0.18,17,2897,1276,12381.57,0.41,2042,0
SHP03734,Supplier_A,Sensors,3641,1472,0.71,0.32,21,1246,6327,14410.57,0.31,1119,0
SHP03735,Supplier_B,Microchips,4649,1007,0.98,0.35,21,381,9498,9751.75,0.08,1545,0
SHP03736,Supplier_B,Displays,694,862,0.82,0.1,18,2302,1630,5764.74,0.04,1122,1
SHP03737,Supplier_A,Displays,606,773,0.78,0.33,6,152,3585,13441.74,0.17,1285,0
SHP03738,Supplier_A,Microchips,4989,633,0.85,0.11,10,1004,7661,7741.47,0.25,533,0
SHP03739,Supplier_C,Sensors,120,619,0.93,0.16,23,2457,8441,4769.58,0.89,1682,1
SHP03740,Supplier_D,Microchips,1499,269,0.84,0.31,25,2136,8400,8468.27,0.61,1927,1
SHP03741,Supplier_C,Processors,3301,1444,0.89,0.28,28,356,2137,15383.76,0.96,115,1
SHP03742,Supplier_B,Batteries,2561,836,0.84,0.3,5,933,7968,9777.97,0.34,719,1
SHP03743,Supplier_C,Processors,3778,1834,0.88,0.28,10,2617,2713,6347.35,0.4,788,0
SHP03744,Supplier_C,Batteries,436,577,0.74,0.1,17,2975,4351,16721.44,0.72,2212,0
SHP03745,Supplier_C,Displays,1767,124,0.71,0.2,8,2143,9093,17692.05,0.58,674,0
SHP03746,Supplier_C,Sensors,3676,1691,0.74,0.15,15,243,7215,8948.38,0.53,919,1
SHP03747,Supplier_D,Microchips,1009,185,0.78,0.17,15,298,2224,7806.42,0.58,2220,1
SHP03748,Supplier_D,Sensors,375,123,0.77,0.07,8,1062,6445,12447.63,0.58,2351,0
SHP03749,Supplier_A,Microchips,991,303,0.88,0.12,25,2304,9224,1630.5,0.77,2401,0
SHP03750,Supplier_B,Processors,112,1091,0.83,0.3,17,2212,1096,13980.8,0.67,2760,1
SHP03751,Supplier_C,Processors,4157,1071,0.71,0.32,19,2336,5358,15754.61,0.96,1652,1
SHP03752,Supplier_A,Microchips,3125,1116,0.71,0.22,29,2663,4141,8250.12,0.95,2342,0
SHP03753,Supplier_A,Sensors,1073,99,0.73,0.18,7,1242,8980,3905.01,0.42,2398,1
SHP03754,Supplier_A,Microchips,4370,564,0.8,0.26,8,1121,1171,1061.96,0.04,2697,0
SHP03755,Supplier_D,Displays,4070,793,0.7,0.22,20,2833,5853,12926.29,0.01,1666,0
SHP03756,Supplier_C,Processors,1508,780,0.84,0.34,9,2085,9933,5745.37,0.12,1054,0
SHP03757,Supplier_C,Displays,2043,620,0.8,0.08,2,557,6431,9545.85,0.07,2457,0
SHP03758,Supplier_B,Processors,2388,1869,0.86,0.17,18,204,8537,8033.93,0.37,1304,0
SHP03759,Supplier_C,Processors,646,1887,0.91,0.32,27,510,9582,3910.25,0.05,1917,1
SHP03760,Supplier_C,Batteries,1318,625,0.77,0.32,20,1446,1958,10413.19,0.62,752,0
SHP03761,Supplier_A,Displays,1520,1655,0.75,0.18,23,840,5670,9462.07,0.19,2588,0
SHP03762,Supplier_B,Displays,1554,1376,0.78,0.06,8,1275,9535,12670.88,0.51,374,0
SHP03763,Supplier_C,Batteries,3477,1215,0.7,0.29,19,2751,4481,5411.76,0.1,1347,1
SHP03764,Supplier_D,Sensors,2872,952,0.73,0.21,7,2414,2569,4685.46,0.83,1490,1
SHP03765,Supplier_C,Displays,4198,251,0.92,0.28,29,2548,8931,16379.73,0.78,638,1
SHP03766,Supplier_A,Microchips,2838,256,0.76,0.17,22,1917,9647,14192.75,0.39,1373,0
SHP03767,Supplier_D,Batteries,3847,464,0.99,0.09,7,1738,6542,15558.03,0.91,2890,0
SHP03768,Supplier_A,Displays,1942,270,0.75,0.03,2,626,9635,2904.15,0.19,112,0
SHP03769,Supplier_C,Sensors,846,1435,0.93,0.2,11,1993,4481,4868.77,0.81,709,0
SHP03770,Supplier_D,Displays,2916,807,0.9,0.07,24,2593,8931,11722.86,0.55,2339,1
SHP03771,Supplier_B,Processors,971,1154,0.79,0.08,9,411,6693,17215.43,0.33,797,0
SHP03772,Supplier_B,Microchips,594,812,0.8,0.16,8,506,2417,17896.24,0.08,2166,0
SHP03773,Supplier_D,Batteries,3544,612,0.86,0.17,10,178,6856,16722.24,0.17,2486,1
SHP03774,Supplier_D,Processors,4823,1358,0.95,0.11,2,861,8676,1346.26,0.86,2918,1
SHP03775,Supplier_A,Sensors,1175,418,0.81,0.06,27,922,8011,16507.14,0.61,678,1
SHP03776,Supplier_D,Processors,4094,1565,0.72,0.33,26,399,7709,18032.28,0.24,2173,1
SHP03777,Supplier_A,Processors,4337,1984,0.81,0.06,12,2742,1670,1606.61,0.5,1873,1
SHP03778,Supplier_C,Sensors,145,945,0.76,0.14,28,1964,6413,8617.48,0.11,1150,1
SHP03779,Supplier_A,Processors,3156,1419,0.97,0.12,4,501,7001,10963.9,0.1,2252,1
SHP03780,Supplier_D,Batteries,2157,253,0.9,0.31,19,1453,3284,5038.63,0.91,2931,0
SHP03781,Supplier_D,Displays,763,1098,0.71,0.16,7,158,6440,10575.37,0.46,2450,0
SHP03782,Supplier_C,Processors,4768,1006,0.78,0.06,12,1281,9291,17776.14,0.36,1135,0
SHP03783,Supplier_D,Batteries,2129,1626,0.71,0.02,6,626,3787,17405.38,0.95,1791,1
SHP03784,Supplier_D,Displays,2796,118,0.94,0.26,21,290,8857,18826.83,0.4,2789,0
SHP03785,Supplier_B,Displays,739,565,0.96,0.26,5,2688,1407,9940.14,0.34,273,0
SHP03786,Supplier_B,Processors,2763,1565,0.73,0.16,9,1763,1977,8506.06,0.27,1524,0
SHP03787,Supplier_C,Batteries,2845,289,0.83,0.06,11,2091,6553,13482.86,0.57,548,0
SHP03788,Supplier_A,Processors,4502,410,0.97,0.14,4,1335,9334,8626.83,0.56,2201,0
SHP03789,Supplier_B,Sensors,2695,1514,0.74,0.21,14,2675,8452,1317.92,0.02,1550,0
SHP03790,Supplier_A,Displays,3527,1104,0.78,0.25,18,2422,9911,14538.47,0.65,177,0
SHP03791,Supplier_D,Processors,494,1972,0.79,0.05,6,420,9609,5979.19,0.79,1839,1
SHP03792,Supplier_B,Displays,3697,1702,0.71,0.2,9,2008,1544,1457.16,0.62,2586,1
SHP03793,Supplier_C,Batteries,4944,756,0.71,0.11,20,2202,8153,902.11,0.87,881,0
SHP03794,Supplier_C,Microchips,2432,1675,0.98,0.22,19,147,7960,18661.54,0.28,271,0
SHP03795,Supplier_C,Processors,429,739,0.87,0.23,2,1560,8544,5415.48,0.19,2697,1
SHP03796,Supplier_B,Processors,2197,706,0.79,0.32,5,145,7302,9234.03,0.7,2508,0
SHP03797,Supplier_A,Displays,872,1787,0.81,0.16,28,1998,6905,19036.24,0.19,2383,1
SHP03798,Supplier_D,Batteries,1745,1395,0.91,0.2,19,1545,9964,9616.58,0.09,532,0
SHP03799,Supplier_A,Sensors,1832,393,0.81,0.11,15,2143,5223,2032.88,0.1,1139,0
SHP03800,Supplier_A,Batteries,4573,1788,0.77,0.11,25,2987,2573,11262.75,0.77,2885,1
SHP03801,Supplier_D,Processors,1887,585,0.73,0.04,12,2128,5972,2219.87,0.03,949,0
SHP03802,Supplier_D,Sensors,1723,404,0.91,0.11,27,2505,4793,2354.21,0.29,1619,1
SHP03803,Supplier_B,Batteries,1099,1544,0.75,0.04,29,1455,8519,17103.8,0.13,1709,0
SHP03804,Supplier_B,Microchips,1948,977,0.72,0.34,10,765,3653,6143.72,0.75,1334,1
SHP03805,Supplier_B,Displays,1661,1032,0.82,0.23,14,2741,1540,13734.07,0.5,1959,1
SHP03806,Supplier_B,Batteries,873,154,0.71,0.08,27,2795,3211,10424.02,0.21,1450,0
SHP03807,Supplier_B,Batteries,1903,1860,0.98,0.06,18,1022,9322,4835.37,0.75,2774,1
SHP03808,Supplier_D,Microchips,1198,1395,0.88,0.14,16,2798,6543,10597.5,0.75,2394,1
SHP03809,Supplier_A,Processors,2150,1645,0.74,0.12,3,1562,4820,1845.37,0.52,648,0
SHP03810,Supplier_B,Displays,1698,1956,0.75,0.11,7,2973,3231,7270.64,0.28,1064,0
SHP03811,Supplier_B,Batteries,847,1011,0.87,0.17,27,955,3718,10695.31,0.59,266,1
SHP03812,Supplier_A,Sensors,4073,576,0.8,0.32,29,858,8690,4953.69,0.93,2500,0
SHP03813,Supplier_B,Batteries,2422,553,0.92,0.21,8,648,2022,13373.67,0.05,2850,0
SHP03814,Supplier_A,Displays,1653,1158,0.86,0.19,3,1016,6354,1510.33,0.27,1747,0
SHP03815,Supplier_A,Batteries,1715,980,0.83,0.29,25,2730,5226,9953.79,0.28,1692,0
SHP03816,Supplier_D,Microchips,3854,758,0.98,0.02,14,1917,9888,14442.42,0.63,452,0
SHP03817,Supplier_C,Batteries,4524,284,0.81,0.09,11,1889,1813,8883.95,0.65,2721,1
SHP03818,Supplier_D,Batteries,2402,1996,0.82,0.18,17,184,4837,17554.44,0.21,1624,1
SHP03819,Supplier_C,Sensors,4321,1929,0.89,0.25,10,377,9850,12827.76,0.22,1162,0
SHP03820,Supplier_C,Microchips,4962,1336,0.93,0.18,9,248,2083,19190.61,0.93,2470,1
SHP03821,Supplier_C,Microchips,3755,1079,0.88,0.07,26,732,3974,6040.38,0.76,1621,1
SHP03822,Supplier_B,Batteries,3495,543,0.9,0.33,16,173,6566,18806.39,0.93,2176,1
SHP03823,Supplier_D,Sensors,316,1966,0.81,0.13,23,803,7681,12333.04,0.83,838,0
SHP03824,Supplier_C,Batteries,3416,1362,0.84,0.28,28,1656,3624,15030.99,0.4,642,1
SHP03825,Supplier_A,Batteries,1459,1643,0.76,0.31,8,2479,6505,18092.14,0.12,1439,1
SHP03826,Supplier_B,Displays,3874,1730,0.9,0.13,23,620,8549,11248.35,0.63,1674,0
SHP03827,Supplier_D,Displays,4377,927,0.76,0.3,24,1518,3732,17312.53,0.35,667,1
SHP03828,Supplier_C,Sensors,4529,1627,0.7,0.25,20,2895,2997,11063.09,0.43,2845,1
SHP03829,Supplier_A,Processors,4706,1423,0.97,0.32,5,2988,8675,12184.38,0.43,2040,1
SHP03830,Supplier_D,Displays,4578,1273,0.79,0.1,10,1219,8777,9179.42,0.94,2346,1
SHP03831,Supplier_D,Processors,1996,1759,0.76,0.33,20,1976,5343,3339.95,0.07,782,1
SHP03832,Supplier_B,Microchips,4527,1016,0.78,0.04,3,1637,9203,11293.31,0.19,1860,0
SHP03833,Supplier_D,Displays,999,1015,0.8,0.28,29,2273,4607,19560.24,0.61,2329,0
SHP03834,Supplier_B,Displays,741,1013,0.84,0.16,28,1352,9928,15850.13,0.88,2277,1
SHP03835,Supplier_C,Sensors,4829,946,0.72,0.08,8,2477,1509,15076.22,0.92,1777,1
SHP03836,Supplier_B,Processors,3727,1408,0.72,0.05,23,214,7094,13044.52,0.56,2278,1
SHP03837,Supplier_A,Displays,295,1680,0.78,0.15,20,1912,6745,7284.22,0.03,2801,0
SHP03838,Supplier_B,Displays,1993,266,0.79,0.15,7,1559,5816,3807.5,0.36,1128,1
SHP03839,Supplier_A,Sensors,3375,672,0.73,0.1,16,2861,4042,4878.76,0.92,2996,1
SHP03840,Supplier_B,Sensors,4150,402,0.82,0.09,8,664,5910,623.28,0.5,2314,0
SHP03841,Supplier_D,Processors,4653,741,0.78,0.15,7,1840,7572,13632.87,0.73,484,1
SHP03842,Supplier_C,Microchips,2404,724,0.71,0.16,2,1434,2058,16331.61,0.27,1678,0
SHP03843,Supplier_A,Microchips,3700,680,0.96,0.17,29,2270,5300,5743.77,0.03,841,1
SHP03844,Supplier_B,Batteries,3443,374,0.96,0.31,15,2860,6503,2291.08,0.58,1875,1
SHP03845,Supplier_B,Displays,2156,950,0.76,0.22,2,1250,3952,7046.68,0.83,2334,1
SHP03846,Supplier_B,Processors,2908,1301,0.75,0.03,26,1122,6696,6195.0,0.99,1713,0
SHP03847,Supplier_D,Displays,1324,1218,0.86,0.19,7,1184,8610,9292.09,0.85,657,0
SHP03848,Supplier_D,Processors,986,357,0.88,0.27,29,1833,3744,5649.99,0.55,1642,0
SHP03849,Supplier_A,Processors,492,703,0.98,0.04,19,1760,8637,7124.79,0.61,1805,0
SHP03850,Supplier_A,Processors,1775,1707,0.81,0.16,28,668,4033,18197.32,0.82,214,0
SHP03851,Supplier_D,Displays,3290,334,0.88,0.17,18,2762,7034,7029.29,0.02,2066,0
SHP03852,Supplier_A,Sensors,2546,441,0.95,0.33,28,908,2201,15817.6,0.95,1467,1
SHP03853,Supplier_C,Displays,4005,1811,0.83,0.18,29,1228,1248,12703.76,0.53,957,1
SHP03854,Supplier_C,Processors,3438,409,0.74,0.27,3,1736,9003,7081.99,0.95,338,1
SHP03855,Supplier_D,Batteries,3691,818,0.81,0.12,9,2653,6276,16446.87,0.76,1910,1
SHP03856,Supplier_A,Microchips,3866,846,0.74,0.28,22,1656,9421,12103.98,0.15,2456,1
SHP03857,Supplier_B,Processors,2627,981,0.7,0.13,24,686,3675,668.07,0.17,1981,1
SHP03858,Supplier_C,Batteries,2281,214,0.92,0.16,24,264,3875,1840.2,0.35,2163,0
SHP03859,Supplier_D,Sensors,3864,782,0.77,0.18,3,1403,9512,15176.47,0.26,161,0
SHP03860,Supplier_A,Processors,454,630,0.7,0.33,17,193,8294,9207.29,0.44,805,1
SHP03861,Supplier_D,Batteries,2731,870,0.95,0.04,5,668,1027,8407.4,0.6,391,1
SHP03862,Supplier_B,Processors,1621,1297,0.83,0.08,3,1057,1509,3343.63,0.44,846,0
SHP03863,Supplier_C,Displays,2772,173,0.77,0.25,24,403,1640,3567.71,0.06,2939,1
SHP03864,Supplier_D,Batteries,3278,393,0.78,0.21,6,330,4250,16056.17,0.98,340,1
SHP03865,Supplier_D,Displays,2437,1924,0.77,0.1,18,1395,4747,16665.83,0.43,1448,1
SHP03866,Supplier_D,Displays,728,573,0.76,0.12,3,886,3719,11420.05,0.85,1024,0
SHP03867,Supplier_B,Batteries,2779,1125,0.94,0.14,23,2009,4903,6254.99,0.07,1252,1
SHP03868,Supplier_D,Microchips,4522,178,0.75,0.17,15,439,6005,18687.67,0.81,1052,0
SHP03869,Supplier_B,Batteries,1538,1208,0.86,0.29,21,1137,4336,12667.27,0.17,1772,0
SHP03870,Supplier_B,Microchips,1521,706,0.72,0.02,8,314,2418,16034.52,0.68,1587,1
SHP03871,Supplier_B,Processors,1226,1200,0.98,0.32,16,2103,8599,564.02,0.66,2674,1
SHP03872,Supplier_C,Processors,2783,787,0.87,0.16,19,962,4459,9281.23,0.91,1965,0
SHP03873,Supplier_C,Batteries,1880,988,0.96,0.1,14,217,5904,17483.51,0.32,841,1
SHP03874,Supplier_D,Processors,1631,120,0.82,0.19,13,2452,8312,7095.55,0.11,275,0
SHP03875,Supplier_D,Sensors,2014,322,0.94,0.24,3,2045,8342,14667.75,0.86,2951,1
SHP03876,Supplier_C,Displays,1332,1260,0.95,0.03,13,2270,6248,13324.66,0.33,2905,0
SHP03877,Supplier_A,Displays,2056,1076,0.9,0.26,7,899,4081,3468.26,0.23,1176,1
SHP03878,Supplier_C,Microchips,492,1358,0.73,0.27,25,2216,1346,15610.62,0.49,434,0
SHP03879,Supplier_B,Processors,925,71,0.7,0.07,2,223,1116,2694.27,0.15,998,0
SHP03880,Supplier_C,Microchips,3063,215,0.75,0.08,22,2226,4082,14694.32,0.3,758,0
SHP03881,Supplier_B,Displays,2495,1383,0.73,0.09,2,236,2631,19823.88,0.39,1676,1
SHP03882,Supplier_D,Displays,4245,924,0.91,0.28,16,1136,2999,19180.64,0.28,2440,1
SHP03883,Supplier_A,Processors,4995,1550,0.86,0.11,28,2990,9059,16104.71,0.45,542,1
SHP03884,Supplier_D,Sensors,1892,547,0.85,0.28,17,1347,8269,10923.09,0.38,1830,0
SHP03885,Supplier_B,Sensors,3164,483,0.77,0.2,23,2695,9132,13659.08,0.77,1259,1
SHP03886,Supplier_B,Processors,1463,807,0.74,0.27,8,2307,7098,14698.11,0.92,2747,0
SHP03887,Supplier_B,Processors,2448,283,0.76,0.2,23,1058,9998,663.83,0.1,865,0
SHP03888,Supplier_A,Microchips,3651,886,0.82,0.13,15,1266,8003,2496.14,0.82,1824,1
SHP03889,Supplier_C,Processors,3728,1743,0.91,0.32,26,2847,2691,12142.65,0.93,902,0
SHP03890,Supplier_D,Sensors,3436,712,0.77,0.26,20,581,3704,627.42,0.69,1011,1
SHP03891,Supplier_D,Processors,1665,774,0.9,0.18,25,1255,6540,18223.66,1.0,170,0
SHP03892,Supplier_C,Microchips,3767,425,0.84,0.23,20,2657,4435,10048.42,0.34,1868,1
SHP03893,Supplier_D,Microchips,2313,779,0.96,0.22,28,277,9402,5526.46,0.83,1055,0
SHP03894,Supplier_A,Microchips,4196,1319,0.77,0.14,29,2663,2777,8179.51,0.67,2927,1
SHP03895,Supplier_D,Microchips,1119,352,0.83,0.16,24,663,4147,17090.14,0.32,435,0
SHP03896,Supplier_B,Batteries,1384,454,0.73,0.13,14,2186,9057,18580.26,0.7,2774,0
SHP03897,Supplier_C,Processors,162,1861,0.8,0.35,22,1815,3499,2766.58,0.51,1959,0
SHP03898,Supplier_A,Displays,2630,1736,0.85,0.21,13,2912,1686,15670.23,0.19,518,0
SHP03899,Supplier_C,Processors,3492,757,0.91,0.05,2,299,6066,11775.43,0.17,1424,1
SHP03900,Supplier_A,Batteries,3372,966,0.76,0.19,28,2322,3833,11917.3,0.71,336,1
SHP03901,Supplier_B,Microchips,2369,70,0.76,0.04,13,1992,3245,15699.32,0.71,1952,1
SHP03902,Supplier_C,Batteries,4347,306,0.88,0.12,5,722,2185,4845.47,0.53,2115,0
SHP03903,Supplier_D,Sensors,743,448,0.81,0.17,28,2265,3464,10855.38,0.5,605,0
SHP03904,Supplier_A,Sensors,4821,1602,0.84,0.2,16,2207,9575,6727.38,0.18,1080,1
SHP03905,Supplier_C,Processors,316,100,0.94,0.34,26,1846,2521,2342.99,0.43,498,0
SHP03906,Supplier_D,Processors,295,496,0.84,0.34,17,346,1979,2549.05,0.87,2758,1
SHP03907,Supplier_C,Displays,3964,1343,0.89,0.05,16,1977,5177,3161.19,0.85,101,0
SHP03908,Supplier_C,Displays,3373,876,0.89,0.2,9,2340,4610,12490.55,0.66,115,1
SHP03909,Supplier_C,Sensors,2794,644,0.93,0.29,20,2306,8471,2563.69,1.0,378,1
SHP03910,Supplier_A,Microchips,3312,867,0.89,0.1,16,1316,6700,11617.02,0.89,1474,0
SHP03911,Supplier_D,Batteries,2855,685,0.72,0.27,19,1155,8573,11971.79,0.15,2517,0
SHP03912,Supplier_B,Displays,1621,1875,0.8,0.31,12,1507,2953,18125.98,0.4,1676,1
SHP03913,Supplier_A,Displays,1180,1335,0.99,0.24,10,1616,6546,12714.34,0.13,1062,1
SHP03914,Supplier_A,Microchips,821,1438,0.76,0.13,2,1077,1883,19718.96,0.47,477,1
SHP03915,Supplier_A,Microchips,1662,1122,0.87,0.32,10,2358,5823,1104.36,0.78,1178,0
SHP03916,Supplier_B,Processors,739,1591,0.94,0.31,29,1639,1123,14230.85,0.16,2355,1
SHP03917,Supplier_D,Batteries,4360,1702,0.87,0.26,24,2477,1525,1016.36,0.88,2279,1
SHP03918,Supplier_D,Microchips,4410,1191,0.81,0.14,13,145,3086,14722.86,0.57,1489,0
SHP03919,Supplier_D,Displays,3887,1526,0.72,0.28,3,1409,7411,8024.08,0.75,1479,0
SHP03920,Supplier_C,Displays,3836,824,0.8,0.12,12,2866,7099,12420.5,0.05,1919,1
SHP03921,Supplier_C,Sensors,189,1938,0.75,0.1,22,2094,5406,6535.99,0.09,2325,0
SHP03922,Supplier_C,Microchips,3021,1022,0.98,0.19,15,1789,5135,3602.55,0.62,853,0
SHP03923,Supplier_B,Processors,1351,1959,0.91,0.35,3,1402,9026,14608.49,0.84,1407,1
SHP03924,Supplier_C,Batteries,1202,1714,0.92,0.29,16,878,5876,18140.1,0.87,1758,0
SHP03925,Supplier_B,Processors,4803,446,0.83,0.26,22,1711,9772,4079.86,0.69,536,1
SHP03926,Supplier_D,Displays,448,732,0.73,0.17,24,1592,2993,18453.71,0.2,1917,1
SHP03927,Supplier_C,Processors,4013,1100,0.78,0.12,22,975,5525,3233.55,0.2,778,0
SHP03928,Supplier_C,Displays,4152,760,0.78,0.3,19,1198,9648,14845.41,0.88,624,1
SHP03929,Supplier_A,Displays,3041,1445,0.84,0.21,28,1856,1203,19209.18,0.11,2218,1
SHP03930,Supplier_B,Displays,345,1972,0.83,0.29,15,2717,5213,3373.73,0.69,153,1
SHP03931,Supplier_D,Displays,371,1899,0.83,0.18,22,2357,6923,8984.26,0.53,2160,0
SHP03932,Supplier_A,Displays,2130,1930,0.84,0.27,29,880,7365,7080.42,0.42,1499,0
SHP03933,Supplier_A,Sensors,4598,1170,0.99,0.31,13,1655,5992,8075.32,0.44,1383,1
SHP03934,Supplier_D,Processors,3287,578,0.79,0.15,11,599,7206,15186.22,0.95,179,0
SHP03935,Supplier_A,Sensors,3606,734,0.88,0.02,15,2797,8501,13393.18,0.86,2623,1
SHP03936,Supplier_B,Sensors,1565,662,0.77,0.1,23,2806,8459,19389.4,0.86,1968,1
SHP03937,Supplier_B,Microchips,1295,235,0.84,0.32,16,1081,3192,4116.85,0.41,1613,0
SHP03938,Supplier_C,Microchips,3187,745,0.76,0.25,6,612,6049,11093.59,0.11,2861,0
SHP03939,Supplier_A,Microchips,3108,264,0.86,0.26,3,2470,3709,9257.96,1.0,385,0
SHP03940,Supplier_C,Batteries,3923,1324,0.78,0.13,23,271,3828,18417.69,0.15,1676,1
SHP03941,Supplier_A,Microchips,1714,265,0.71,0.25,7,580,5074,707.08,0.52,1043,0
SHP03942,Supplier_B,Processors,1226,78,0.94,0.23,13,2447,6950,19788.82,0.26,327,0
SHP03943,Supplier_B,Sensors,4479,151,0.74,0.08,3,80,1068,9854.82,0.51,2076,0
SHP03944,Supplier_B,Processors,616,172,0.81,0.34,5,1431,2637,12698.02,0.3,2318,0
SHP03945,Supplier_A,Microchips,2765,103,0.84,0.14,8,71,6663,7521.02,0.9,1620,0
SHP03946,Supplier_B,Batteries,1401,1356,0.83,0.13,17,1362,9393,17124.27,0.97,2084,0
SHP03947,Supplier_A,Batteries,711,1687,0.91,0.14,2,803,9457,11458.76,0.41,623,0
SHP03948,Supplier_C,Sensors,849,1190,0.87,0.05,2,263,7251,13424.81,0.07,1850,0
SHP03949,Supplier_A,Processors,1956,665,0.79,0.23,15,761,4125,13153.64,0.66,2445,1
SHP03950,Supplier_C,Displays,499,606,0.71,0.1,12,1238,8094,7597.65,0.38,2604,0
SHP03951,Supplier_A,Processors,1626,163,0.92,0.29,13,2237,8505,1981.82,0.99,1560,0
SHP03952,Supplier_C,Microchips,2124,904,0.8,0.15,12,458,7333,16250.27,0.09,577,0
SHP03953,Supplier_B,Displays,419,1616,0.96,0.17,7,2535,1238,6149.46,0.12,1308,0
SHP03954,Supplier_C,Batteries,435,725,0.81,0.23,24,846,6046,17054.14,0.7,2419,0
SHP03955,Supplier_B,Sensors,2198,1026,0.91,0.27,13,2110,9017,12368.54,0.76,2608,0
SHP03956,Supplier_B,Sensors,273,750,0.97,0.1,22,2598,1290,7397.23,0.47,1222,1
SHP03957,Supplier_C,Batteries,4119,1366,0.89,0.34,13,1099,7464,12087.82,0.28,2581,1
SHP03958,Supplier_A,Microchips,1741,1268,0.82,0.23,11,2631,2808,13087.11,0.31,1767,0
SHP03959,Supplier_A,Batteries,600,341,0.86,0.02,9,910,1954,14280.33,0.34,2774,0
SHP03960,Supplier_D,Microchips,3746,1960,0.86,0.16,28,125,8032,16535.59,0.23,1596,1
SHP03961,Supplier_A,Displays,2463,310,0.87,0.16,21,415,2930,3615.22,0.85,1392,1
SHP03962,Supplier_D,Batteries,1956,1280,0.74,0.29,20,1564,7989,18910.82,0.07,2943,0
SHP03963,Supplier_A,Microchips,3252,613,0.9,0.12,8,890,9475,8511.39,0.41,720,0
SHP03964,Supplier_A,Displays,1996,98,0.74,0.13,15,2984,9998,17278.78,0.75,2543,1
SHP03965,Supplier_B,Batteries,1818,1079,0.7,0.04,5,1633,8779,4799.35,0.0,1531,1
SHP03966,Supplier_D,Sensors,1878,428,0.88,0.11,2,548,6130,1066.06,0.88,2020,1
SHP03967,Supplier_A,Batteries,4892,1467,0.73,0.26,28,1419,7585,11680.21,0.71,1029,1
SHP03968,Supplier_D,Processors,3157,1959,0.92,0.23,9,1830,3676,6830.99,0.07,486,0
SHP03969,Supplier_B,Batteries,4927,273,0.95,0.05,6,1301,4571,19697.01,0.89,2681,1
SHP03970,Supplier_B,Processors,2813,1096,0.97,0.06,9,748,4759,2536.84,0.49,2040,0
SHP03971,Supplier_D,Displays,3928,1057,0.89,0.14,9,2777,6121,1422.41,0.65,313,1
SHP03972,Supplier_B,Batteries,4847,706,0.84,0.27,29,2300,4786,1377.85,0.88,2544,1
SHP03973,Supplier_C,Displays,1194,159,0.8,0.29,22,2543,1941,4729.04,0.88,2191,1
SHP03974,Supplier_C,Displays,145,773,0.84,0.02,25,2615,9231,11794.23,0.41,691,0
SHP03975,Supplier_B,Microchips,1545,1885,0.76,0.13,8,181,2338,10358.49,0.24,465,0
SHP03976,Supplier_C,Displays,2296,602,0.8,0.16,20,1318,5652,7326.48,0.26,1915,1
SHP03977,Supplier_A,Displays,3301,1472,0.91,0.32,5,140,2321,2231.47,0.77,2321,0
SHP03978,Supplier_D,Batteries,555,1245,0.76,0.19,28,521,2654,5057.87,0.93,372,0
SHP03979,Supplier_A,Batteries,1762,1055,0.78,0.11,29,2038,4068,4090.87,0.07,1896,0
SHP03980,Supplier_D,Sensors,3024,747,0.92,0.15,24,1315,5738,15040.5,0.02,589,1
SHP03981,Supplier_B,Microchips,1065,775,0.75,0.16,21,551,7593,15708.95,0.82,2046,1
SHP03982,Supplier_A,Displays,1628,355,0.77,0.24,7,2858,9586,15651.77,0.39,1740,0
SHP03983,Supplier_B,Microchips,3076,1637,0.71,0.03,13,436,1791,19396.29,0.28,701,1
SHP03984,Supplier_B,Processors,3171,1655,0.91,0.15,19,1080,7676,17742.64,0.19,711,1
SHP03985,Supplier_D,Displays,4969,1781,0.88,0.23,13,1161,1743,10207.19,0.35,426,1
SHP03986,Supplier_D,Microchips,2621,1008,0.9,0.11,19,647,7524,8591.25,0.97,1806,0
SHP03987,Supplier_D,Sensors,1226,1003,0.76,0.22,4,957,7574,18357.49,0.98,446,1
SHP03988,Supplier_A,Sensors,3504,1224,0.9,0.14,11,2964,1193,12418.89,0.33,265,0
SHP03989,Supplier_C,Displays,4592,1501,0.87,0.27,8,1404,8894,6240.77,0.96,851,0
SHP03990,Supplier_D,Processors,2443,670,0.81,0.04,4,2754,5274,11507.05,0.3,1339,0
SHP03991,Supplier_D,Sensors,206,1540,0.83,0.32,29,2439,4897,19846.91,0.85,2491,1
SHP03992,Supplier_A,Sensors,2677,679,0.86,0.08,20,513,9409,17064.67,0.21,2208,0
SHP03993,Supplier_D,Processors,3254,926,0.84,0.07,14,2559,4582,5984.95,0.83,2064,1
SHP03994,Supplier_A,Microchips,4483,1680,0.89,0.3,5,1122,6083,19082.61,0.35,1309,0
SHP03995,Supplier_B,Sensors,4153,1841,0.75,0.31,11,2916,9129,19638.51,0.2,463,1
SHP03996,Supplier_D,Batteries,4901,605,0.86,0.05,7,1400,6343,5007.76,0.93,1123,1
SHP03997,Supplier_D,Sensors,314,116,0.83,0.32,2,523,8517,17964.05,0.21,1305,0
SHP03998,Supplier_B,Microchips,4539,1229,0.83,0.11,7,937,8789,17722.45,0.99,1854,1
SHP03999,Supplier_B,Microchips,4389,884,0.84,0.22,9,988,4903,1275.19,0.11,2181,1
SHP04000,Supplier_B,Displays,4353,255,0.96,0.04,29,2465,2785,13558.94,0.01,504,0
SHP04001,Supplier_D,Batteries,564,835,0.94,0.15,16,1360,8962,6452.97,0.87,1680,1
SHP04002,Supplier_C,Microchips,2472,204,0.88,0.17,9,2820,1523,13654.95,0.59,2285,0
SHP04003,Supplier_C,Processors,691,1764,0.91,0.22,23,2390,4296,18314.39,0.42,1985,0
SHP04004,Supplier_C,Batteries,2288,1582,0.71,0.19,7,1136,7956,10226.2,0.08,2175,1
SHP04005,Supplier_D,Batteries,983,1645,0.92,0.17,20,617,5479,8581.05,0.57,205,0
SHP04006,Supplier_B,Processors,4258,1147,0.84,0.34,15,923,8711,18469.86,0.39,2304,0
SHP04007,Supplier_D,Sensors,403,1122,0.79,0.08,3,2686,6685,19495.24,0.48,1922,0
SHP04008,Supplier_B,Processors,4591,832,0.74,0.07,8,309,7647,1713.61,0.63,1356,1
SHP04009,Supplier_D,Processors,433,1540,0.72,0.26,9,1706,9560,18495.54,0.64,295,0
SHP04010,Supplier_D,Sensors,2933,634,0.71,0.04,11,233,8794,2113.99,0.96,1974,0
SHP04011,Supplier_B,Sensors,4606,757,0.75,0.18,14,2244,6590,7077.08,0.66,301,0
SHP04012,Supplier_C,Sensors,2431,1984,0.71,0.18,23,1867,5383,15370.2,0.34,2256,1
SHP04013,Supplier_B,Sensors,4661,228,0.91,0.12,22,641,1398,15652.22,0.33,642,1
SHP04014,Supplier_A,Sensors,179,1121,0.77,0.33,21,1821,3151,14653.53,0.48,1861,0
SHP04015,Supplier_A,Processors,3863,1145,0.81,0.11,2,1482,6430,1262.69,0.26,140,0
SHP04016,Supplier_B,Displays,2931,162,0.94,0.12,10,1067,4880,3092.84,0.38,1187,1
SHP04017,Supplier_D,Displays,2077,806,0.73,0.1,28,2537,1126,18756.22,0.84,989,1
SHP04018,Supplier_A,Microchips,832,946,0.94,0.07,11,1531,3087,2088.5,0.86,781,0
SHP04019,Supplier_A,Displays,4076,1976,0.89,0.14,21,278,2770,2031.65,0.63,2959,1
SHP04020,Supplier_D,Displays,1917,870,0.8,0.24,3,1646,8025,16795.1,0.58,2562,0
SHP04021,Supplier_D,Processors,1484,208,0.73,0.26,21,2829,9438,13004.68,0.43,2137,0
SHP04022,Supplier_C,Sensors,2224,835,0.73,0.29,12,1418,6925,7357.29,0.64,2519,1
SHP04023,Supplier_D,Sensors,1298,1853,0.8,0.09,6,1674,4318,3731.35,0.81,1774,1
SHP04024,Supplier_B,Processors,2392,1889,0.74,0.03,19,1337,3081,17741.32,0.74,2951,1
SHP04025,Supplier_B,Displays,4317,1103,0.78,0.34,8,789,3057,19776.49,0.04,463,1
SHP04026,Supplier_C,Processors,284,1170,0.72,0.02,4,2475,6287,1474.45,0.73,1359,0
SHP04027,Supplier_A,Microchips,4227,300,0.87,0.34,17,1003,6903,11305.21,0.72,2618,1
SHP04028,Supplier_A,Sensors,1097,1592,0.74,0.29,16,2697,6335,5595.42,0.1,1995,1
SHP04029,Supplier_D,Batteries,2086,1165,0.92,0.32,9,2120,3989,16731.54,0.15,599,1
SHP04030,Supplier_B,Microchips,2909,162,0.76,0.15,21,2390,8575,7248.43,0.79,2570,1
SHP04031,Supplier_A,Microchips,4764,308,0.93,0.09,29,1340,6721,14435.27,0.56,678,1
SHP04032,Supplier_C,Processors,2457,156,0.76,0.22,28,525,8078,11020.71,0.82,1311,1
SHP04033,Supplier_C,Displays,1779,624,0.91,0.26,6,2022,1339,11059.71,0.18,2550,0
SHP04034,Supplier_B,Sensors,3139,1463,0.8,0.06,4,2548,3728,17230.99,0.03,2641,1
SHP04035,Supplier_C,Batteries,4986,1040,0.87,0.28,28,947,2591,9672.89,0.16,1846,1
SHP04036,Supplier_C,Microchips,2611,1431,0.71,0.09,6,2084,8843,16989.19,0.45,1357,0
SHP04037,Supplier_B,Batteries,3627,1856,0.84,0.18,10,334,6783,7586.82,0.52,2639,0
SHP04038,Supplier_D,Displays,3126,1272,0.74,0.3,28,1235,4161,3908.27,0.86,1045,0
SHP04039,Supplier_D,Displays,2845,476,0.84,0.08,17,639,9175,9381.81,0.72,2678,1
SHP04040,Supplier_C,Batteries,4273,1551,0.74,0.1,15,171,5629,10217.94,0.99,1435,1
SHP04041,Supplier_D,Sensors,2681,908,0.83,0.04,19,1185,7901,9828.47,0.08,2260,0
SHP04042,Supplier_D,Displays,4303,1922,0.73,0.07,8,1312,3297,16262.44,0.13,1624,1
SHP04043,Supplier_C,Batteries,2911,1576,0.76,0.07,16,2608,6450,11511.24,0.08,2491,0
SHP04044,Supplier_D,Microchips,4190,1731,0.87,0.09,27,51,8290,17824.66,0.54,457,1
SHP04045,Supplier_C,Batteries,469,967,0.98,0.11,9,941,5944,10526.62,0.27,225,1
SHP04046,Supplier_A,Batteries,3843,1646,0.83,0.29,4,848,6318,4881.94,0.68,1843,1
SHP04047,Supplier_B,Processors,2104,1193,0.9,0.32,12,678,4807,3025.17,0.13,2229,0
SHP04048,Supplier_B,Displays,1803,1646,0.86,0.15,21,1954,1012,17433.08,0.1,351,0
SHP04049,Supplier_D,Sensors,3424,1382,0.84,0.06,28,510,5034,1595.37,0.46,1676,1
SHP04050,Supplier_D,Sensors,540,1611,0.72,0.09,27,2023,6530,2793.39,0.38,481,0
SHP04051,Supplier_D,Processors,3357,676,0.74,0.26,19,1021,4433,1741.34,0.83,1904,1
SHP04052,Supplier_B,Sensors,3006,524,0.96,0.24,16,1314,5633,8762.82,0.84,2087,0
SHP04053,Supplier_A,Batteries,326,601,0.82,0.34,11,2911,3051,10886.0,0.12,816,1
SHP04054,Supplier_A,Processors,2501,393,0.88,0.02,26,103,4876,887.56,0.81,1222,0
SHP04055,Supplier_B,Microchips,4818,677,0.85,0.27,4,1540,6908,10553.93,0.56,2599,0
SHP04056,Supplier_A,Displays,1124,185,0.81,0.19,16,158,7130,8178.31,0.5,2742,1
SHP04057,Supplier_B,Displays,3591,326,0.81,0.32,26,329,7427,15586.08,0.09,123,1
SHP04058,Supplier_A,Displays,4356,1884,0.86,0.21,24,1738,2823,16684.15,0.74,452,0
SHP04059,Supplier_C,Batteries,970,1606,0.74,0.17,7,1748,4430,13856.87,0.06,2220,1
SHP04060,Supplier_C,Microchips,3299,1972,0.81,0.24,12,1130,3740,9733.16,0.28,794,1
SHP04061,Supplier_B,Processors,1845,80,0.83,0.3,29,2937,2788,4714.9,0.1,614,0
SHP04062,Supplier_A,Processors,543,296,0.99,0.11,12,2934,2952,17018.74,0.53,870,0
SHP04063,Supplier_D,Displays,4658,460,0.8,0.06,20,2301,4420,7162.55,0.65,1153,0
SHP04064,Supplier_A,Microchips,572,76,0.89,0.16,28,594,4027,7447.69,0.89,757,0
SHP04065,Supplier_C,Microchips,179,122,0.74,0.09,24,2406,4101,18362.23,0.73,1573,1
SHP04066,Supplier_C,Microchips,339,1170,0.72,0.16,28,577,6873,19524.15,0.96,1580,0
SHP04067,Supplier_A,Sensors,4752,722,0.95,0.35,4,1981,4588,18013.55,0.76,2981,0
SHP04068,Supplier_A,Sensors,689,1419,0.91,0.21,14,1058,4845,19965.58,0.3,1847,0
SHP04069,Supplier_D,Displays,1460,525,0.79,0.25,28,1291,6737,17443.72,0.55,1150,0
SHP04070,Supplier_D,Microchips,1984,1373,0.85,0.24,23,666,2417,14234.97,0.46,1479,1
SHP04071,Supplier_A,Microchips,2416,1372,0.74,0.29,9,1662,4909,6229.48,0.57,721,1
SHP04072,Supplier_A,Processors,4530,336,0.91,0.33,22,2128,5745,19082.66,0.57,118,1
SHP04073,Supplier_A,Processors,411,1958,0.72,0.24,12,149,3772,17594.22,0.7,2675,0
SHP04074,Supplier_A,Displays,1176,1522,0.92,0.18,12,2764,6175,5194.56,0.08,893,0
SHP04075,Supplier_B,Microchips,133,261,0.86,0.12,14,2901,7275,10038.67,0.75,1269,0
SHP04076,Supplier_A,Displays,1941,1149,0.78,0.14,4,1388,3249,1866.09,0.14,2002,0
SHP04077,Supplier_D,Processors,4581,450,0.95,0.13,7,544,4858,19089.52,0.03,641,0
SHP04078,Supplier_C,Processors,348,704,0.99,0.13,25,2568,2625,11668.98,0.52,716,1
SHP04079,Supplier_B,Sensors,1234,1107,0.77,0.25,11,791,3749,5281.41,0.58,2040,0
SHP04080,Supplier_A,Displays,4989,547,0.93,0.21,20,1588,3605,6201.79,0.03,1306,1
SHP04081,Supplier_C,Displays,475,897,0.92,0.09,13,783,2847,19622.8,0.52,264,0
SHP04082,Supplier_B,Microchips,823,1589,0.92,0.34,15,1706,8207,12504.48,0.53,2956,0
SHP04083,Supplier_C,Microchips,2013,1401,0.98,0.16,12,1856,9770,8703.32,0.05,1337,0
SHP04084,Supplier_A,Sensors,4397,147,0.84,0.21,28,1047,2136,10246.99,0.71,1311,1
SHP04085,Supplier_A,Batteries,2592,415,0.9,0.25,22,2428,4133,2421.73,0.21,1581,1
SHP04086,Supplier_D,Batteries,2042,1802,0.94,0.22,26,1803,2157,1962.94,0.79,1595,1
SHP04087,Supplier_A,Batteries,4104,512,0.84,0.12,27,2349,8452,12057.8,0.31,1892,1
SHP04088,Supplier_A,Displays,2444,77,0.84,0.28,11,1811,8275,10484.08,0.48,1177,0
SHP04089,Supplier_B,Displays,1431,762,0.79,0.06,4,1074,6413,7503.49,0.89,2519,1
SHP04090,Supplier_D,Processors,4688,1459,0.93,0.21,14,1532,5372,11539.22,0.81,2050,1
SHP04091,Supplier_B,Displays,437,322,0.9,0.11,29,1718,6611,1917.18,0.78,464,0
SHP04092,Supplier_C,Displays,1965,875,0.83,0.22,28,1163,2586,18907.83,0.16,218,1
SHP04093,Supplier_A,Displays,3237,1200,0.82,0.09,19,2615,3323,6227.38,0.05,508,1
SHP04094,Supplier_C,Sensors,891,251,0.72,0.27,28,1829,1233,1899.69,0.61,462,1
SHP04095,Supplier_B,Displays,3711,1594,0.7,0.1,14,2170,8916,3805.33,0.41,1057,1
SHP04096,Supplier_A,Microchips,3800,1360,0.85,0.31,25,2253,1031,2361.74,0.91,1276,1
SHP04097,Supplier_A,Microchips,1616,499,0.82,0.3,15,772,9951,3982.79,0.35,422,0
SHP04098,Supplier_B,Processors,4053,1161,0.93,0.14,15,2166,4203,8626.7,0.41,857,1
SHP04099,Supplier_B,Sensors,4008,1391,0.86,0.15,8,520,6894,14891.99,0.53,547,0
SHP04100,Supplier_B,Microchips,2773,68,0.97,0.25,13,2589,2794,5810.79,0.8,2851,1
SHP04101,Supplier_B,Sensors,2222,1666,0.76,0.05,26,2397,1761,9000.57,0.27,2856,1
SHP04102,Supplier_B,Sensors,3885,1180,0.99,0.05,5,1784,5080,18610.77,0.94,1891,0
SHP04103,Supplier_A,Processors,158,1531,0.79,0.06,17,1279,1281,6268.52,0.54,1783,0
SHP04104,Supplier_B,Sensors,2533,360,0.89,0.21,20,2810,5071,15997.04,0.84,2489,0
SHP04105,Supplier_A,Displays,2162,461,0.85,0.07,11,2848,5625,3577.43,0.53,1390,0
SHP04106,Supplier_A,Sensors,1354,791,0.8,0.11,17,2504,6978,3977.27,0.77,574,0
SHP04107,Supplier_B,Processors,3788,673,0.74,0.23,6,2677,5559,9394.98,0.05,390,0
SHP04108,Supplier_B,Processors,3848,781,0.74,0.03,28,1995,2470,5064.99,0.8,271,1
SHP04109,Supplier_D,Processors,4230,684,0.91,0.08,17,2679,4287,18109.05,0.52,1562,0
SHP04110,Supplier_A,Microchips,4357,547,0.81,0.33,2,2896,5259,1489.67,0.45,400,1
SHP04111,Supplier_B,Displays,3129,293,0.98,0.24,6,578,6706,12146.82,0.11,2296,0
SHP04112,Supplier_B,Microchips,2946,739,0.79,0.12,14,186,1510,12282.47,0.74,2807,1
SHP04113,Supplier_B,Batteries,570,626,0.99,0.03,14,2316,8961,1787.51,0.13,2845,0
SHP04114,Supplier_D,Displays,4135,1453,0.76,0.21,4,2615,9746,14785.0,0.19,2564,0
SHP04115,Supplier_D,Sensors,2999,564,0.73,0.09,18,1521,7784,9643.5,0.13,2404,1
SHP04116,Supplier_C,Processors,1546,256,0.79,0.34,20,2229,6493,14599.93,0.01,1846,0
SHP04117,Supplier_A,Batteries,4543,997,0.96,0.25,6,2085,1258,16625.04,0.66,614,1
SHP04118,Supplier_C,Displays,4889,443,0.85,0.34,6,1436,7588,6796.54,0.27,778,1
SHP04119,Supplier_B,Microchips,1012,1094,0.74,0.3,16,1417,2665,9947.47,0.15,1011,0
SHP04120,Supplier_D,Processors,4342,1878,0.76,0.18,11,1769,2865,5584.84,0.32,2352,1
SHP04121,Supplier_D,Microchips,1811,1600,0.79,0.24,13,1091,1765,4429.51,0.5,789,1
SHP04122,Supplier_C,Displays,774,1416,0.87,0.29,25,1798,9256,511.6,0.5,443,1
SHP04123,Supplier_D,Displays,1539,767,0.8,0.21,12,609,4449,19290.81,0.37,2612,0
SHP04124,Supplier_B,Batteries,2834,251,0.92,0.04,2,1614,3705,9098.11,0.49,128,1
SHP04125,Supplier_D,Sensors,3730,169,0.88,0.18,24,977,6765,754.86,0.43,2252,1
SHP04126,Supplier_C,Microchips,785,1722,0.95,0.06,22,2429,5974,674.3,0.82,2481,0
SHP04127,Supplier_B,Batteries,1226,1885,0.85,0.26,4,1823,1195,6122.88,0.03,206,0
SHP04128,Supplier_C,Processors,4316,1880,0.8,0.24,5,2416,2383,771.78,0.87,1815,1
SHP04129,Supplier_D,Sensors,2566,438,0.99,0.35,20,1850,3435,7803.04,0.24,201,0
SHP04130,Supplier_C,Batteries,2497,1610,0.8,0.23,25,1599,2450,1727.3,0.72,1385,1
SHP04131,Supplier_C,Microchips,4237,1897,0.82,0.28,21,1861,9414,1265.41,0.41,1787,0
SHP04132,Supplier_A,Displays,3538,283,0.93,0.11,4,1029,8924,13552.94,0.29,2699,0
SHP04133,Supplier_D,Processors,4224,1706,0.73,0.13,19,216,8058,18183.41,0.62,2284,1
SHP04134,Supplier_D,Microchips,1065,651,0.81,0.32,4,196,8316,8483.04,0.77,589,1
SHP04135,Supplier_C,Sensors,1019,1393,0.72,0.27,8,494,6628,16817.02,0.45,166,0
SHP04136,Supplier_A,Sensors,2972,761,0.74,0.24,23,2167,1441,1070.68,0.47,377,0
SHP04137,Supplier_D,Displays,1608,1031,0.7,0.1,27,1401,3367,15664.96,0.06,1963,0
SHP04138,Supplier_B,Displays,1312,1253,0.7,0.25,29,2930,5865,1724.6,0.92,2359,1
SHP04139,Supplier_C,Processors,971,906,0.81,0.31,22,968,8159,16849.57,0.85,1473,0
SHP04140,Supplier_D,Processors,4490,1441,0.93,0.1,25,2713,1450,17706.14,0.4,727,1
SHP04141,Supplier_B,Displays,3354,125,0.87,0.25,28,1302,8039,15826.49,0.76,2795,1
SHP04142,Supplier_D,Displays,963,698,0.88,0.15,2,1901,6198,16504.61,0.31,1270,1
SHP04143,Supplier_B,Sensors,4053,699,0.85,0.06,20,1723,9934,11448.95,0.73,464,0
SHP04144,Supplier_C,Displays,3208,545,0.94,0.27,19,368,8286,5665.26,0.52,777,0
SHP04145,Supplier_D,Batteries,3155,1595,0.96,0.08,3,85,4350,13043.0,0.46,1815,0
SHP04146,Supplier_D,Microchips,4094,1274,0.95,0.1,29,1703,3829,9071.06,0.06,2542,0
SHP04147,Supplier_A,Displays,2782,879,0.94,0.28,28,304,3613,604.06,0.97,654,1
SHP04148,Supplier_C,Processors,4790,1419,0.75,0.26,13,1386,2915,9798.1,0.84,902,0
SHP04149,Supplier_B,Batteries,713,532,0.87,0.1,18,1011,8212,13198.16,0.79,1262,0
SHP04150,Supplier_D,Processors,1972,1292,0.87,0.33,22,384,1527,770.73,0.3,523,1
SHP04151,Supplier_D,Batteries,3254,1133,0.85,0.09,22,347,5819,12616.53,0.29,1376,1
SHP04152,Supplier_B,Displays,4660,1040,0.84,0.35,4,1094,8879,13224.37,0.57,515,0
SHP04153,Supplier_C,Microchips,3473,1732,0.73,0.26,13,527,9432,3583.1,0.85,1630,0
SHP04154,Supplier_A,Processors,3291,668,0.73,0.15,29,1841,9556,8905.95,0.93,2493,1
SHP04155,Supplier_A,Batteries,667,599,0.96,0.06,26,2569,2208,19304.49,0.27,2105,0
SHP04156,Supplier_D,Sensors,4233,695,0.88,0.13,13,1011,5120,17741.69,0.61,2844,0
SHP04157,Supplier_B,Displays,344,1984,0.78,0.08,7,519,7476,8511.02,0.72,676,0
SHP04158,Supplier_D,Microchips,120,1294,0.78,0.23,11,2864,3961,7322.0,0.23,2963,1
SHP04159,Supplier_B,Displays,493,1888,0.88,0.14,23,639,5776,2919.57,0.41,2112,1
SHP04160,Supplier_A,Sensors,3914,551,0.82,0.12,27,2038,3417,1186.19,0.19,279,0
SHP04161,Supplier_C,Microchips,2155,1206,0.83,0.27,7,2889,2616,6300.52,0.7,1930,1
SHP04162,Supplier_B,Sensors,3615,895,0.72,0.1,15,2483,9911,18835.53,0.86,313,0
SHP04163,Supplier_A,Displays,2475,102,0.74,0.21,3,1619,5682,19192.96,0.88,2585,0
SHP04164,Supplier_D,Batteries,2010,499,0.81,0.08,12,495,7825,16344.13,0.67,252,1
SHP04165,Supplier_B,Displays,389,111,0.9,0.26,16,2056,2846,7341.08,0.35,1040,0
SHP04166,Supplier_C,Displays,2658,1096,0.71,0.23,27,2010,2371,3300.72,0.66,1536,1
SHP04167,Supplier_D,Displays,460,93,0.8,0.28,27,148,2466,12112.9,0.86,1246,0
SHP04168,Supplier_D,Processors,1722,869,0.9,0.04,9,704,9882,13106.85,0.63,2753,0
SHP04169,Supplier_A,Sensors,4414,1631,0.93,0.09,23,1128,1087,8779.18,0.41,2015,1
SHP04170,Supplier_B,Sensors,4194,708,0.76,0.07,14,1405,3512,13987.11,0.92,1717,1
SHP04171,Supplier_D,Sensors,2553,777,0.91,0.08,20,983,9685,15060.3,0.84,1743,1
SHP04172,Supplier_C,Processors,2115,901,0.98,0.05,11,1508,2245,15769.7,0.88,2899,1
SHP04173,Supplier_B,Batteries,2140,96,0.96,0.21,10,866,7116,10294.81,0.9,1702,0
SHP04174,Supplier_C,Displays,2144,1932,0.93,0.22,19,710,5231,15937.0,0.39,1903,0
SHP04175,Supplier_D,Batteries,2900,869,0.91,0.3,8,2329,1977,996.79,0.86,1053,0
SHP04176,Supplier_C,Processors,3070,1097,0.77,0.16,4,649,9733,13767.89,0.57,887,1
SHP04177,Supplier_A,Sensors,931,1730,0.88,0.2,13,969,7722,5094.86,0.04,1429,1
SHP04178,Supplier_C,Displays,1893,138,0.89,0.35,16,1796,5507,5775.15,0.64,1282,0
SHP04179,Supplier_B,Microchips,3792,1247,0.82,0.2,23,1808,4492,2280.38,0.47,251,1
SHP04180,Supplier_C,Microchips,1891,1649,0.84,0.21,22,1881,5925,4251.65,0.28,1008,0
SHP04181,Supplier_C,Batteries,2941,1192,0.9,0.35,14,1221,2133,19844.16,0.97,2143,1
SHP04182,Supplier_A,Sensors,4790,784,0.98,0.35,7,409,5865,8600.11,0.06,2603,0
SHP04183,Supplier_C,Microchips,2254,1741,0.79,0.16,9,2017,8769,18591.43,0.95,433,1
SHP04184,Supplier_C,Batteries,680,227,0.77,0.23,15,1490,9760,3676.54,0.16,562,0
SHP04185,Supplier_D,Processors,2953,1068,0.87,0.18,4,2969,4000,4479.15,0.38,1592,0
SHP04186,Supplier_D,Batteries,2336,1905,0.74,0.26,17,1769,8666,11377.36,0.42,1970,1
SHP04187,Supplier_B,Batteries,4276,1997,0.87,0.33,19,1626,7704,7315.88,0.73,1149,1
SHP04188,Supplier_D,Batteries,2255,1415,0.73,0.12,25,605,8365,13056.35,0.22,905,0
SHP04189,Supplier_D,Displays,1444,1641,0.84,0.29,18,1283,7632,8729.91,0.99,538,0
SHP04190,Supplier_D,Batteries,445,1132,0.88,0.24,19,2347,2767,16326.15,0.75,2244,0
SHP04191,Supplier_D,Batteries,1986,950,0.72,0.11,11,1585,3074,8915.4,0.79,493,1
SHP04192,Supplier_A,Displays,654,487,0.76,0.28,18,2693,2141,11660.81,0.11,366,0
SHP04193,Supplier_D,Displays,3870,1501,0.8,0.16,17,2236,2077,6760.93,0.48,2022,1
SHP04194,Supplier_A,Processors,4497,475,0.81,0.06,22,1039,5599,14228.8,0.95,1658,1
SHP04195,Supplier_A,Sensors,299,1017,0.9,0.35,25,959,7120,13267.32,0.27,2977,0
SHP04196,Supplier_D,Microchips,3040,1454,0.85,0.16,3,2011,9343,8241.52,0.15,1321,0
SHP04197,Supplier_C,Microchips,3590,535,0.81,0.2,21,61,5832,5882.63,0.49,2268,1
SHP04198,Supplier_A,Batteries,406,1805,0.83,0.29,5,1029,9670,12475.04,0.93,2572,0
SHP04199,Supplier_C,Processors,3175,1258,0.7,0.34,12,322,2685,18891.46,0.49,1984,0
SHP04200,Supplier_C,Batteries,1756,1632,0.92,0.31,28,537,4491,3086.54,0.4,2151,1
SHP04201,Supplier_D,Microchips,2792,509,0.71,0.19,8,2047,2371,16082.77,0.65,742,1
SHP04202,Supplier_B,Displays,1864,1962,0.94,0.2,18,1098,6459,11088.34,0.94,2966,1
SHP04203,Supplier_D,Sensors,375,970,0.86,0.11,26,587,4423,10748.41,0.05,282,0
SHP04204,Supplier_B,Processors,3461,1175,0.85,0.17,20,1738,4976,19252.84,0.15,2646,1
SHP04205,Supplier_B,Displays,1501,1629,0.9,0.33,7,1645,2398,12314.56,0.13,2219,0
SHP04206,Supplier_D,Sensors,4833,1088,0.95,0.26,11,637,6361,16695.1,0.09,2217,1
SHP04207,Supplier_D,Processors,1875,797,0.97,0.02,22,2885,2401,10532.31,0.3,2728,0
SHP04208,Supplier_B,Processors,3481,1946,0.86,0.06,5,1793,2412,5372.14,0.23,1899,1
SHP04209,Supplier_D,Microchips,4150,100,0.74,0.32,26,1740,7430,14042.56,0.55,222,0
SHP04210,Supplier_B,Displays,3560,358,0.95,0.3,28,1765,4230,18501.95,0.33,491,0
SHP04211,Supplier_C,Processors,1980,1107,0.71,0.18,29,1667,8521,16903.99,0.41,1014,1
SHP04212,Supplier_D,Processors,3935,1709,0.93,0.22,26,1083,6849,4368.09,0.94,2515,1
SHP04213,Supplier_C,Sensors,4378,1054,0.9,0.12,2,292,7056,6679.34,0.16,557,0
SHP04214,Supplier_A,Microchips,1944,1662,0.96,0.28,8,1251,5722,10579.17,0.39,2330,0
SHP04215,Supplier_C,Batteries,3477,1977,0.96,0.22,27,2895,9109,11646.26,0.26,2659,0
SHP04216,Supplier_C,Microchips,171,684,0.72,0.25,26,306,2264,4279.38,0.55,2076,1
SHP04217,Supplier_B,Batteries,1776,254,0.88,0.14,22,2092,3259,4985.24,0.74,1195,0
SHP04218,Supplier_C,Displays,1395,789,0.74,0.16,17,359,1362,15297.21,0.82,2871,1
SHP04219,Supplier_D,Displays,1143,1143,0.72,0.09,18,2613,7276,14741.19,0.52,1898,1
SHP04220,Supplier_B,Processors,2725,1303,0.83,0.33,25,1288,7420,16864.57,0.85,145,1
SHP04221,Supplier_A,Displays,3142,1553,0.73,0.33,6,1138,6384,18692.13,0.79,692,0
SHP04222,Supplier_D,Processors,914,582,0.91,0.29,23,685,7748,6511.09,0.16,872,1
SHP04223,Supplier_A,Microchips,2294,157,0.98,0.33,24,846,8831,17262.1,0.25,581,0
SHP04224,Supplier_C,Displays,3600,925,0.87,0.24,11,1226,1666,13487.23,0.67,1532,1
SHP04225,Supplier_D,Microchips,409,1314,0.77,0.1,8,2137,3812,19176.52,0.97,1298,1
SHP04226,Supplier_D,Microchips,2161,300,0.94,0.27,14,1774,3475,5805.45,0.38,1550,1
SHP04227,Supplier_A,Displays,4327,184,0.95,0.13,29,1849,7973,5758.59,0.23,754,1
SHP04228,Supplier_D,Microchips,1977,1163,0.91,0.17,8,2678,4100,14233.72,0.87,1794,0
SHP04229,Supplier_D,Displays,2902,1664,0.88,0.11,16,2098,4401,18604.01,0.2,2384,1
SHP04230,Supplier_D,Displays,2586,1513,0.95,0.16,18,128,6015,16578.84,0.7,2834,0
SHP04231,Supplier_C,Displays,4935,738,0.75,0.24,24,1400,3551,14677.27,0.03,1263,1
SHP04232,Supplier_A,Batteries,3845,1371,0.97,0.06,28,669,3151,8052.53,0.02,163,1
SHP04233,Supplier_D,Microchips,894,456,0.97,0.05,4,2598,7637,14496.46,0.45,2426,0
SHP04234,Supplier_B,Sensors,4114,1381,0.95,0.25,6,1548,1387,16121.36,0.66,149,1
SHP04235,Supplier_B,Displays,4453,151,0.77,0.28,11,1428,6864,15189.07,0.14,314,1
SHP04236,Supplier_B,Microchips,3507,1434,0.95,0.2,6,1197,4161,13697.81,0.76,1760,0
SHP04237,Supplier_B,Processors,2556,1920,0.84,0.08,25,1027,3380,1419.06,0.13,2183,1
SHP04238,Supplier_C,Displays,1951,1697,0.87,0.16,8,1497,9568,13364.44,0.53,1774,1
SHP04239,Supplier_D,Displays,1074,742,0.94,0.27,8,1587,5335,9826.75,0.31,2578,0
SHP04240,Supplier_A,Sensors,1147,1689,0.71,0.25,23,1807,2280,19250.6,0.75,604,1
SHP04241,Supplier_D,Batteries,4466,1601,0.81,0.06,24,2583,1743,12340.2,0.8,1691,1
SHP04242,Supplier_C,Batteries,4337,1681,0.94,0.34,15,527,8356,12360.43,0.07,348,1
SHP04243,Supplier_B,Displays,3889,1366,0.94,0.09,24,1944,4486,19884.08,0.19,833,0
SHP04244,Supplier_C,Microchips,3121,1219,0.95,0.09,16,2430,9023,2324.96,0.89,1960,1
SHP04245,Supplier_D,Processors,4469,453,0.75,0.17,6,1682,2068,5888.17,0.42,2952,1
SHP04246,Supplier_A,Processors,4129,863,0.9,0.13,6,1305,7971,13293.55,0.48,567,1
SHP04247,Supplier_C,Microchips,564,1075,0.74,0.34,5,2090,8526,6647.11,0.17,2908,0
SHP04248,Supplier_A,Displays,387,1192,0.93,0.05,21,1615,9534,7249.93,0.99,609,0
SHP04249,Supplier_C,Processors,3295,904,0.77,0.12,22,79,1630,17906.58,0.92,1563,0
SHP04250,Supplier_A,Batteries,975,1679,0.91,0.15,27,776,1297,11797.4,0.0,2873,0
SHP04251,Supplier_A,Microchips,2092,1264,0.83,0.18,10,222,9148,2505.88,0.55,2957,1
SHP04252,Supplier_B,Sensors,3025,1076,0.99,0.03,28,2889,9889,6561.82,0.87,1913,1
SHP04253,Supplier_A,Displays,1220,991,0.87,0.05,13,517,6316,1983.14,0.43,1609,1
SHP04254,Supplier_B,Microchips,546,1070,0.88,0.11,17,2025,2505,11344.53,0.44,265,0
SHP04255,Supplier_D,Processors,2932,1560,0.81,0.2,23,2820,3825,3878.73,0.38,1179,0
SHP04256,Supplier_D,Displays,3668,1696,0.91,0.27,9,2494,9570,17213.75,0.03,1501,0
SHP04257,Supplier_B,Batteries,2996,226,0.84,0.25,10,174,9897,11757.62,0.79,2993,0
SHP04258,Supplier_B,Displays,821,1330,0.71,0.21,13,2793,3414,1657.83,0.46,1518,0
SHP04259,Supplier_C,Displays,2263,922,0.88,0.15,21,2624,6656,6367.08,0.53,1514,0
SHP04260,Supplier_C,Batteries,2682,1607,0.94,0.31,29,1596,9962,12518.58,0.26,1475,1
SHP04261,Supplier_C,Batteries,1451,526,0.77,0.17,8,1469,6147,7042.22,0.78,2693,0
SHP04262,Supplier_D,Displays,4080,447,0.76,0.12,22,1927,5444,10506.95,0.79,162,0
SHP04263,Supplier_C,Batteries,4602,1569,0.88,0.23,5,1076,8547,18232.56,0.55,2849,0
SHP04264,Supplier_A,Microchips,3484,269,0.94,0.25,29,585,2446,7325.7,0.9,654,1
SHP04265,Supplier_A,Batteries,1825,222,0.77,0.15,24,650,3402,7049.52,0.12,2754,1
SHP04266,Supplier_C,Batteries,793,785,0.97,0.03,4,1037,6642,16485.26,0.79,2295,0
SHP04267,Supplier_A,Displays,3513,1463,0.97,0.05,2,655,2826,6715.75,0.56,1642,0
SHP04268,Supplier_D,Microchips,594,551,0.76,0.3,8,2797,8918,2020.19,0.23,1849,0
SHP04269,Supplier_A,Sensors,1047,1650,0.78,0.04,10,188,4847,4028.43,0.13,407,0
SHP04270,Supplier_D,Sensors,122,1862,0.9,0.22,3,2107,2092,19001.6,0.3,1928,0
SHP04271,Supplier_B,Processors,1228,810,0.98,0.08,8,1604,5677,18699.21,0.86,197,0
SHP04272,Supplier_B,Batteries,657,1333,0.91,0.1,11,179,2720,4883.84,0.79,1425,0
SHP04273,Supplier_B,Batteries,1716,180,0.83,0.11,3,450,1882,11293.29,0.65,1165,0
SHP04274,Supplier_B,Microchips,3830,1186,0.75,0.03,14,1294,1123,3178.68,0.09,2463,1
SHP04275,Supplier_A,Sensors,1756,847,0.83,0.08,4,691,4490,13656.21,0.95,853,1
SHP04276,Supplier_C,Processors,4273,848,0.88,0.23,14,486,6797,4113.46,0.31,1882,1
SHP04277,Supplier_A,Microchips,906,979,0.8,0.18,11,1473,1602,1470.91,0.61,2737,1
SHP04278,Supplier_D,Batteries,3412,772,0.85,0.28,13,1186,4831,16585.49,0.8,1759,0
SHP04279,Supplier_A,Sensors,4963,1093,0.74,0.04,27,1525,6460,6845.31,0.13,2124,0
SHP04280,Supplier_A,Processors,553,264,0.83,0.31,4,1628,9496,2616.19,0.65,1155,1
SHP04281,Supplier_D,Displays,3075,1383,0.73,0.35,29,107,7946,16761.13,0.03,778,1
SHP04282,Supplier_B,Sensors,2424,1324,0.71,0.03,21,1186,4228,15366.75,0.1,1405,1
SHP04283,Supplier_B,Processors,1547,537,0.95,0.34,7,749,7508,13833.29,0.72,1889,0
SHP04284,Supplier_B,Microchips,2661,1455,0.76,0.1,4,1195,3313,18269.35,0.16,2828,1
SHP04285,Supplier_C,Displays,2611,1482,0.87,0.25,26,2505,4289,10039.91,0.44,2540,0
SHP04286,Supplier_D,Processors,2971,1344,0.74,0.12,3,1533,7996,2997.1,0.25,2843,0
SHP04287,Supplier_D,Processors,462,1480,0.78,0.19,24,1158,5844,1696.25,0.42,1688,1
SHP04288,Supplier_A,Batteries,3554,1765,0.8,0.19,23,1691,3198,6709.6,0.08,2996,1
SHP04289,Supplier_C,Sensors,2898,1267,0.74,0.14,15,449,9877,2193.2,0.75,1047,1
SHP04290,Supplier_B,Batteries,4720,1514,0.71,0.26,16,2453,5235,10942.43,0.08,1199,1
SHP04291,Supplier_C,Displays,3553,362,0.95,0.22,19,2196,9246,782.73,0.84,1081,1
SHP04292,Supplier_D,Processors,3355,128,0.7,0.19,28,1594,4212,9153.38,0.66,506,1
SHP04293,Supplier_D,Batteries,1317,229,0.72,0.34,20,2615,5169,3979.98,0.42,2421,1
SHP04294,Supplier_A,Sensors,1585,1053,0.93,0.33,23,157,4206,7681.23,0.87,2888,0
SHP04295,Supplier_A,Displays,2203,724,0.78,0.34,11,2034,1641,13663.16,0.19,648,1
SHP04296,Supplier_D,Microchips,2636,1787,0.91,0.31,21,2047,5839,7343.79,0.26,1770,0
SHP04297,Supplier_B,Batteries,1955,63,0.74,0.1,18,201,7169,7156.13,0.14,2208,1
SHP04298,Supplier_B,Displays,4917,908,0.77,0.14,18,955,8655,19819.64,0.38,612,0
SHP04299,Supplier_C,Microchips,1307,295,0.87,0.1,20,899,1061,14516.89,0.99,1183,0
SHP04300,Supplier_D,Batteries,1548,1087,0.99,0.35,25,2846,2223,10520.3,0.16,1001,0
SHP04301,Supplier_D,Displays,1607,148,0.72,0.07,28,2042,1492,11797.83,0.83,2527,0
SHP04302,Supplier_B,Displays,1103,82,0.82,0.14,5,76,7822,12593.56,0.65,1962,0
SHP04303,Supplier_B,Batteries,1025,1509,0.71,0.09,12,168,7611,979.22,0.02,2494,0
SHP04304,Supplier_D,Displays,183,306,0.76,0.09,18,772,2139,2065.16,0.94,1899,1
SHP04305,Supplier_A,Processors,3842,83,0.96,0.1,25,2197,6490,13159.19,0.97,2546,0
SHP04306,Supplier_D,Batteries,4027,68,0.73,0.23,11,52,7794,7607.14,0.92,106,1
SHP04307,Supplier_D,Displays,1642,1737,0.95,0.05,23,855,2255,1581.16,0.5,1514,1
SHP04308,Supplier_B,Microchips,1085,1333,0.75,0.21,18,2042,3495,6301.51,0.22,1028,1
SHP04309,Supplier_B,Microchips,4331,1749,0.95,0.29,13,1179,4285,3040.53,0.39,2076,1
SHP04310,Supplier_A,Processors,1008,638,0.86,0.27,11,1303,3255,18368.12,0.61,1258,1
SHP04311,Supplier_A,Batteries,3008,1899,0.95,0.07,11,353,2125,4457.05,0.38,1143,1
SHP04312,Supplier_C,Displays,4785,1489,0.74,0.32,7,226,4881,3301.98,0.71,2474,1
SHP04313,Supplier_D,Displays,2837,186,0.92,0.27,18,133,5105,12710.29,0.8,1557,1
SHP04314,Supplier_B,Microchips,2686,408,0.9,0.02,27,312,2146,10677.28,0.21,753,1
SHP04315,Supplier_A,Processors,1243,1793,0.86,0.26,27,1269,1786,11730.68,0.4,1497,1
SHP04316,Supplier_C,Microchips,1431,803,0.94,0.26,20,2555,1258,9000.99,0.96,2290,1
SHP04317,Supplier_C,Microchips,3448,1652,0.89,0.18,3,2506,4849,9609.8,0.25,2541,0
SHP04318,Supplier_B,Processors,1653,1189,0.95,0.04,5,2303,7430,15686.55,0.35,582,1
SHP04319,Supplier_B,Batteries,2442,453,0.81,0.21,19,2917,7174,4788.48,0.04,1760,1
SHP04320,Supplier_C,Displays,1906,1275,0.87,0.27,28,851,5616,8232.32,0.33,2638,1
SHP04321,Supplier_A,Batteries,2200,1449,0.95,0.11,22,944,9180,19177.6,0.37,1050,1
SHP04322,Supplier_C,Sensors,905,299,0.76,0.24,5,922,1715,4204.72,0.1,511,1
SHP04323,Supplier_D,Sensors,4247,495,0.84,0.14,7,437,2643,6228.59,0.0,453,0
SHP04324,Supplier_D,Sensors,2875,1003,0.98,0.21,15,1885,1123,4235.56,0.58,2579,1
SHP04325,Supplier_B,Processors,171,327,0.84,0.15,8,2991,2773,899.66,0.3,102,0
SHP04326,Supplier_A,Microchips,127,161,0.77,0.12,13,2864,3177,5761.68,0.02,230,0
SHP04327,Supplier_A,Batteries,568,1916,0.8,0.3,3,2053,7889,1406.12,0.86,1198,0
SHP04328,Supplier_D,Displays,4083,1546,0.96,0.27,19,1081,2503,3516.36,0.58,1447,1
SHP04329,Supplier_C,Sensors,863,795,0.98,0.13,25,1699,6661,7572.3,0.17,2073,0
SHP04330,Supplier_B,Batteries,1524,737,0.98,0.16,14,1590,8094,904.06,0.87,1123,0
SHP04331,Supplier_C,Sensors,2348,441,0.9,0.25,14,499,3124,15182.65,0.25,259,1
SHP04332,Supplier_C,Sensors,3932,1018,0.85,0.29,26,391,4254,16013.99,0.23,2164,1
SHP04333,Supplier_C,Displays,4160,192,0.75,0.25,6,1146,3413,8522.57,0.89,1518,0
SHP04334,Supplier_A,Processors,4170,1105,0.74,0.2,8,909,5387,19700.99,0.18,455,1
SHP04335,Supplier_D,Microchips,1775,230,0.72,0.33,13,2218,7089,13740.38,0.88,1155,1
SHP04336,Supplier_A,Processors,659,628,0.71,0.28,26,351,6833,15002.57,0.8,2630,0
SHP04337,Supplier_D,Batteries,4574,1589,0.95,0.06,15,2981,1156,4249.86,0.31,2009,1
SHP04338,Supplier_B,Processors,3931,847,0.93,0.2,2,2069,6003,16830.03,0.03,1747,1
SHP04339,Supplier_B,Batteries,2018,318,0.86,0.16,25,930,6753,18928.4,0.08,2757,0
SHP04340,Supplier_C,Batteries,178,1309,0.99,0.28,11,2331,1917,5108.05,0.11,2920,0
SHP04341,Supplier_D,Microchips,3747,1350,0.98,0.03,27,115,7253,13886.05,0.89,956,1
SHP04342,Supplier_D,Displays,1131,602,0.89,0.16,26,279,2702,15065.35,0.4,895,0
SHP04343,Supplier_D,Microchips,2172,682,0.83,0.13,10,971,2665,6450.8,0.03,901,0
SHP04344,Supplier_C,Processors,4645,324,0.74,0.07,11,1882,6389,9762.68,0.56,441,0
SHP04345,Supplier_C,Batteries,1584,792,0.85,0.15,8,100,8163,2402.01,0.21,505,0
SHP04346,Supplier_B,Sensors,2345,1889,0.75,0.24,17,2756,6807,3875.35,0.24,1496,1
SHP04347,Supplier_A,Sensors,1650,135,0.82,0.14,29,436,3111,1700.63,0.16,1409,1
SHP04348,Supplier_D,Batteries,4885,1136,0.97,0.21,29,1111,4714,11423.23,0.76,2707,0
SHP04349,Supplier_D,Microchips,4782,453,0.8,0.22,13,802,7983,12692.63,0.0,676,0
SHP04350,Supplier_A,Displays,1929,241,0.74,0.21,13,1246,6110,18364.33,0.44,320,0
SHP04351,Supplier_D,Microchips,3851,1366,0.87,0.19,27,2590,3397,11072.6,0.09,2294,0
SHP04352,Supplier_C,Batteries,4822,1104,0.87,0.06,20,1841,6454,5581.92,0.55,1303,1
SHP04353,Supplier_C,Batteries,2131,1403,0.76,0.09,14,1528,2555,1659.73,0.35,1633,0
SHP04354,Supplier_D,Displays,4559,1731,0.76,0.28,22,2138,5502,17756.58,0.03,1420,0
SHP04355,Supplier_C,Processors,3956,156,0.99,0.19,19,1994,1343,9837.73,0.46,1472,1
SHP04356,Supplier_C,Processors,2282,1944,0.77,0.25,28,1202,2544,14877.78,0.57,590,1
SHP04357,Supplier_D,Displays,4569,671,0.94,0.21,27,1127,4996,785.66,0.25,2500,1
SHP04358,Supplier_B,Processors,2194,325,0.84,0.03,4,2183,7848,10018.71,0.77,1110,1
SHP04359,Supplier_A,Sensors,4003,1795,0.83,0.28,27,2393,9230,6851.59,0.37,2228,0
SHP04360,Supplier_C,Processors,3132,700,0.79,0.04,8,1288,5382,1091.46,0.75,969,1
SHP04361,Supplier_B,Processors,1648,1671,0.92,0.33,2,474,9046,15625.62,0.58,2852,1
SHP04362,Supplier_C,Processors,467,605,0.96,0.09,4,2286,5986,10501.58,0.87,2581,0
SHP04363,Supplier_C,Sensors,164,1155,0.78,0.19,22,210,4423,6997.01,0.55,1932,0
SHP04364,Supplier_A,Processors,3399,1137,0.73,0.04,28,2810,1235,16213.07,0.19,1246,1
SHP04365,Supplier_C,Sensors,4949,1963,0.74,0.32,15,1614,8993,9215.01,0.82,839,1
SHP04366,Supplier_A,Displays,2135,1928,0.93,0.34,5,2478,6224,568.21,0.78,609,0
SHP04367,Supplier_A,Microchips,2963,1906,0.83,0.07,20,293,2230,18916.73,0.97,693,1
SHP04368,Supplier_A,Displays,1976,616,0.74,0.12,23,232,1238,5485.81,0.09,2627,0
SHP04369,Supplier_B,Microchips,4951,635,0.8,0.03,29,593,5924,16696.22,0.59,854,1
SHP04370,Supplier_D,Displays,2328,934,0.85,0.28,7,2876,1051,16420.1,0.49,1562,1
SHP04371,Supplier_B,Microchips,696,178,0.95,0.12,21,1621,2056,3666.29,0.67,2874,1
SHP04372,Supplier_D,Microchips,3706,305,0.89,0.21,10,142,9213,9743.05,0.98,1297,1
SHP04373,Supplier_D,Batteries,2774,983,0.75,0.03,12,2465,9498,1283.88,0.53,445,0
SHP04374,Supplier_A,Microchips,3989,280,0.75,0.26,23,208,8609,7413.76,0.69,204,1
SHP04375,Supplier_C,Microchips,3606,1570,0.82,0.19,16,2495,3609,14754.09,0.35,1692,0
SHP04376,Supplier_A,Batteries,1934,1210,0.72,0.26,10,487,4600,5122.85,0.3,887,1
SHP04377,Supplier_C,Processors,1495,912,0.92,0.28,12,2470,2965,2783.99,0.34,1578,0
SHP04378,Supplier_D,Processors,1686,1528,0.82,0.05,27,355,7532,10388.91,0.04,1417,0
SHP04379,Supplier_A,Batteries,211,1986,0.8,0.21,11,2023,4578,10971.23,0.28,2942,0
SHP04380,Supplier_C,Sensors,552,404,0.85,0.23,3,1031,6561,13678.66,0.17,492,0
SHP04381,Supplier_B,Microchips,2903,1697,0.91,0.19,23,2426,3543,15303.19,0.46,2343,1
SHP04382,Supplier_C,Microchips,2731,1558,0.87,0.08,15,1938,1504,14068.29,0.46,2132,0
SHP04383,Supplier_A,Batteries,2286,1893,0.93,0.28,5,392,9328,16985.54,0.77,2569,1
SHP04384,Supplier_B,Batteries,4448,195,0.88,0.35,3,2821,6084,4846.68,0.5,1600,1
SHP04385,Supplier_C,Sensors,2104,1106,0.93,0.34,6,1938,5014,11610.45,0.46,980,1
SHP04386,Supplier_C,Processors,1559,309,0.9,0.28,15,1951,7307,7521.86,0.23,317,0
SHP04387,Supplier_C,Displays,2042,136,0.76,0.16,16,2255,4614,19261.19,0.85,2300,0
SHP04388,Supplier_C,Processors,3593,892,0.72,0.13,20,1183,6142,9085.45,0.09,1905,1
SHP04389,Supplier_C,Microchips,1957,314,0.96,0.04,7,2447,7071,19214.42,0.98,2184,1
SHP04390,Supplier_B,Batteries,161,1905,0.97,0.16,28,2823,5806,15496.78,0.48,789,0
SHP04391,Supplier_D,Sensors,1594,1615,0.91,0.07,16,414,1506,14510.05,0.19,1471,0
SHP04392,Supplier_B,Processors,1280,441,0.91,0.1,15,1970,5003,10085.49,0.35,811,0
SHP04393,Supplier_B,Sensors,2888,281,0.78,0.31,9,2112,9899,9145.87,0.02,2094,0
SHP04394,Supplier_B,Processors,1975,950,0.86,0.34,21,2250,8611,10767.69,0.17,2457,0
SHP04395,Supplier_D,Microchips,2308,637,0.99,0.33,13,581,2707,6225.84,0.34,1760,0
SHP04396,Supplier_A,Displays,4736,496,0.95,0.08,5,1125,9493,18137.94,0.55,1922,1
SHP04397,Supplier_D,Sensors,4821,1202,0.79,0.32,22,904,3444,15989.45,0.13,2397,0
SHP04398,Supplier_B,Sensors,205,1344,0.79,0.07,7,518,9509,16127.22,0.68,1502,0
SHP04399,Supplier_C,Displays,1254,1162,0.84,0.19,12,1394,6906,8946.5,0.84,1041,1
SHP04400,Supplier_C,Sensors,3528,515,0.82,0.23,24,928,3955,1886.23,0.57,2887,1
SHP04401,Supplier_B,Sensors,4187,983,0.81,0.17,23,2693,3927,13820.01,0.3,2772,0
SHP04402,Supplier_C,Processors,1808,1243,0.88,0.33,8,416,1857,7801.06,0.12,191,1
SHP04403,Supplier_B,Processors,2923,177,0.7,0.13,26,2052,3720,17473.39,0.02,1565,1
SHP04404,Supplier_C,Displays,4025,1247,0.92,0.19,5,690,4022,15716.6,0.73,1804,0
SHP04405,Supplier_D,Microchips,2008,1099,0.91,0.04,27,911,9868,3333.9,0.63,2722,0
SHP04406,Supplier_A,Sensors,2149,622,0.94,0.3,16,2991,1378,12233.46,0.48,2631,0
SHP04407,Supplier_A,Microchips,4564,560,0.94,0.16,2,1484,9408,13998.17,0.1,2981,1
SHP04408,Supplier_D,Displays,1374,537,0.86,0.25,10,638,7058,11578.68,0.21,2449,0
SHP04409,Supplier_D,Displays,1045,940,0.93,0.25,24,1379,8418,10523.82,0.82,587,0
SHP04410,Supplier_B,Processors,4004,628,0.84,0.24,21,141,5963,4943.33,0.48,583,1
SHP04411,Supplier_B,Sensors,2327,999,0.98,0.19,27,507,5851,5100.18,0.96,747,0
SHP04412,Supplier_B,Batteries,3896,455,0.76,0.11,9,1125,3989,15476.16,1.0,650,1
SHP04413,Supplier_C,Displays,392,1099,0.97,0.23,13,1934,4830,864.45,0.8,2044,0
SHP04414,Supplier_B,Sensors,4779,1156,0.77,0.34,8,1194,6403,15688.75,0.26,2610,1
SHP04415,Supplier_D,Microchips,2322,413,0.73,0.3,29,2044,7850,10772.58,0.23,1473,1
SHP04416,Supplier_A,Processors,4073,1440,0.83,0.06,19,1964,2939,18756.34,0.25,402,0
SHP04417,Supplier_C,Microchips,2591,1133,0.88,0.03,2,2089,5694,19947.77,0.99,517,0
SHP04418,Supplier_B,Displays,2575,600,0.77,0.18,10,1565,8325,13437.95,0.34,2215,1
SHP04419,Supplier_C,Displays,4960,1708,0.86,0.28,8,1453,8715,8539.02,0.71,2204,1
SHP04420,Supplier_C,Microchips,3829,341,0.93,0.12,15,436,9427,9764.18,0.96,1593,1
SHP04421,Supplier_B,Displays,527,838,0.77,0.25,27,2031,8627,4482.2,0.82,1276,1
SHP04422,Supplier_C,Sensors,3072,1959,0.87,0.33,2,1680,5195,2435.07,0.6,300,1
SHP04423,Supplier_A,Displays,206,865,0.8,0.17,14,1734,3786,11785.89,0.17,2746,0
SHP04424,Supplier_D,Processors,3719,1867,0.85,0.1,21,1362,2377,16207.15,0.17,929,0
SHP04425,Supplier_D,Sensors,4854,240,0.89,0.32,16,1842,3755,5604.45,0.49,1371,0
SHP04426,Supplier_A,Batteries,3433,510,0.8,0.18,6,420,3083,8683.23,0.95,1237,0
SHP04427,Supplier_C,Displays,4092,1877,0.99,0.15,6,2281,5409,11318.09,0.9,1501,0
SHP04428,Supplier_B,Displays,1325,713,0.86,0.14,15,821,7570,18204.01,0.17,1839,0
SHP04429,Supplier_C,Processors,4104,1969,0.94,0.16,15,1735,5612,3203.31,0.29,2282,1
SHP04430,Supplier_A,Processors,4350,282,0.91,0.24,15,254,7107,5119.22,0.59,873,1
SHP04431,Supplier_C,Microchips,3468,523,0.95,0.16,6,1003,5104,18411.34,0.48,1049,0
SHP04432,Supplier_D,Microchips,995,1478,0.75,0.13,12,2269,4549,1270.94,0.12,1246,0
SHP04433,Supplier_C,Microchips,4005,707,0.76,0.27,20,874,5152,13294.25,0.37,2742,1
SHP04434,Supplier_A,Processors,1720,320,0.84,0.09,6,271,8657,12970.75,0.95,2360,0
SHP04435,Supplier_D,Microchips,3963,1920,0.95,0.09,5,1241,6478,7973.46,0.95,886,0
SHP04436,Supplier_C,Microchips,2392,1207,0.76,0.25,16,1129,3641,9629.21,0.56,2649,1
SHP04437,Supplier_C,Batteries,1485,220,0.98,0.31,22,1648,6025,17170.9,0.64,1398,0
SHP04438,Supplier_D,Microchips,3999,1488,0.74,0.1,8,2712,8764,3717.15,0.22,1359,0
SHP04439,Supplier_B,Displays,3692,77,0.75,0.08,6,1958,3112,5015.57,0.74,1669,1
SHP04440,Supplier_D,Processors,2533,185,0.75,0.24,16,216,4500,10490.83,0.05,270,0
SHP04441,Supplier_B,Sensors,2906,974,0.87,0.22,15,1592,6987,8490.04,0.22,1776,1
SHP04442,Supplier_A,Batteries,3483,454,0.97,0.17,25,191,8624,11700.26,0.01,2567,1
SHP04443,Supplier_A,Processors,1401,1026,0.77,0.05,25,2222,2629,18456.36,0.39,1220,1
SHP04444,Supplier_D,Processors,858,937,0.86,0.05,4,139,8361,18383.49,0.85,2971,0
SHP04445,Supplier_D,Displays,846,1578,0.75,0.28,6,360,7260,4985.36,0.98,2168,1
SHP04446,Supplier_A,Microchips,692,1314,0.88,0.17,13,1444,7922,6391.82,0.67,2437,0
SHP04447,Supplier_B,Displays,2986,905,0.74,0.3,21,2313,8166,3660.34,0.74,2769,1
SHP04448,Supplier_A,Microchips,4211,493,0.84,0.21,15,1259,1478,18591.91,0.26,1916,1
SHP04449,Supplier_D,Microchips,1168,483,0.89,0.22,6,932,2310,8258.35,0.52,1205,0
SHP04450,Supplier_A,Processors,3407,1301,0.87,0.33,25,810,3143,9269.25,0.74,2254,0
SHP04451,Supplier_D,Microchips,802,558,0.74,0.07,5,2193,1413,16151.5,0.5,1902,0
SHP04452,Supplier_D,Batteries,4808,1872,0.75,0.2,22,2807,4936,10502.98,0.09,1910,1
SHP04453,Supplier_A,Batteries,204,1376,0.89,0.04,17,1409,9187,2835.23,0.74,2836,0
SHP04454,Supplier_B,Batteries,1597,83,0.93,0.14,8,1588,2394,9038.05,0.22,2053,0
SHP04455,Supplier_C,Processors,3933,1075,0.96,0.07,4,198,3623,12795.22,0.1,2021,0
SHP04456,Supplier_A,Displays,495,411,0.94,0.08,23,764,3290,14524.58,0.48,2433,0
SHP04457,Supplier_C,Sensors,3617,1268,0.98,0.33,26,2980,1638,13084.36,0.07,720,1
SHP04458,Supplier_A,Microchips,2753,655,0.82,0.22,28,1475,1352,2824.02,0.63,1673,1
SHP04459,Supplier_C,Sensors,3391,1913,0.8,0.31,5,1767,1139,6434.72,0.64,2930,1
SHP04460,Supplier_B,Displays,2110,1381,0.71,0.17,21,1404,9443,14804.51,0.26,827,1
SHP04461,Supplier_B,Displays,3981,1720,0.83,0.22,23,1300,9860,17663.71,0.96,2975,1
SHP04462,Supplier_A,Processors,2088,765,0.89,0.03,7,1877,4842,1420.14,0.82,231,0
SHP04463,Supplier_D,Batteries,4637,299,0.94,0.17,4,2455,9508,1323.47,0.11,438,0
SHP04464,Supplier_C,Batteries,1768,196,0.78,0.21,2,2685,5018,13046.39,0.75,320,0
SHP04465,Supplier_D,Displays,4862,1419,0.85,0.03,4,2413,3926,11186.9,0.35,881,1
SHP04466,Supplier_D,Processors,1151,397,0.89,0.28,25,2982,7892,3529.11,0.75,2996,0
SHP04467,Supplier_D,Processors,2941,1327,0.86,0.12,9,1582,8242,11191.69,0.8,176,0
SHP04468,Supplier_B,Microchips,4823,448,0.78,0.17,17,1551,2052,19502.5,0.15,2752,0
SHP04469,Supplier_A,Batteries,3684,1407,0.93,0.2,23,1501,4563,12802.55,0.66,691,1
SHP04470,Supplier_A,Displays,447,1249,0.75,0.35,8,499,2343,9258.25,0.86,2197,0
SHP04471,Supplier_B,Sensors,1363,174,0.96,0.05,19,1885,1569,16636.88,0.32,2895,1
SHP04472,Supplier_B,Batteries,4765,812,0.98,0.2,10,2942,8690,4650.04,0.08,1466,0
SHP04473,Supplier_A,Microchips,2842,447,0.81,0.2,4,139,4916,8579.37,0.03,431,0
SHP04474,Supplier_D,Processors,2173,180,0.81,0.04,19,2638,3923,10791.47,0.11,1275,0
SHP04475,Supplier_C,Displays,3248,1635,0.92,0.23,17,225,5545,10338.53,0.0,2825,0
SHP04476,Supplier_C,Batteries,1451,654,0.83,0.11,22,1493,4925,18458.96,0.33,1504,0
SHP04477,Supplier_C,Sensors,2921,941,0.71,0.05,2,1805,4252,6207.03,0.3,1057,0
SHP04478,Supplier_D,Microchips,3927,871,0.97,0.08,22,2745,8558,1601.82,0.11,2468,1
SHP04479,Supplier_A,Microchips,769,951,0.82,0.29,27,2998,4392,18369.36,0.65,1213,1
SHP04480,Supplier_B,Batteries,4913,994,0.76,0.05,21,2063,3617,4732.82,0.99,628,1
SHP04481,Supplier_A,Sensors,2746,1480,0.86,0.17,17,2784,6935,7891.05,0.9,967,1
SHP04482,Supplier_D,Microchips,366,781,0.76,0.08,13,2491,5355,10852.39,0.25,2036,0
SHP04483,Supplier_B,Displays,1538,1919,0.76,0.07,7,1339,3013,19529.67,0.77,840,1
SHP04484,Supplier_D,Microchips,2793,383,0.86,0.09,29,553,2927,10937.73,0.94,1406,1
SHP04485,Supplier_C,Sensors,1122,1093,0.81,0.18,22,1005,6332,9230.99,0.91,1857,0
SHP04486,Supplier_C,Processors,2137,254,0.87,0.1,10,1350,7258,11880.95,0.88,1356,0
SHP04487,Supplier_D,Processors,664,1676,0.99,0.05,22,2197,5547,19430.76,0.79,1475,0
SHP04488,Supplier_B,Batteries,1159,1005,0.95,0.28,14,1515,7915,16449.92,0.29,815,0
SHP04489,Supplier_B,Sensors,1524,404,0.7,0.2,25,474,4719,3794.88,0.08,532,1
SHP04490,Supplier_A,Microchips,4223,1246,0.71,0.07,13,1947,2682,16163.57,0.49,2104,0
SHP04491,Supplier_C,Microchips,319,1262,0.88,0.18,14,1103,1384,16901.43,0.05,2117,0
SHP04492,Supplier_A,Processors,505,873,0.88,0.04,19,955,5708,13968.54,1.0,2527,1
SHP04493,Supplier_A,Processors,1737,1075,0.95,0.21,20,2593,4036,13316.05,0.36,356,1
SHP04494,Supplier_D,Displays,2418,1946,0.88,0.13,20,1936,8023,9097.1,0.96,2544,0
SHP04495,Supplier_D,Processors,1859,990,0.77,0.05,20,700,5652,13013.06,0.77,2936,0
SHP04496,Supplier_A,Displays,1774,217,0.84,0.08,7,1047,5445,14882.71,0.41,2404,1
SHP04497,Supplier_C,Microchips,891,417,0.93,0.13,17,1976,1389,2894.99,0.12,2306,0
SHP04498,Supplier_D,Displays,3682,585,0.97,0.29,8,1260,3918,5517.93,0.24,2976,0
SHP04499,Supplier_A,Displays,1409,1998,0.77,0.08,8,2237,3113,4284.6,0.67,302,0
SHP04500,Supplier_A,Batteries,3933,1012,0.86,0.06,29,2417,2142,16903.63,0.83,2137,0
SHP04501,Supplier_A,Processors,4512,1950,0.75,0.19,24,418,1745,13760.05,0.98,787,0
SHP04502,Supplier_A,Displays,1430,629,0.84,0.2,29,2394,7151,9290.18,0.13,181,1
SHP04503,Supplier_A,Microchips,4546,1443,0.73,0.05,20,2893,2730,16608.09,0.16,1569,1
SHP04504,Supplier_A,Sensors,610,1779,0.97,0.11,17,2097,5385,14477.24,0.04,1148,0
SHP04505,Supplier_D,Displays,2672,1669,0.89,0.11,18,2598,5123,18315.07,0.26,117,0
SHP04506,Supplier_C,Processors,4029,999,0.95,0.08,23,308,4230,1997.74,0.82,1060,0
SHP04507,Supplier_A,Batteries,591,1510,0.99,0.12,20,1686,3514,10428.57,0.2,1919,1
SHP04508,Supplier_B,Microchips,1717,256,0.75,0.03,17,1617,2769,14281.58,0.55,1895,1
SHP04509,Supplier_D,Batteries,2156,1122,0.9,0.24,17,1194,9299,4546.12,0.45,120,0
SHP04510,Supplier_D,Sensors,1620,593,0.96,0.35,20,67,3486,6878.96,0.33,1271,0
SHP04511,Supplier_A,Displays,1683,1902,0.87,0.23,16,1382,5298,8670.04,0.62,2785,1
SHP04512,Supplier_D,Displays,1675,1755,0.89,0.14,4,1953,9968,15989.35,0.5,835,0
SHP04513,Supplier_A,Processors,4046,178,0.82,0.24,16,1706,8992,10124.74,0.33,732,1
SHP04514,Supplier_C,Displays,1861,1520,0.9,0.21,26,159,7444,10110.97,0.69,2787,1
SHP04515,Supplier_C,Microchips,2091,663,0.81,0.3,29,380,7021,8902.31,0.28,545,0
SHP04516,Supplier_D,Sensors,3279,84,0.84,0.23,17,1646,7046,4957.49,0.64,386,0
SHP04517,Supplier_D,Batteries,3426,868,0.73,0.23,21,995,9629,18499.89,0.96,967,1
SHP04518,Supplier_B,Sensors,1146,248,0.7,0.09,6,1337,1836,6697.12,0.73,764,0
SHP04519,Supplier_D,Displays,2992,1886,0.72,0.16,20,317,5702,11565.58,0.42,1448,1
SHP04520,Supplier_B,Batteries,2713,126,0.76,0.13,11,484,1641,3401.2,0.75,2347,0
SHP04521,Supplier_C,Processors,3992,418,0.83,0.02,14,2085,4174,8967.75,0.81,2932,0
SHP04522,Supplier_C,Sensors,4244,882,0.71,0.12,16,2547,2808,18124.17,0.33,2098,0
SHP04523,Supplier_A,Batteries,561,575,0.75,0.18,13,2394,8653,19911.57,0.71,247,0
SHP04524,Supplier_C,Batteries,4531,398,0.93,0.22,18,1991,7253,7554.16,0.43,1936,1
SHP04525,Supplier_B,Batteries,1481,555,0.92,0.33,16,1663,4875,3502.82,0.82,2514,0
SHP04526,Supplier_D,Microchips,1245,692,0.93,0.1,29,768,9834,6631.8,0.3,2368,1
SHP04527,Supplier_A,Sensors,3615,287,0.97,0.07,5,2281,9894,6881.21,0.94,327,1
SHP04528,Supplier_B,Batteries,4554,1353,0.73,0.31,16,2509,3848,13067.92,0.57,405,0
SHP04529,Supplier_D,Sensors,292,1650,0.75,0.33,18,2417,4612,10175.06,0.35,278,0
SHP04530,Supplier_A,Batteries,3634,1505,0.8,0.18,28,790,8062,15484.96,0.42,2011,1
SHP04531,Supplier_C,Processors,855,187,0.97,0.06,12,1649,3554,14175.41,0.35,1599,0
SHP04532,Supplier_B,Processors,1784,1342,0.92,0.18,24,1399,7320,5400.52,0.15,2097,0
SHP04533,Supplier_D,Processors,2625,1813,0.79,0.06,24,1640,2462,15792.99,0.07,516,1
SHP04534,Supplier_A,Displays,927,1274,0.73,0.31,16,854,6962,17025.51,0.32,2757,0
SHP04535,Supplier_A,Batteries,989,1215,0.88,0.25,21,466,7811,12168.61,0.46,2775,0
SHP04536,Supplier_C,Displays,4848,661,0.77,0.1,22,931,1510,18589.52,0.36,2270,1
SHP04537,Supplier_D,Sensors,2555,1723,0.85,0.31,27,840,3156,15767.49,0.01,2432,0
SHP04538,Supplier_C,Displays,2433,729,0.97,0.23,8,2025,3919,12110.22,0.58,2854,0
SHP04539,Supplier_C,Sensors,210,1992,0.87,0.33,14,1776,6191,18170.24,0.14,1875,1
SHP04540,Supplier_D,Sensors,4815,1684,0.97,0.34,23,1977,7632,12206.99,0.21,1850,0
SHP04541,Supplier_D,Sensors,892,1896,0.81,0.02,14,1858,9924,10663.23,0.12,2150,0
SHP04542,Supplier_D,Displays,4783,1904,0.88,0.06,21,1680,2237,7447.04,0.52,2907,1
SHP04543,Supplier_B,Batteries,2743,888,0.96,0.2,21,2187,2480,17715.83,0.1,361,1
SHP04544,Supplier_D,Displays,3514,987,0.87,0.34,3,2856,3010,2893.18,0.26,1594,1
SHP04545,Supplier_A,Batteries,1409,404,0.88,0.35,11,1148,7897,9733.3,0.45,431,0
SHP04546,Supplier_C,Batteries,396,627,0.91,0.21,19,2671,6629,10979.56,0.17,360,1
SHP04547,Supplier_B,Sensors,1729,896,0.96,0.08,29,1340,5757,11317.61,0.45,2919,1
SHP04548,Supplier_D,Displays,668,1402,0.73,0.07,21,1894,8490,13211.85,0.34,546,1
SHP04549,Supplier_B,Batteries,4805,608,0.8,0.27,6,475,3735,10363.01,0.86,1339,0
SHP04550,Supplier_D,Processors,4211,898,0.82,0.22,21,932,5199,5507.95,0.79,872,1
SHP04551,Supplier_B,Batteries,171,1967,0.96,0.2,20,1887,8286,17210.42,0.99,2626,0
SHP04552,Supplier_C,Processors,4465,1304,0.98,0.17,28,835,7200,13321.74,0.53,2716,1
SHP04553,Supplier_C,Displays,4482,1381,0.73,0.26,3,584,1577,17234.66,0.58,2742,1
SHP04554,Supplier_A,Displays,165,1731,0.73,0.3,5,1684,9079,5882.85,0.95,2587,1
SHP04555,Supplier_A,Displays,979,1792,0.97,0.12,17,334,1818,12922.61,0.4,299,1
SHP04556,Supplier_D,Batteries,167,1219,0.79,0.09,28,2719,8188,14426.39,0.56,767,1
SHP04557,Supplier_C,Microchips,1316,1225,0.77,0.24,22,1179,5174,7976.4,0.38,2426,0
SHP04558,Supplier_B,Batteries,3127,1864,0.71,0.32,17,553,2889,16338.76,0.55,1258,1
SHP04559,Supplier_B,Batteries,3339,189,0.78,0.13,18,95,1558,548.92,0.08,393,1
SHP04560,Supplier_B,Sensors,3580,712,0.9,0.11,16,1520,3933,12100.94,0.78,2352,1
SHP04561,Supplier_A,Sensors,607,70,0.82,0.09,14,1217,7831,12464.59,0.99,1820,0
SHP04562,Supplier_B,Batteries,3814,1327,0.85,0.1,2,586,6949,10909.94,0.07,184,1
SHP04563,Supplier_A,Processors,2984,113,0.97,0.06,23,111,8643,12785.95,0.8,392,1
SHP04564,Supplier_A,Sensors,1225,1291,0.73,0.22,6,1815,1069,3760.92,0.24,2537,1
SHP04565,Supplier_D,Batteries,985,1145,0.72,0.11,28,1155,2189,13853.24,0.2,1261,0
SHP04566,Supplier_B,Microchips,2941,1039,0.95,0.22,21,2433,3902,7047.88,0.69,510,1
SHP04567,Supplier_B,Processors,3977,211,0.92,0.05,2,260,5340,9315.05,0.04,608,1
SHP04568,Supplier_C,Displays,4970,179,0.78,0.06,13,2497,9875,6995.63,0.46,717,1
SHP04569,Supplier_D,Batteries,2625,630,0.79,0.2,24,758,6895,9741.76,0.0,1180,1
SHP04570,Supplier_C,Batteries,1025,274,0.79,0.19,16,2444,8550,12620.6,0.55,2239,0
SHP04571,Supplier_D,Processors,4315,1831,0.89,0.11,5,2077,6697,16847.7,0.46,883,1
SHP04572,Supplier_B,Sensors,2038,629,0.72,0.29,20,426,4910,9926.98,0.92,1493,0
SHP04573,Supplier_A,Sensors,3914,1527,0.84,0.08,17,1235,9262,6802.86,0.72,2718,1
SHP04574,Supplier_A,Sensors,3462,1032,0.74,0.14,24,2918,6984,10014.87,0.13,1535,0
SHP04575,Supplier_A,Displays,4683,1054,0.94,0.2,19,2141,8715,13931.67,0.35,870,1
SHP04576,Supplier_A,Processors,3332,1988,0.81,0.31,27,2897,8747,7260.66,0.93,2076,1
SHP04577,Supplier_A,Processors,3844,1457,0.85,0.16,18,836,3155,8578.5,0.73,2340,0
SHP04578,Supplier_C,Sensors,3565,156,0.71,0.15,12,782,8956,11475.38,0.59,1240,0
SHP04579,Supplier_D,Sensors,540,670,0.72,0.21,21,1017,2915,6233.18,0.56,806,1
SHP04580,Supplier_B,Microchips,3711,889,0.9,0.12,14,2749,8918,4577.15,0.4,2817,0
SHP04581,Supplier_C,Microchips,561,1176,0.92,0.25,25,571,5351,3237.65,0.59,1398,0
SHP04582,Supplier_D,Batteries,711,1214,0.91,0.1,23,2208,8468,7375.89,0.77,723,1
SHP04583,Supplier_A,Batteries,3571,626,0.91,0.29,10,2705,8067,1442.69,0.13,840,0
SHP04584,Supplier_D,Processors,3263,1207,0.73,0.11,18,1128,6264,11877.91,0.97,296,0
SHP04585,Supplier_D,Processors,105,248,0.9,0.35,18,2993,6795,3930.23,0.24,2437,0
SHP04586,Supplier_A,Displays,4876,1953,0.75,0.12,28,573,5455,7859.2,0.45,1609,0
SHP04587,Supplier_A,Displays,4070,559,0.73,0.31,6,2243,8691,5749.84,0.02,865,1
SHP04588,Supplier_A,Microchips,2958,716,0.92,0.15,23,2361,2213,12792.6,0.55,1534,0
SHP04589,Supplier_B,Batteries,2706,128,0.96,0.1,9,517,7439,17081.74,0.38,1546,1
SHP04590,Supplier_A,Microchips,198,943,0.91,0.09,4,1634,3923,12849.37,0.25,1421,0
SHP04591,Supplier_B,Microchips,625,1555,0.93,0.3,7,2969,2432,11078.85,0.99,1110,0
SHP04592,Supplier_A,Batteries,1280,561,0.99,0.12,4,1260,1340,13547.13,0.43,187,0
SHP04593,Supplier_B,Displays,1789,299,0.74,0.13,9,2036,8381,1084.82,0.41,275,0
SHP04594,Supplier_D,Batteries,1238,938,0.98,0.09,13,2776,2198,2895.47,0.46,2425,0
SHP04595,Supplier_C,Sensors,4591,1073,0.87,0.34,28,1798,5296,2351.08,0.12,1466,0
SHP04596,Supplier_D,Sensors,4965,648,0.94,0.1,28,807,9186,2414.84,0.39,1420,1
SHP04597,Supplier_D,Sensors,3171,1889,0.89,0.1,5,1227,5193,5579.43,0.34,2571,1
SHP04598,Supplier_A,Processors,3027,802,0.87,0.33,3,968,9113,10875.02,0.47,1539,1
SHP04599,Supplier_B,Displays,2892,649,0.9,0.32,29,1169,5934,2736.29,0.86,1942,1
SHP04600,Supplier_C,Displays,4878,1024,0.79,0.1,26,2672,9543,18734.77,0.19,132,1
SHP04601,Supplier_A,Processors,114,532,0.97,0.31,11,755,7610,17158.01,0.61,1151,0
SHP04602,Supplier_A,Microchips,2515,885,0.73,0.1,16,2008,4087,19447.06,0.04,308,0
SHP04603,Supplier_A,Sensors,2785,221,0.79,0.05,14,883,7073,1328.75,0.32,2749,0
SHP04604,Supplier_D,Sensors,3000,918,0.71,0.29,25,2911,1455,17102.35,0.47,1717,0
SHP04605,Supplier_B,Microchips,1336,66,0.78,0.27,16,448,6853,16172.81,0.07,347,0
SHP04606,Supplier_B,Batteries,4200,1808,0.76,0.12,23,1857,4250,18091.06,0.54,2994,1
SHP04607,Supplier_C,Batteries,3320,1367,0.71,0.05,20,1449,1257,10794.91,0.31,1481,1
SHP04608,Supplier_B,Displays,1707,443,0.84,0.09,19,2699,1481,15863.84,0.99,889,1
SHP04609,Supplier_B,Processors,3663,1895,0.84,0.27,14,377,5730,1500.09,0.63,117,0
SHP04610,Supplier_A,Displays,3397,1571,0.72,0.34,21,1345,2396,1979.62,0.24,2360,0
SHP04611,Supplier_A,Batteries,2733,1292,0.78,0.11,21,1670,6418,2811.38,0.1,1846,1
SHP04612,Supplier_D,Microchips,3990,283,0.98,0.29,2,2492,6171,18338.38,0.04,2661,0
SHP04613,Supplier_A,Displays,4364,1463,0.73,0.1,26,2645,7073,1692.8,0.09,1217,1
SHP04614,Supplier_A,Sensors,2908,297,0.79,0.24,17,1091,8059,2452.92,0.68,956,1
SHP04615,Supplier_A,Sensors,891,1975,0.71,0.05,27,968,7455,18643.0,0.85,2954,1
SHP04616,Supplier_A,Microchips,1099,101,0.74,0.21,9,126,7202,2594.16,0.16,1140,0
SHP04617,Supplier_D,Batteries,251,64,0.9,0.11,24,1122,7178,17460.25,0.4,1362,0
SHP04618,Supplier_A,Sensors,3163,1397,0.81,0.33,7,1499,1647,15890.78,0.35,2675,1
SHP04619,Supplier_C,Sensors,4699,490,0.83,0.12,4,1821,2611,1285.5,0.64,1790,1
SHP04620,Supplier_C,Processors,2191,1185,0.75,0.15,21,1629,4884,926.02,0.18,2324,1
SHP04621,Supplier_C,Displays,4699,745,0.9,0.3,17,1067,5982,10920.57,0.95,397,1
SHP04622,Supplier_C,Batteries,4182,1945,0.92,0.16,3,178,4586,19944.92,0.73,1186,1
SHP04623,Supplier_A,Displays,4126,56,0.75,0.1,24,568,8673,17637.19,0.96,1097,0
SHP04624,Supplier_C,Batteries,3077,1636,0.71,0.2,3,2401,7080,6545.5,0.28,2944,1
SHP04625,Supplier_A,Sensors,942,875,0.72,0.3,16,1185,1758,8033.03,0.59,2510,0
SHP04626,Supplier_D,Processors,4546,1826,0.89,0.16,11,2822,1632,8064.17,0.73,2763,1
SHP04627,Supplier_C,Displays,3893,1318,0.74,0.06,2,961,8848,14816.49,0.71,2415,0
SHP04628,Supplier_B,Sensors,2170,1521,0.84,0.15,23,865,1329,7152.09,0.02,599,1
SHP04629,Supplier_C,Batteries,1759,1438,0.74,0.33,21,1023,6446,3382.04,1.0,1013,1
SHP04630,Supplier_C,Displays,697,1440,0.75,0.04,16,2012,9201,15068.59,0.93,316,1
SHP04631,Supplier_A,Displays,2613,1995,0.7,0.15,25,2916,1984,9431.3,0.12,745,0
SHP04632,Supplier_C,Sensors,4235,1771,0.79,0.23,2,2460,1668,1997.19,0.54,1104,1
SHP04633,Supplier_B,Displays,4370,1360,0.73,0.05,26,1139,1441,15906.02,0.31,1409,1
SHP04634,Supplier_A,Processors,3703,1677,0.81,0.13,23,1850,3925,11913.57,0.88,2693,1
SHP04635,Supplier_A,Processors,1316,1179,0.87,0.33,17,858,5020,10042.7,0.7,2870,1
SHP04636,Supplier_D,Sensors,2391,1086,0.81,0.03,19,1392,6677,13630.19,0.22,1821,0
SHP04637,Supplier_D,Batteries,3911,1219,0.9,0.27,25,1087,9465,10354.67,0.03,1067,0
SHP04638,Supplier_C,Sensors,1031,527,0.92,0.3,6,619,5713,13144.19,0.29,2840,0
SHP04639,Supplier_D,Processors,2238,680,0.9,0.11,22,1019,3373,17416.03,0.04,883,0
SHP04640,Supplier_D,Microchips,4102,764,0.97,0.09,6,1929,4126,12463.53,0.14,1021,1
SHP04641,Supplier_D,Microchips,3078,1726,0.77,0.32,24,2450,3933,13362.21,0.64,1572,1
SHP04642,Supplier_A,Displays,3992,164,0.75,0.27,24,659,9639,12470.19,0.75,1820,1
SHP04643,Supplier_A,Displays,4695,558,0.88,0.06,11,2565,4368,10858.01,0.47,2174,0
SHP04644,Supplier_A,Microchips,3018,1225,0.87,0.09,28,2033,7516,3853.46,0.6,1615,0
SHP04645,Supplier_D,Processors,2664,106,0.85,0.23,24,437,4806,7045.71,0.16,2409,1
SHP04646,Supplier_A,Displays,1863,431,0.7,0.16,13,1747,6255,14015.62,0.32,746,0
SHP04647,Supplier_D,Sensors,2270,1230,0.86,0.19,11,808,9066,8796.78,0.71,2836,1
SHP04648,Supplier_A,Sensors,435,1001,0.97,0.33,3,1911,9261,8419.52,0.36,2669,0
SHP04649,Supplier_A,Processors,1276,1895,0.8,0.16,25,2539,5585,15305.75,0.35,1233,1
SHP04650,Supplier_B,Displays,3121,1206,0.98,0.31,2,565,5598,608.59,0.19,1556,0
SHP04651,Supplier_C,Sensors,878,1236,0.8,0.24,17,1891,6817,13740.39,0.59,1602,0
SHP04652,Supplier_D,Displays,1285,324,0.74,0.06,19,2940,1116,10039.92,0.81,723,1
SHP04653,Supplier_B,Displays,3385,1768,0.82,0.27,28,94,2813,7846.87,0.47,1736,1
SHP04654,Supplier_A,Sensors,3547,1150,0.84,0.19,8,1492,1903,7140.46,0.12,1909,1
SHP04655,Supplier_D,Microchips,4091,1910,0.88,0.09,5,772,9685,3871.07,0.84,366,0
SHP04656,Supplier_A,Sensors,2570,93,0.85,0.12,28,805,7205,7017.92,0.07,877,1
SHP04657,Supplier_C,Processors,1038,767,0.86,0.2,11,2300,4858,8132.66,0.47,767,0
SHP04658,Supplier_B,Batteries,4999,1623,0.71,0.22,11,1958,3683,9030.25,0.26,153,1
SHP04659,Supplier_C,Sensors,4106,367,0.77,0.34,26,2636,5175,13609.86,0.94,2921,1
SHP04660,Supplier_B,Displays,2035,583,0.79,0.3,12,435,4730,9344.63,0.74,494,0
SHP04661,Supplier_A,Displays,733,1658,0.99,0.09,26,2080,7628,16027.54,0.57,611,1
SHP04662,Supplier_C,Sensors,1353,1826,0.79,0.28,4,2727,6141,12974.89,0.67,900,1
SHP04663,Supplier_C,Batteries,1182,1227,0.96,0.02,15,2835,6443,4197.14,0.53,424,1
SHP04664,Supplier_A,Sensors,2243,286,0.79,0.06,14,409,2540,5904.88,0.15,195,0
SHP04665,Supplier_C,Batteries,1385,942,0.73,0.09,20,1541,9088,2045.36,0.71,2126,0
SHP04666,Supplier_D,Batteries,453,566,0.77,0.22,26,1032,8959,18941.57,0.49,273,1
SHP04667,Supplier_B,Processors,1985,1294,0.78,0.08,11,2017,1625,17787.73,0.63,443,1
SHP04668,Supplier_B,Displays,1918,1383,0.98,0.14,16,254,6972,2153.53,0.05,2352,0
SHP04669,Supplier_B,Displays,2620,1671,0.9,0.1,29,1122,7162,11694.48,0.14,154,0
SHP04670,Supplier_D,Batteries,4108,1250,0.97,0.13,9,415,7797,19227.84,0.59,1870,1
SHP04671,Supplier_B,Displays,3122,1844,0.94,0.33,18,2350,5858,15069.28,0.46,809,1
SHP04672,Supplier_A,Microchips,2684,1293,0.87,0.35,7,2175,1837,10090.34,0.23,2373,0
SHP04673,Supplier_C,Batteries,1647,87,0.9,0.25,8,818,3015,5201.51,0.24,1740,1
SHP04674,Supplier_D,Displays,4118,703,0.88,0.21,15,2729,6156,5941.22,0.63,1914,0
SHP04675,Supplier_B,Microchips,4304,1504,0.89,0.25,28,1036,9263,14856.64,0.06,1813,1
SHP04676,Supplier_A,Processors,1468,1983,0.78,0.27,9,466,8234,15721.22,0.43,2449,0
SHP04677,Supplier_C,Displays,3437,796,0.82,0.26,13,1511,5748,10809.52,0.52,319,0
SHP04678,Supplier_C,Microchips,1857,1276,0.87,0.05,29,2409,1063,2858.5,0.31,527,1
SHP04679,Supplier_D,Sensors,1617,890,0.71,0.12,19,1216,9221,18710.43,0.82,240,1
SHP04680,Supplier_D,Sensors,3584,1879,0.84,0.13,15,246,5652,16972.87,0.06,2602,1
SHP04681,Supplier_D,Microchips,3785,497,0.95,0.14,2,2357,7789,3240.51,0.87,2067,0
SHP04682,Supplier_A,Batteries,3152,1568,0.84,0.13,5,1439,8183,1606.19,0.72,2292,0
SHP04683,Supplier_A,Batteries,2796,733,0.86,0.28,18,2693,3325,10949.42,0.45,2673,1
SHP04684,Supplier_D,Displays,290,174,0.76,0.27,19,1265,6850,6040.78,0.92,257,1
SHP04685,Supplier_B,Sensors,1032,1911,0.93,0.02,20,2631,5372,6023.37,0.7,204,1
SHP04686,Supplier_C,Batteries,4337,1138,0.8,0.12,5,2121,7364,2200.82,0.93,2889,0
SHP04687,Supplier_C,Batteries,3338,842,0.98,0.23,29,1148,5765,19091.02,0.47,2049,1
SHP04688,Supplier_A,Sensors,2315,833,0.99,0.06,29,1951,8191,16688.25,0.45,388,1
SHP04689,Supplier_C,Processors,665,1317,0.97,0.04,7,1719,3879,2719.77,0.53,731,0
SHP04690,Supplier_B,Batteries,1234,1600,0.72,0.29,9,1467,3188,17593.68,0.07,1308,1
SHP04691,Supplier_C,Microchips,843,275,0.8,0.17,26,2776,3781,13817.64,0.91,1340,1
SHP04692,Supplier_A,Displays,772,514,0.97,0.3,16,2207,3145,6846.1,0.67,1154,1
SHP04693,Supplier_A,Batteries,3011,692,0.93,0.29,21,2187,1275,17489.39,0.62,378,1
SHP04694,Supplier_B,Batteries,630,1780,0.96,0.31,2,86,2266,12161.43,0.93,324,0
SHP04695,Supplier_B,Processors,3121,342,0.87,0.04,6,2919,7576,17049.06,0.99,2006,1
SHP04696,Supplier_C,Microchips,661,770,0.84,0.08,17,1042,5104,9650.72,0.16,1810,1
SHP04697,Supplier_C,Displays,401,1454,0.73,0.12,22,1636,3319,10262.7,0.75,183,0
SHP04698,Supplier_A,Batteries,3867,1698,0.94,0.06,26,621,1031,6174.7,0.58,1691,1
SHP04699,Supplier_B,Displays,4380,805,0.92,0.18,7,2681,1851,8060.01,0.46,2239,1
SHP04700,Supplier_B,Sensors,609,215,0.72,0.28,22,356,9796,11571.17,0.98,107,1
SHP04701,Supplier_B,Batteries,3545,1776,0.76,0.33,11,2159,6868,18967.65,0.85,1754,0
SHP04702,Supplier_C,Batteries,2303,818,0.86,0.31,11,354,8720,12202.3,0.7,578,1
SHP04703,Supplier_B,Sensors,2934,1912,0.9,0.17,6,2276,2807,3373.87,0.38,207,0
SHP04704,Supplier_A,Processors,894,1291,0.74,0.23,9,2637,7195,636.43,0.67,1394,1
SHP04705,Supplier_A,Batteries,2579,1056,0.77,0.1,28,1817,7331,17094.26,0.53,2384,1
SHP04706,Supplier_C,Displays,1623,920,0.76,0.15,2,981,7063,7604.35,0.25,2114,0
SHP04707,Supplier_D,Microchips,4956,1348,0.76,0.31,6,2942,8411,6641.84,0.45,2676,1
SHP04708,Supplier_C,Displays,2294,1125,0.97,0.03,2,1517,4562,16114.26,0.21,1727,0
SHP04709,Supplier_D,Processors,2628,1447,0.91,0.2,8,1592,4198,18934.6,0.5,728,1
SHP04710,Supplier_B,Microchips,534,1743,0.91,0.31,16,2042,5504,15086.88,0.72,1510,0
SHP04711,Supplier_C,Displays,2138,1436,0.93,0.06,24,2847,8985,3890.02,0.04,1342,0
SHP04712,Supplier_A,Displays,1806,616,0.8,0.34,27,2836,7734,8131.88,0.77,1588,1
SHP04713,Supplier_B,Sensors,168,1087,0.92,0.02,25,846,7989,15308.27,0.02,1272,1
SHP04714,Supplier_A,Processors,2004,1854,0.98,0.31,15,1584,3947,18185.05,0.52,1480,1
SHP04715,Supplier_B,Sensors,4059,1413,0.9,0.14,24,796,5123,19972.7,0.57,2201,0
SHP04716,Supplier_C,Microchips,3051,651,0.82,0.06,28,2724,5783,10475.44,0.76,1262,1
SHP04717,Supplier_D,Sensors,4749,1612,0.91,0.07,10,502,6599,16539.23,0.76,1793,1
SHP04718,Supplier_B,Processors,2813,1162,0.96,0.25,9,880,1071,1409.32,0.42,1981,0
SHP04719,Supplier_D,Batteries,3469,954,0.74,0.31,9,807,6516,6073.58,0.07,2896,0
SHP04720,Supplier_B,Batteries,4695,90,0.78,0.23,4,910,9234,7744.51,0.69,526,1
SHP04721,Supplier_A,Microchips,3827,1377,0.97,0.33,27,2025,5360,19522.71,0.51,2645,1
SHP04722,Supplier_A,Batteries,2504,1341,0.97,0.3,21,1602,2831,566.18,0.33,1415,1
SHP04723,Supplier_B,Sensors,3425,1211,0.84,0.02,5,1968,1045,6506.4,0.23,2493,1
SHP04724,Supplier_D,Microchips,3646,1079,0.81,0.24,18,868,9174,18643.04,0.12,610,0
SHP04725,Supplier_C,Processors,2403,291,0.78,0.12,7,1442,8392,6480.23,0.3,540,1
SHP04726,Supplier_C,Microchips,3781,211,0.84,0.17,3,1929,7071,4888.8,0.46,1869,0
SHP04727,Supplier_A,Microchips,3321,1068,0.97,0.05,10,430,2675,14736.73,0.48,1755,0
SHP04728,Supplier_C,Displays,4474,741,0.74,0.11,15,1292,8268,15034.11,0.58,1021,1
SHP04729,Supplier_A,Displays,1182,858,0.82,0.23,2,698,7381,9707.47,0.36,2126,1
SHP04730,Supplier_C,Microchips,545,1028,0.96,0.09,18,295,7744,18964.89,0.92,2869,0
SHP04731,Supplier_B,Batteries,4950,567,0.8,0.23,12,2348,7834,4452.79,0.5,2375,1
SHP04732,Supplier_A,Displays,1692,947,0.92,0.32,27,614,4023,18311.61,0.42,2757,1
SHP04733,Supplier_A,Processors,2875,832,0.81,0.02,28,870,3790,15232.41,0.05,2975,0
SHP04734,Supplier_B,Sensors,3916,1474,0.93,0.28,7,2812,7343,7680.06,0.6,1213,1
SHP04735,Supplier_A,Displays,3153,833,0.98,0.23,2,521,2012,16234.72,0.6,889,1
SHP04736,Supplier_C,Microchips,1690,1229,0.81,0.04,29,2066,5589,3097.44,0.58,495,1
SHP04737,Supplier_C,Batteries,2331,134,0.95,0.28,20,171,4507,3054.16,0.89,927,1
SHP04738,Supplier_A,Sensors,1661,1785,0.99,0.09,17,1399,5802,18633.78,0.76,664,0
SHP04739,Supplier_C,Displays,4372,1083,0.99,0.11,27,830,3071,2348.22,0.87,2303,1
SHP04740,Supplier_D,Batteries,3746,187,0.83,0.05,19,2845,8530,579.55,0.06,891,0
SHP04741,Supplier_A,Batteries,3338,803,0.84,0.2,12,170,3317,8086.09,0.32,602,0
SHP04742,Supplier_B,Batteries,1700,955,0.79,0.18,10,2236,6347,2525.09,0.32,880,1
SHP04743,Supplier_D,Microchips,2156,762,0.79,0.13,22,2184,3175,17329.21,0.66,433,1
SHP04744,Supplier_A,Processors,4431,205,0.84,0.08,7,2227,3372,18492.52,0.45,590,0
SHP04745,Supplier_B,Batteries,809,457,0.76,0.3,3,2349,7802,9907.31,0.78,1730,0
SHP04746,Supplier_C,Sensors,3071,836,0.91,0.31,9,1935,6225,8796.69,0.38,2475,1
SHP04747,Supplier_B,Displays,2832,1298,0.86,0.2,23,2884,7228,11011.27,0.22,2148,0
SHP04748,Supplier_D,Sensors,893,629,0.96,0.1,17,1433,6121,4910.8,0.29,1483,0
SHP04749,Supplier_C,Microchips,3199,1257,0.94,0.05,28,1886,9050,6310.33,0.18,2774,1
SHP04750,Supplier_A,Microchips,2955,1268,0.79,0.31,29,96,8732,2469.05,0.2,2334,1
SHP04751,Supplier_C,Sensors,126,603,0.85,0.05,9,2018,6144,9205.78,0.22,2416,1
SHP04752,Supplier_A,Processors,3367,445,0.92,0.02,9,2598,7812,12427.99,0.02,2270,0
SHP04753,Supplier_A,Microchips,184,1987,0.76,0.17,15,1883,8824,18639.36,0.72,651,0
SHP04754,Supplier_B,Microchips,3201,1736,0.71,0.26,2,2522,6455,14911.93,0.4,1342,1
SHP04755,Supplier_B,Sensors,1222,1669,0.95,0.17,8,1448,3504,14599.74,0.02,1539,0
SHP04756,Supplier_B,Microchips,111,1207,0.74,0.04,3,1927,2502,6505.98,0.37,1309,0
SHP04757,Supplier_D,Processors,1848,1382,0.96,0.25,16,780,8042,17821.72,0.91,2735,1
SHP04758,Supplier_D,Processors,3209,1939,0.96,0.23,28,160,9534,18965.64,0.51,435,1
SHP04759,Supplier_B,Processors,1976,859,0.83,0.24,25,1300,4860,18679.13,0.99,489,1
SHP04760,Supplier_D,Displays,2719,1011,0.93,0.09,29,1860,8858,1256.66,0.54,2451,1
SHP04761,Supplier_C,Processors,279,591,0.81,0.28,19,184,8519,12284.84,0.96,2996,0
SHP04762,Supplier_C,Processors,896,1082,0.95,0.18,5,1368,3860,13042.89,0.2,1802,1
SHP04763,Supplier_D,Displays,3913,1036,0.94,0.2,19,659,2248,6253.77,0.29,1635,0
SHP04764,Supplier_D,Batteries,2124,219,0.72,0.2,24,1107,8083,19852.04,0.7,2097,1
SHP04765,Supplier_C,Microchips,3317,339,0.87,0.11,6,2525,6010,6178.16,0.99,1897,1
SHP04766,Supplier_A,Processors,986,1241,0.89,0.1,28,2038,7305,4723.93,0.83,1071,1
SHP04767,Supplier_C,Microchips,2568,1417,0.7,0.02,17,2296,6762,9940.84,0.55,325,1
SHP04768,Supplier_C,Sensors,3487,1570,0.98,0.15,14,609,5390,6801.37,0.09,1944,0
SHP04769,Supplier_D,Microchips,1619,1218,0.82,0.18,28,308,3139,18518.57,0.36,2660,0
SHP04770,Supplier_C,Displays,2532,1486,0.85,0.27,10,2822,8335,9081.5,0.09,128,0
SHP04771,Supplier_D,Microchips,4966,789,0.76,0.04,6,2771,9748,8497.92,0.31,703,1
SHP04772,Supplier_D,Microchips,1016,1891,0.88,0.32,28,1698,7118,12704.31,0.26,1064,1
SHP04773,Supplier_B,Microchips,2170,637,0.94,0.11,9,2234,4994,2081.74,0.39,1080,0
SHP04774,Supplier_C,Batteries,4076,784,0.87,0.14,19,965,2152,15256.29,0.84,2762,1
SHP04775,Supplier_A,Batteries,1881,1762,0.93,0.04,4,2478,4744,15483.78,0.15,1112,0
SHP04776,Supplier_B,Sensors,438,506,0.91,0.24,7,287,4621,9743.5,0.31,1758,0
SHP04777,Supplier_D,Displays,1616,750,0.77,0.25,12,737,6890,19136.11,0.26,824,0
SHP04778,Supplier_D,Microchips,2970,1028,0.83,0.33,24,2555,4907,11797.11,0.3,2619,0
SHP04779,Supplier_A,Microchips,3682,1375,0.74,0.13,15,1660,4728,14057.11,0.36,788,0
SHP04780,Supplier_D,Microchips,1014,95,0.71,0.1,27,1208,8747,18524.73,0.24,2462,0
SHP04781,Supplier_C,Microchips,3390,1967,0.72,0.26,25,2179,4066,13493.73,0.94,1008,1
SHP04782,Supplier_B,Batteries,4670,1090,0.97,0.25,20,644,3860,8920.61,0.42,2704,1
SHP04783,Supplier_D,Sensors,1546,1651,0.99,0.33,8,2751,1163,983.04,0.11,2426,0
SHP04784,Supplier_D,Processors,1479,1433,0.73,0.09,25,1800,2714,14701.84,0.47,1411,1
SHP04785,Supplier_A,Displays,1583,1334,0.8,0.25,11,452,4462,19314.89,0.18,939,0
SHP04786,Supplier_C,Microchips,2174,1196,0.73,0.04,16,871,2440,9669.58,0.22,2514,1
SHP04787,Supplier_D,Sensors,900,280,0.94,0.18,7,2285,6313,7125.49,0.29,430,0
SHP04788,Supplier_A,Processors,1346,999,0.84,0.06,21,2590,9992,10625.56,0.12,496,0
SHP04789,Supplier_D,Sensors,2837,686,0.88,0.24,7,1832,7227,14704.53,0.72,1944,0
SHP04790,Supplier_A,Batteries,3595,161,0.86,0.22,17,2352,3660,513.46,0.79,2935,0
SHP04791,Supplier_A,Processors,4934,1857,0.91,0.04,10,1747,2690,17800.63,0.39,484,1
SHP04792,Supplier_C,Sensors,3357,642,0.79,0.13,20,2522,1233,17784.08,0.69,1948,0
SHP04793,Supplier_D,Batteries,3977,1319,0.74,0.15,19,1488,2876,11055.31,0.39,1701,1
SHP04794,Supplier_C,Sensors,1081,908,0.71,0.1,6,1240,4370,2886.39,0.16,2705,0
SHP04795,Supplier_A,Sensors,2576,440,0.83,0.03,17,1663,7339,13600.21,0.4,362,0
SHP04796,Supplier_B,Processors,2188,441,0.96,0.13,8,534,6109,3187.99,0.56,2555,1
SHP04797,Supplier_D,Batteries,3052,377,0.79,0.28,20,2533,2045,10397.17,0.04,1043,1
SHP04798,Supplier_B,Microchips,1111,1288,0.76,0.14,6,1605,7091,2325.78,0.65,1089,0
SHP04799,Supplier_D,Displays,3564,1937,0.97,0.13,21,2277,5481,11986.77,0.74,1166,1
SHP04800,Supplier_C,Processors,2850,796,0.73,0.33,12,950,5459,6702.35,0.86,1885,1
SHP04801,Supplier_C,Batteries,2226,416,0.72,0.03,24,1514,9033,16704.33,0.1,946,1
SHP04802,Supplier_C,Sensors,4912,131,0.96,0.27,19,693,7417,16098.95,0.0,1159,1
SHP04803,Supplier_C,Batteries,3961,855,0.9,0.18,29,2236,2407,19970.24,0.07,1581,1
SHP04804,Supplier_C,Displays,2691,871,0.82,0.33,28,836,1207,5521.31,0.92,1642,1
SHP04805,Supplier_B,Displays,1573,1149,0.92,0.15,8,2199,5370,1705.12,0.77,1661,0
SHP04806,Supplier_C,Microchips,2621,1600,0.92,0.25,29,2565,8150,9138.56,0.84,1486,1
SHP04807,Supplier_A,Microchips,1265,1805,0.71,0.04,19,2380,9687,2126.37,0.52,1244,0
SHP04808,Supplier_A,Displays,3422,1576,0.9,0.33,4,67,1901,3980.74,0.53,2644,0
SHP04809,Supplier_B,Processors,709,1815,0.89,0.13,6,2006,8083,12147.35,0.3,2305,0
SHP04810,Supplier_D,Processors,2283,1001,0.98,0.19,24,805,2749,12046.55,0.84,1380,0
SHP04811,Supplier_A,Sensors,2631,1552,0.98,0.07,14,736,9651,1344.89,0.83,1698,1
SHP04812,Supplier_D,Microchips,2961,421,0.81,0.33,17,2086,5489,9136.64,0.39,2418,0
SHP04813,Supplier_B,Sensors,4750,1338,0.87,0.24,23,650,7582,10839.26,0.33,2082,1
SHP04814,Supplier_D,Microchips,1755,313,0.74,0.04,13,1093,9030,5726.47,0.74,412,1
SHP04815,Supplier_D,Displays,1855,159,0.72,0.07,8,1399,5734,17504.84,0.03,1240,0
SHP04816,Supplier_D,Processors,145,1988,0.83,0.15,28,1429,5665,3641.42,0.86,2041,0
SHP04817,Supplier_D,Processors,1359,356,0.9,0.09,23,482,3194,5451.09,0.45,2492,1
SHP04818,Supplier_B,Displays,4738,1273,0.86,0.12,14,1091,8126,3561.39,0.44,1301,1
SHP04819,Supplier_A,Sensors,3332,275,0.82,0.35,29,1623,1959,2772.66,0.67,2264,1
SHP04820,Supplier_C,Sensors,1551,234,0.94,0.24,2,425,9585,17640.09,0.65,1799,1
SHP04821,Supplier_D,Batteries,2218,1013,0.93,0.32,16,1674,5538,5918.25,0.27,1878,1
SHP04822,Supplier_A,Microchips,2667,80,0.91,0.16,22,1413,5058,14589.22,0.94,273,0
SHP04823,Supplier_A,Sensors,2092,663,0.72,0.25,13,1060,5842,8845.66,0.99,848,0
SHP04824,Supplier_B,Displays,3223,1844,0.93,0.17,18,765,3177,12899.53,0.53,2302,1
SHP04825,Supplier_A,Sensors,2440,148,0.97,0.13,24,1306,2799,18599.44,0.56,1782,0
SHP04826,Supplier_B,Processors,1588,1412,0.72,0.19,21,1177,8570,16969.85,0.55,2742,1
SHP04827,Supplier_D,Microchips,1673,860,0.82,0.16,6,1073,9696,1845.23,0.49,1907,0
SHP04828,Supplier_D,Batteries,2527,1870,0.99,0.34,18,2834,1719,16981.45,0.95,1633,1
SHP04829,Supplier_C,Microchips,1866,1339,0.87,0.18,25,270,2987,9310.56,0.24,2457,0
SHP04830,Supplier_C,Processors,3649,701,0.85,0.29,16,2035,6773,7327.84,0.11,2381,1
SHP04831,Supplier_C,Processors,2409,863,0.75,0.24,21,1099,3878,13611.56,0.93,2309,1
SHP04832,Supplier_A,Processors,4775,1871,0.86,0.18,20,1137,9825,19029.05,0.21,2838,1
SHP04833,Supplier_D,Processors,2504,1423,0.83,0.18,2,2351,3420,2335.64,0.75,391,0
SHP04834,Supplier_B,Displays,1542,1069,0.74,0.13,5,2833,2324,15477.5,0.2,226,0
SHP04835,Supplier_C,Batteries,4893,1027,0.83,0.06,4,875,2008,4468.41,0.96,2840,1
SHP04836,Supplier_B,Processors,2076,1801,0.75,0.27,9,1204,1403,7912.65,0.79,2749,1
SHP04837,Supplier_B,Processors,4073,1617,0.91,0.32,10,79,7233,17539.55,0.92,1217,0
SHP04838,Supplier_C,Sensors,2590,1530,0.98,0.09,13,836,9887,11143.08,0.95,2050,1
SHP04839,Supplier_D,Batteries,825,1888,0.84,0.33,6,59,7772,1815.4,0.08,1212,0
SHP04840,Supplier_C,Microchips,3903,137,0.88,0.1,10,2527,7590,10406.95,0.43,2535,1
SHP04841,Supplier_B,Batteries,4481,1136,0.82,0.19,2,1220,1120,15898.02,0.65,2927,1
SHP04842,Supplier_C,Batteries,3927,971,0.74,0.13,24,2795,7460,10813.17,0.8,2396,1
SHP04843,Supplier_B,Batteries,4765,1460,0.98,0.06,12,2221,7281,3754.34,0.24,280,0
SHP04844,Supplier_B,Processors,3719,1864,0.74,0.04,8,1692,6862,9178.3,0.91,1184,0
SHP04845,Supplier_C,Processors,2987,1532,0.73,0.14,23,1414,3865,18524.73,0.22,1270,1
SHP04846,Supplier_A,Displays,597,635,0.83,0.04,21,1591,4731,13334.98,0.87,2843,0
SHP04847,Supplier_C,Microchips,4076,867,0.89,0.05,28,100,4591,14732.79,0.51,1900,1
SHP04848,Supplier_A,Sensors,804,981,0.8,0.07,26,447,5486,15825.76,0.52,2428,1
SHP04849,Supplier_B,Batteries,4757,1709,0.76,0.02,15,363,8172,2268.52,0.37,1689,1
SHP04850,Supplier_B,Microchips,4227,1342,0.94,0.07,4,2745,3414,11839.96,0.1,1235,1
SHP04851,Supplier_A,Microchips,3781,1967,0.81,0.21,28,563,7635,7830.35,0.35,1810,1
SHP04852,Supplier_B,Displays,4238,846,0.76,0.29,12,2599,3805,3213.6,0.43,2444,0
SHP04853,Supplier_A,Sensors,2016,1068,0.81,0.08,18,579,7665,4452.84,0.48,790,0
SHP04854,Supplier_A,Batteries,1474,1062,0.76,0.05,19,1834,6361,15732.63,0.74,661,0
SHP04855,Supplier_B,Sensors,1945,1022,0.85,0.26,20,2794,2465,3649.04,0.35,2458,0
SHP04856,Supplier_D,Displays,4754,682,0.89,0.02,19,2831,1403,6592.16,0.41,489,0
SHP04857,Supplier_A,Processors,1536,395,0.93,0.26,7,1813,7570,6055.03,0.91,2153,1
SHP04858,Supplier_C,Microchips,3190,773,0.77,0.06,16,909,9604,1448.29,0.75,2850,0
SHP04859,Supplier_C,Batteries,1470,950,0.75,0.1,8,2516,5249,9512.09,0.02,629,0
SHP04860,Supplier_B,Processors,2028,1733,0.71,0.06,6,2291,7346,15435.63,0.81,258,1
SHP04861,Supplier_D,Displays,1736,1151,0.77,0.1,6,361,9408,931.98,0.99,1779,0
SHP04862,Supplier_B,Sensors,191,1438,0.71,0.28,8,1045,7625,2694.75,0.94,1051,1
SHP04863,Supplier_D,Microchips,1943,1087,0.8,0.06,23,2819,3813,14543.64,0.84,1318,1
SHP04864,Supplier_A,Batteries,284,185,0.74,0.35,13,1372,1805,12074.83,0.63,329,0
SHP04865,Supplier_A,Processors,4923,1377,0.87,0.13,9,2573,4349,14447.33,0.28,1629,1
SHP04866,Supplier_A,Processors,1671,446,0.81,0.32,26,2681,8361,4987.03,0.65,1825,0
SHP04867,Supplier_A,Microchips,931,841,0.73,0.08,19,2214,3816,16173.49,0.7,791,0
SHP04868,Supplier_C,Sensors,4540,128,0.82,0.08,29,313,7231,9857.49,0.28,232,1
SHP04869,Supplier_C,Displays,2225,1828,0.76,0.21,19,1592,9625,12400.89,0.26,1048,1
SHP04870,Supplier_B,Sensors,4362,754,0.9,0.04,18,70,8420,2296.99,0.4,1843,0
SHP04871,Supplier_D,Sensors,363,1031,0.81,0.28,24,2574,9620,4498.12,0.64,1780,1
SHP04872,Supplier_A,Sensors,1386,1491,0.74,0.17,12,598,5257,15580.48,0.29,2306,0
SHP04873,Supplier_A,Microchips,1629,1315,0.8,0.25,16,1246,3312,4866.21,0.56,1395,0
SHP04874,Supplier_D,Microchips,1908,1124,0.77,0.08,21,997,2995,2304.33,0.9,2680,1
SHP04875,Supplier_D,Displays,1977,793,0.93,0.23,26,1070,5995,12145.46,0.3,2828,0
SHP04876,Supplier_B,Sensors,1849,1844,0.99,0.22,7,255,2742,11184.76,0.97,2442,0
SHP04877,Supplier_D,Microchips,2009,433,0.71,0.27,13,1686,2155,12353.93,0.47,920,0
SHP04878,Supplier_A,Displays,2723,424,0.9,0.12,24,680,4204,12556.96,0.1,1453,0
SHP04879,Supplier_A,Displays,1297,1803,0.78,0.33,8,2276,9585,10253.85,0.06,1923,1
SHP04880,Supplier_A,Sensors,2578,255,0.72,0.34,9,2985,7763,10128.59,0.34,2428,0
SHP04881,Supplier_A,Batteries,4963,1899,0.7,0.31,5,2439,7947,18521.23,0.26,1560,1
SHP04882,Supplier_A,Sensors,2610,538,0.96,0.21,4,489,8202,10910.69,0.84,1187,0
SHP04883,Supplier_B,Batteries,200,1454,0.8,0.16,4,1148,5817,12537.35,0.74,458,0
SHP04884,Supplier_A,Displays,3187,930,0.99,0.04,11,339,3040,5705.9,0.88,1112,0
SHP04885,Supplier_B,Microchips,2019,1384,0.83,0.33,25,2654,3078,17486.32,0.59,1352,1
SHP04886,Supplier_A,Processors,2391,1448,0.75,0.33,29,2746,3864,975.18,0.44,1215,1
SHP04887,Supplier_C,Displays,3420,681,0.93,0.03,16,257,6829,11365.92,0.27,2994,1
SHP04888,Supplier_C,Microchips,204,641,0.97,0.14,14,321,7249,7985.08,0.58,2795,1
SHP04889,Supplier_C,Displays,793,1115,0.94,0.31,20,464,8442,12276.13,0.62,100,0
SHP04890,Supplier_C,Sensors,3340,582,0.92,0.05,9,433,6215,7523.35,0.39,2462,0
SHP04891,Supplier_B,Batteries,3591,571,0.8,0.08,19,1334,6112,14494.91,0.94,1414,0
SHP04892,Supplier_B,Displays,3492,874,0.72,0.34,6,940,7937,896.46,0.64,1369,0
SHP04893,Supplier_D,Microchips,2368,1226,0.76,0.3,22,1712,5256,8414.84,0.84,1363,0
SHP04894,Supplier_A,Sensors,3883,1385,0.83,0.32,8,1091,8891,16709.64,0.62,2628,1
SHP04895,Supplier_C,Processors,3612,1367,0.98,0.07,6,2757,7339,5378.91,0.32,2801,1
SHP04896,Supplier_B,Sensors,989,647,0.91,0.09,26,2344,3385,1528.64,0.74,1640,1
SHP04897,Supplier_A,Batteries,889,162,0.94,0.22,20,1369,6429,10182.22,0.23,947,0
SHP04898,Supplier_A,Sensors,4748,1774,0.78,0.19,26,2511,6298,19542.4,0.6,888,1
SHP04899,Supplier_B,Processors,758,1185,0.9,0.12,18,1393,4305,1751.09,0.4,2461,1
SHP04900,Supplier_C,Microchips,1118,1248,0.95,0.31,20,1627,4320,1866.1,0.15,2286,0
SHP04901,Supplier_D,Displays,2053,1895,0.84,0.32,5,2812,7275,12104.77,0.41,597,1
SHP04902,Supplier_A,Batteries,1290,1375,0.82,0.12,23,1766,7392,5376.32,0.31,2268,1
SHP04903,Supplier_D,Processors,3806,1589,0.91,0.07,27,1934,4526,8499.51,0.11,2612,0
SHP04904,Supplier_C,Batteries,3757,783,0.86,0.07,25,2278,7642,16694.89,0.82,1300,0
SHP04905,Supplier_C,Sensors,4946,1294,0.99,0.18,8,1729,5914,4377.55,0.5,2511,0
SHP04906,Supplier_D,Batteries,2396,1244,0.82,0.06,25,993,2287,14526.35,0.35,1621,1
SHP04907,Supplier_C,Processors,874,367,0.75,0.18,23,942,5944,10337.47,0.5,260,0
SHP04908,Supplier_A,Displays,2911,1045,0.84,0.17,7,110,1360,18146.68,0.75,763,0
SHP04909,Supplier_D,Displays,1480,262,0.77,0.31,15,1282,2974,19472.76,0.02,1066,0
SHP04910,Supplier_C,Batteries,3282,302,0.86,0.12,23,215,4464,9956.74,0.55,649,1
SHP04911,Supplier_D,Microchips,4887,173,0.74,0.21,20,1955,3226,11900.62,0.48,1173,1
SHP04912,Supplier_A,Batteries,4914,1713,0.98,0.27,27,1373,6044,15043.93,0.89,846,1
SHP04913,Supplier_C,Sensors,4429,1286,0.95,0.22,21,704,6625,6714.15,0.56,2236,1
SHP04914,Supplier_A,Displays,3197,673,0.75,0.33,12,400,2850,4921.44,0.14,992,0
SHP04915,Supplier_C,Displays,1504,1158,0.75,0.22,23,2360,6932,19311.36,0.39,2868,0
SHP04916,Supplier_B,Displays,3901,1589,0.85,0.32,8,2221,4905,8936.0,0.62,1348,0
SHP04917,Supplier_C,Microchips,1469,1138,0.92,0.1,4,1615,4775,531.02,0.05,2533,0
SHP04918,Supplier_D,Microchips,2164,1391,0.76,0.21,21,981,1817,16835.51,0.88,1290,1
SHP04919,Supplier_C,Processors,2392,1419,0.72,0.2,23,1954,3146,12193.45,0.07,1837,1
SHP04920,Supplier_A,Batteries,2865,1705,0.86,0.35,18,1163,8774,3786.89,0.03,753,1
SHP04921,Supplier_A,Batteries,2917,1316,0.9,0.09,12,2236,9372,1087.72,0.0,2031,0
SHP04922,Supplier_C,Sensors,816,947,0.77,0.07,16,2039,8096,6183.91,0.68,436,0
SHP04923,Supplier_D,Displays,4140,1210,0.91,0.22,8,1435,8833,18593.8,0.46,689,1
SHP04924,Supplier_B,Microchips,1811,296,0.98,0.09,16,2957,5469,18703.08,0.1,534,1
SHP04925,Supplier_D,Sensors,1325,490,0.74,0.23,28,1166,6955,6564.57,0.86,1371,1
SHP04926,Supplier_B,Sensors,108,94,0.85,0.34,18,183,5719,16800.65,0.2,1167,1
SHP04927,Supplier_A,Microchips,697,707,0.72,0.33,12,1277,8850,9115.98,0.33,586,0
SHP04928,Supplier_D,Batteries,4218,929,0.76,0.1,29,2916,7014,13259.72,0.18,1931,1
SHP04929,Supplier_B,Displays,1708,1761,0.73,0.08,13,1921,5958,7021.66,0.93,1600,0
SHP04930,Supplier_C,Batteries,3131,1066,0.82,0.21,14,1067,7265,10561.47,0.76,2256,1
SHP04931,Supplier_A,Sensors,3767,603,0.94,0.21,27,2554,1441,6228.7,0.72,2847,1
SHP04932,Supplier_C,Displays,2346,858,0.87,0.24,12,1931,8884,1691.73,0.04,1193,0
SHP04933,Supplier_A,Processors,3726,1020,0.76,0.26,12,487,8658,3217.87,0.52,1867,1
SHP04934,Supplier_D,Sensors,4171,1162,0.71,0.22,26,729,4212,6168.15,0.58,642,0
SHP04935,Supplier_D,Batteries,2922,779,0.86,0.06,27,2744,2896,19536.95,0.38,904,0
SHP04936,Supplier_A,Batteries,191,1070,0.74,0.28,10,2719,2089,19330.61,0.32,2092,0
SHP04937,Supplier_A,Batteries,950,1003,0.8,0.05,12,1297,9674,16639.44,0.85,782,0
SHP04938,Supplier_A,Microchips,1207,1301,0.85,0.03,26,1241,1308,5033.87,0.02,2756,0
SHP04939,Supplier_D,Sensors,399,1883,0.96,0.27,5,1180,9784,9111.24,0.63,2986,0
SHP04940,Supplier_B,Displays,2443,1364,0.72,0.2,3,1453,2018,9075.77,0.39,2697,1
SHP04941,Supplier_C,Batteries,1577,1495,0.89,0.25,24,2121,5493,8045.98,0.67,2411,1
SHP04942,Supplier_C,Batteries,1182,1140,0.7,0.15,5,1584,4261,1375.17,0.2,389,0
SHP04943,Supplier_D,Microchips,3056,1324,0.88,0.02,15,2906,8084,10923.28,0.24,244,0
SHP04944,Supplier_C,Displays,3018,1114,0.86,0.13,6,1380,5290,1919.83,0.59,628,0
SHP04945,Supplier_A,Sensors,1465,148,0.94,0.22,18,984,8101,16137.41,0.98,2241,1
SHP04946,Supplier_B,Processors,2900,1379,0.85,0.09,28,1431,2357,13980.49,0.97,2485,0
SHP04947,Supplier_C,Microchips,3636,921,0.8,0.25,13,419,1082,7378.37,0.25,1688,0
SHP04948,Supplier_B,Sensors,4051,1927,0.77,0.28,27,1046,9442,13119.16,0.1,1744,1
SHP04949,Supplier_A,Processors,2209,1529,0.72,0.17,7,2268,6411,5044.22,0.59,1692,1
SHP04950,Supplier_C,Batteries,875,1664,0.86,0.31,13,1654,3387,5672.38,0.42,177,0
SHP04951,Supplier_D,Batteries,1552,350,0.96,0.3,16,2319,2408,6625.6,0.76,1662,1
SHP04952,Supplier_B,Displays,1781,1272,0.85,0.31,24,2540,4728,16041.73,0.53,1554,0
SHP04953,Supplier_A,Processors,2403,1732,0.91,0.24,20,1226,6294,4608.48,0.51,198,1
SHP04954,Supplier_B,Batteries,1951,537,0.79,0.12,11,2959,9924,11474.23,0.65,2793,0
SHP04955,Supplier_C,Batteries,1997,1179,0.83,0.18,3,425,1322,4409.11,0.13,2956,0
SHP04956,Supplier_C,Displays,3518,1474,0.79,0.25,13,2378,3057,6058.23,0.68,1438,1
SHP04957,Supplier_D,Sensors,3697,1778,0.73,0.09,13,2810,4060,5091.89,0.49,1969,0
SHP04958,Supplier_A,Batteries,1427,1054,0.82,0.26,27,1993,4700,13077.59,0.82,1312,0
SHP04959,Supplier_A,Microchips,714,526,0.92,0.2,8,1007,6635,10771.21,0.14,2452,0
SHP04960,Supplier_D,Microchips,344,1195,0.81,0.05,2,860,4384,14565.33,0.3,975,0
SHP04961,Supplier_D,Sensors,856,1150,0.89,0.2,19,876,9997,4788.9,0.95,2503,1
SHP04962,Supplier_A,Processors,923,1385,0.92,0.04,4,1895,5225,678.4,0.55,2920,0
SHP04963,Supplier_B,Displays,2927,1185,0.79,0.02,21,2583,4456,13769.94,0.93,878,0
SHP04964,Supplier_B,Microchips,3907,910,0.93,0.31,6,1583,4664,2739.65,0.69,2187,1
SHP04965,Supplier_D,Microchips,2879,858,0.8,0.18,21,384,4096,5302.95,0.93,575,1
SHP04966,Supplier_B,Sensors,1946,1755,0.77,0.2,16,2839,8428,6460.88,0.32,1237,1
SHP04967,Supplier_A,Processors,1340,567,0.76,0.11,11,459,8565,15062.64,0.09,778,0
SHP04968,Supplier_C,Processors,4711,1270,0.76,0.2,20,103,5659,12704.89,0.8,937,1
SHP04969,Supplier_C,Sensors,573,1171,0.91,0.08,2,750,1148,4093.18,0.8,631,1
SHP04970,Supplier_B,Microchips,4231,508,0.96,0.27,8,1807,6730,12158.81,0.62,329,0
SHP04971,Supplier_D,Displays,3349,1914,0.77,0.29,29,1148,8163,14308.89,0.58,2928,1
SHP04972,Supplier_D,Microchips,1892,279,0.72,0.3,27,2446,7262,8083.5,0.91,2223,1
SHP04973,Supplier_D,Processors,1834,1241,0.79,0.06,23,1024,6553,5296.08,0.18,2412,0
SHP04974,Supplier_D,Microchips,4042,1882,0.89,0.2,19,442,1614,13740.16,0.62,2462,0
SHP04975,Supplier_D,Displays,1044,1850,0.81,0.29,3,603,9431,12412.38,0.05,2775,0
SHP04976,Supplier_B,Batteries,1611,57,0.86,0.06,20,2944,1912,2019.29,0.14,1091,0
SHP04977,Supplier_C,Microchips,4181,1245,0.92,0.05,25,2178,4013,13500.25,0.44,1646,1
SHP04978,Supplier_C,Sensors,4626,1433,0.82,0.29,25,875,6409,10026.1,0.82,1492,1
SHP04979,Supplier_B,Batteries,958,244,0.99,0.28,11,793,1158,15190.69,0.73,2124,0
SHP04980,Supplier_D,Sensors,3660,1342,0.79,0.17,16,1520,1547,4218.99,0.97,181,1
SHP04981,Supplier_B,Sensors,329,1092,0.98,0.06,11,2274,6132,5535.22,0.04,1760,0
SHP04982,Supplier_C,Sensors,2517,403,0.76,0.19,27,2608,3900,11094.6,0.38,329,1
SHP04983,Supplier_A,Microchips,277,1937,0.73,0.15,29,188,8674,9893.8,0.16,2793,1
SHP04984,Supplier_B,Processors,4028,1122,0.92,0.19,11,2570,3265,8034.12,0.04,1721,0
SHP04985,Supplier_D,Batteries,2715,513,0.9,0.17,28,1895,9946,15047.65,0.26,2445,1
SHP04986,Supplier_C,Displays,1713,405,0.94,0.21,13,591,1734,11512.66,0.24,1678,0
SHP04987,Supplier_C,Processors,2940,899,0.8,0.26,9,2291,4791,14350.3,0.42,2033,1
SHP04988,Supplier_C,Microchips,3047,1023,0.97,0.28,24,1906,5317,3488.47,0.14,380,1
SHP04989,Supplier_C,Sensors,1874,1231,0.73,0.23,15,2583,2924,14715.27,0.49,2615,1
SHP04990,Supplier_D,Displays,3971,115,0.71,0.09,3,1387,1523,9499.8,0.92,629,0
SHP04991,Supplier_A,Batteries,181,908,0.79,0.15,18,1770,6924,1158.47,0.75,2555,0
SHP04992,Supplier_C,Processors,945,620,0.93,0.04,7,2902,9809,5072.59,0.84,1826,0
SHP04993,Supplier_B,Processors,2909,1894,0.9,0.17,28,2344,1860,1002.25,0.8,322,1
SHP04994,Supplier_A,Displays,1316,357,0.83,0.34,9,2727,7184,9409.05,0.39,1997,0
SHP04995,Supplier_C,Microchips,4813,1410,0.77,0.23,2,2535,8492,6854.66,0.71,868,0
SHP04996,Supplier_A,Batteries,3360,1744,0.72,0.07,4,122,6880,19755.27,0.75,2841,1
SHP04997,Supplier_B,Displays,3245,832,0.8,0.11,16,2851,8901,17435.83,0.21,645,0
SHP04998,Supplier_C,Sensors,2363,170,0.83,0.04,18,2928,2307,16600.58,0.86,1125,1
SHP04999,Supplier_B,Batteries,2437,815,0.9,0.08,27,2191,7346,10271.77,0.46,2055,0
SHP05000,Supplier_D,Processors,544,1477,0.89,0.18,26,484,3821,16238.21,0.02,250,0
